tag,form,forgetting,epw,effort,adaptation,outcome_weights,scenario,tier,mean,median,n,lo90,hi90,lo95,hi95
spec_bounded_weekly_break_0.25_epw3_drawn,bounded,weekly_break_0.25,3,drawn,authored,equal,free_choice,1,-0.03435682189194071,-0.034421986404490686,50,-0.049600541324877505,-0.014820900717567665,-0.05219122160355344,-0.013577394906908262
spec_bounded_weekly_break_0.25_epw3_drawn,bounded,weekly_break_0.25,3,drawn,authored,equal,scaffolding_nofade,1,0.016857043699869387,0.014889375902694993,50,0.007294634332607836,0.02926273286288721,0.00647053409468056,0.030694762895339824
spec_bounded_weekly_break_0.25_epw3_drawn,bounded,weekly_break_0.25,3,drawn,authored,equal,scaffolding_rapid,1,0.04623285677117159,0.046065441361129555,50,0.028856256412533275,0.06331444131050648,0.02780879605587156,0.0642198381136388
spec_bounded_weekly_break_0.25_epw3_drawn,bounded,weekly_break_0.25,3,drawn,authored,equal,substitution,1,-0.19282535629178899,-0.19913857133506152,50,-0.23250771173412638,-0.14028843330854093,-0.2387913727770125,-0.12482121623063545
spec_bounded_weekly_break_0.25_epw3_drawn,bounded,weekly_break_0.25,3,drawn,authored,learning_first,free_choice,2,-0.032507167128204624,-0.03210003972012732,50,-0.04742207806516994,-0.013513071133575149,-0.04987749494093714,-0.012714300848659689
spec_bounded_weekly_break_0.25_epw3_drawn,bounded,weekly_break_0.25,3,drawn,authored,learning_first,scaffolding_nofade,2,0.01819953861052671,0.01667211335453094,50,0.008408164168774653,0.03183643973880216,0.0076064446364163965,0.03232560396482833
spec_bounded_weekly_break_0.25_epw3_drawn,bounded,weekly_break_0.25,3,drawn,authored,learning_first,scaffolding_rapid,2,0.04180631809137113,0.04136354182894456,50,0.026431827082489416,0.058717722563821656,0.02400049765990828,0.06034750288605186
spec_bounded_weekly_break_0.25_epw3_drawn,bounded,weekly_break_0.25,3,drawn,authored,learning_first,substitution,2,-0.18870069074009865,-0.19503205904437626,50,-0.2312433784134567,-0.1403561237839886,-0.23469743403816778,-0.12212639537893663
spec_bounded_weekly_break_0.25_epw3_drawn,bounded,weekly_break_0.25,3,drawn,authored,autonomy_first,free_choice,2,-0.039268362294126724,-0.04037288915084961,50,-0.0549594320302697,-0.018049899244702444,-0.057116108923768553,-0.016310533397026927
spec_bounded_weekly_break_0.25_epw3_drawn,bounded,weekly_break_0.25,3,drawn,authored,autonomy_first,scaffolding_nofade,2,0.020037060586402616,0.017574085489462845,50,0.008458549436582183,0.03348878227401861,0.007436039384912676,0.03639415598866048
spec_bounded_weekly_break_0.25_epw3_drawn,bounded,weekly_break_0.25,3,drawn,authored,autonomy_first,scaffolding_rapid,2,0.06742270248261216,0.06747214490858458,50,0.044163612455751435,0.08721307130923836,0.04388670655413272,0.0881679437450748
spec_bounded_weekly_break_0.25_epw3_drawn,bounded,weekly_break_0.25,3,drawn,authored,autonomy_first,substitution,2,-0.22115126571622848,-0.2283896478617915,50,-0.26443880011854637,-0.16286322691095076,-0.2699725835627875,-0.14692236969404357
spec_bounded_weekly_break_0.25_epw3_drawn_adapt_halved,bounded,weekly_break_0.25,3,drawn,halved,equal,free_choice,2,-0.0381970289505677,-0.03849973863857478,50,-0.0545428622506666,-0.016027966442072886,-0.0583606320625246,-0.014940102964111222
spec_bounded_weekly_break_0.25_epw3_drawn_adapt_halved,bounded,weekly_break_0.25,3,drawn,halved,equal,scaffolding_nofade,2,0.008709831763025071,0.00761537990865547,50,0.003828537156554049,0.014797656754201756,0.0033365828413696465,0.015707122294140962
spec_bounded_weekly_break_0.25_epw3_drawn_adapt_halved,bounded,weekly_break_0.25,3,drawn,halved,equal,scaffolding_rapid,2,0.03932911146767245,0.0400688869830007,50,0.02632771679794946,0.05394053033248564,0.026035231447460366,0.05441661474044493
spec_bounded_weekly_break_0.25_epw3_drawn_adapt_halved,bounded,weekly_break_0.25,3,drawn,halved,equal,substitution,2,-0.19281428772686154,-0.19966550760124468,50,-0.23311473453224021,-0.1397893904167044,-0.2389710747385699,-0.12419401950539746
spec_bounded_weekly_break_0.25_epw3_drawn_adapt_halved,bounded,weekly_break_0.25,3,drawn,halved,learning_first,free_choice,2,-0.036640960623072,-0.03644986385765119,50,-0.0525183083945529,-0.014886034186153176,-0.05663836617186049,-0.01425260150873751
spec_bounded_weekly_break_0.25_epw3_drawn_adapt_halved,bounded,weekly_break_0.25,3,drawn,halved,learning_first,scaffolding_nofade,2,0.009404153673537599,0.008519440358575648,50,0.004405818739478577,0.01620052717170222,0.0039162937340665865,0.01688331703671329
spec_bounded_weekly_break_0.25_epw3_drawn_adapt_halved,bounded,weekly_break_0.25,3,drawn,halved,learning_first,scaffolding_rapid,2,0.034456051667029496,0.03426962796385938,50,0.023060935493537132,0.047815097097268805,0.021977009607165587,0.04937201234547863
spec_bounded_weekly_break_0.25_epw3_drawn_adapt_halved,bounded,weekly_break_0.25,3,drawn,halved,learning_first,substitution,2,-0.18855736319085079,-0.19452098974370363,50,-0.23170282038740497,-0.13989510636347455,-0.23465355147274222,-0.12156853663603874
spec_bounded_weekly_break_0.25_epw3_drawn_adapt_halved,bounded,weekly_break_0.25,3,drawn,halved,autonomy_first,free_choice,2,-0.04376593454961573,-0.04519283937803977,50,-0.060461804811064945,-0.01943156263453723,-0.06399720242106056,-0.01790704256411801
spec_bounded_weekly_break_0.25_epw3_drawn_adapt_halved,bounded,weekly_break_0.25,3,drawn,halved,autonomy_first,scaffolding_nofade,2,0.01034928378046472,0.00900763285894884,50,0.004430800803920188,0.016819647996015707,0.0038377178532033413,0.018462311244154338
spec_bounded_weekly_break_0.25_epw3_drawn_adapt_halved,bounded,weekly_break_0.25,3,drawn,halved,autonomy_first,scaffolding_rapid,2,0.05910220173899334,0.0598342154237503,50,0.04175719790264849,0.0773721758412191,0.04084049295922662,0.0788510538629829
spec_bounded_weekly_break_0.25_epw3_drawn_adapt_halved,bounded,weekly_break_0.25,3,drawn,halved,autonomy_first,substitution,2,-0.2213780734493747,-0.2291089726368058,50,-0.26522022779194454,-0.16232505475182998,-0.27075460293877207,-0.146182437568228
spec_bounded_weekly_break_0.25_epw3_drawn_adapt_none,bounded,weekly_break_0.25,3,drawn,none,equal,free_choice,3,-0.04191347530547754,-0.042408859381549716,50,-0.059051527967348236,-0.0172912271673911,-0.06451747255046407,-0.016256394181198185
spec_bounded_weekly_break_0.25_epw3_drawn_adapt_none,bounded,weekly_break_0.25,3,drawn,none,equal,scaffolding_nofade,3,0.0,0.0,50,0.0,0.0,0.0,0.0
spec_bounded_weekly_break_0.25_epw3_drawn_adapt_none,bounded,weekly_break_0.25,3,drawn,none,equal,scaffolding_rapid,3,0.032137646847528484,0.031086457240355685,50,0.023697434505457353,0.04484767977658734,0.02357148356453076,0.04613593389620297
spec_bounded_weekly_break_0.25_epw3_drawn_adapt_none,bounded,weekly_break_0.25,3,drawn,none,equal,substitution,3,-0.19235321756152973,-0.1995227592427728,50,-0.23262633095441326,-0.13936989559040136,-0.23854672383297298,-0.12367635078801766
spec_bounded_weekly_break_0.25_epw3_drawn_adapt_none,bounded,weekly_break_0.25,3,drawn,none,learning_first,free_choice,3,-0.040645137945563375,-0.04032621543720792,50,-0.05748111554900746,-0.016520693993171895,-0.06332475481153807,-0.015545065007128963
spec_bounded_weekly_break_0.25_epw3_drawn_adapt_none,bounded,weekly_break_0.25,3,drawn,none,learning_first,scaffolding_nofade,3,0.0,0.0,50,0.0,0.0,0.0,0.0
spec_bounded_weekly_break_0.25_epw3_drawn_adapt_none,bounded,weekly_break_0.25,3,drawn,none,learning_first,scaffolding_rapid,3,0.026791888605300927,0.025856105609240836,50,0.019824287702919656,0.0375194170633162,0.019308060245359308,0.040017275139569895
spec_bounded_weekly_break_0.25_epw3_drawn_adapt_none,bounded,weekly_break_0.25,3,drawn,none,learning_first,substitution,3,-0.18793972085363342,-0.19403986719599023,50,-0.23095838701920998,-0.13950012600610887,-0.2339465240766008,-0.12105047795279768
spec_bounded_weekly_break_0.25_epw3_drawn_adapt_none,bounded,weekly_break_0.25,3,drawn,none,autonomy_first,free_choice,3,-0.048117088922318904,-0.04915616632094724,50,-0.06563715112854973,-0.020899814166652833,-0.06969189083658754,-0.01941765180121655
spec_bounded_weekly_break_0.25_epw3_drawn_adapt_none,bounded,weekly_break_0.25,3,drawn,none,autonomy_first,scaffolding_nofade,3,0.0,0.0,50,0.0,0.0,0.0,0.0
spec_bounded_weekly_break_0.25_epw3_drawn_adapt_none,bounded,weekly_break_0.25,3,drawn,none,autonomy_first,scaffolding_rapid,3,0.05045992464473001,0.04865249141006865,50,0.03783251490133176,0.06710125036540161,0.037554300304812806,0.07087588105048137
spec_bounded_weekly_break_0.25_epw3_drawn_adapt_none,bounded,weekly_break_0.25,3,drawn,none,autonomy_first,substitution,3,-0.22106346476756855,-0.2286540015500928,50,-0.2650089395534872,-0.16186575286884136,-0.2706319560263562,-0.14561197453741326
spec_bounded_weekly_break_0.25_epw3_fixed_low,bounded,weekly_break_0.25,3,fixed_low,authored,equal,free_choice,2,-0.032475760828480145,-0.03245938899183389,50,-0.04759827666192077,-0.016468858151326076,-0.052800209062391606,-0.015346207768078579
spec_bounded_weekly_break_0.25_epw3_fixed_low,bounded,weekly_break_0.25,3,fixed_low,authored,equal,scaffolding_nofade,2,0.01812818406883949,0.018092986676140118,50,0.008670696400967898,0.030801566027865813,0.006575677422806494,0.033374997172029214
spec_bounded_weekly_break_0.25_epw3_fixed_low,bounded,weekly_break_0.25,3,fixed_low,authored,equal,scaffolding_rapid,2,0.04738103086613995,0.04886351843201545,50,0.0299336884491603,0.060803012255328553,0.025352538578380487,0.061545352310443835
spec_bounded_weekly_break_0.25_epw3_fixed_low,bounded,weekly_break_0.25,3,fixed_low,authored,equal,substitution,2,-0.17778251257336733,-0.18136735126030187,50,-0.20408117441368212,-0.14687277415782532,-0.20760511369816392,-0.1332060663016677
spec_bounded_weekly_break_0.25_epw3_fixed_low,bounded,weekly_break_0.25,3,fixed_low,authored,learning_first,free_choice,2,-0.03029165990552939,-0.030603422061232725,50,-0.04503434752891233,-0.015440448967455644,-0.051295590002253824,-0.014104564217196306
spec_bounded_weekly_break_0.25_epw3_fixed_low,bounded,weekly_break_0.25,3,fixed_low,authored,learning_first,scaffolding_nofade,2,0.019431714138281184,0.019326576976705513,50,0.010021786324236516,0.03201184391495662,0.007658856700933308,0.03499505246463319
spec_bounded_weekly_break_0.25_epw3_fixed_low,bounded,weekly_break_0.25,3,fixed_low,authored,learning_first,scaffolding_rapid,2,0.04333215207933132,0.04451791014974214,50,0.028072632313005216,0.05622238117288188,0.023412126470488515,0.057079429038921006
spec_bounded_weekly_break_0.25_epw3_fixed_low,bounded,weekly_break_0.25,3,fixed_low,authored,learning_first,substitution,2,-0.171794236636839,-0.17549741227678337,50,-0.19893537035791126,-0.14247344371474543,-0.20316564416139718,-0.12688785152712326
spec_bounded_weekly_break_0.25_epw3_fixed_low,bounded,weekly_break_0.25,3,fixed_low,authored,autonomy_first,free_choice,2,-0.036670686168766585,-0.03716028479993466,50,-0.05080309616553927,-0.019409859097012473,-0.052090989436838674,-0.018337316264086457
spec_bounded_weekly_break_0.25_epw3_fixed_low,bounded,weekly_break_0.25,3,fixed_low,authored,autonomy_first,scaffolding_nofade,2,0.021522116519085466,0.02192797657663237,50,0.010084314541483992,0.036585407054657376,0.007663189334697978,0.03893400249368162
spec_bounded_weekly_break_0.25_epw3_fixed_low,bounded,weekly_break_0.25,3,fixed_low,authored,autonomy_first,scaffolding_rapid,2,0.06838790369504824,0.07102660045422882,50,0.04610772353099947,0.08427726295716727,0.04120969949329809,0.08569135160773844
spec_bounded_weekly_break_0.25_epw3_fixed_low,bounded,weekly_break_0.25,3,fixed_low,authored,autonomy_first,substitution,2,-0.20299726012694289,-0.20548709842524027,50,-0.22878475911698862,-0.17025569450734715,-0.2311653683000104,-0.1555342854533735
spec_bounded_weekly_break_0.25_epw3_fixed_low_adapt_halved,bounded,weekly_break_0.25,3,fixed_low,halved,equal,free_choice,2,-0.03621678111463278,-0.036433283583328535,50,-0.05400900753702034,-0.01814823259753572,-0.05963522779180837,-0.016718487477081382
spec_bounded_weekly_break_0.25_epw3_fixed_low_adapt_halved,bounded,weekly_break_0.25,3,fixed_low,halved,equal,scaffolding_nofade,2,0.009391332992776648,0.009387507903938346,50,0.004446632233340185,0.015583062991061448,0.003392332438266394,0.017267165650833766
spec_bounded_weekly_break_0.25_epw3_fixed_low_adapt_halved,bounded,weekly_break_0.25,3,fixed_low,halved,equal,scaffolding_rapid,2,0.03982979458135675,0.04079378111548091,50,0.02620788338795587,0.050120569771226454,0.023274859971021352,0.0503668309507713
spec_bounded_weekly_break_0.25_epw3_fixed_low_adapt_halved,bounded,weekly_break_0.25,3,fixed_low,halved,equal,substitution,2,-0.17702641467965663,-0.18126394171575178,50,-0.2039383172737356,-0.14597425078073034,-0.206362838997317,-0.1323069212807102
spec_bounded_weekly_break_0.25_epw3_fixed_low_adapt_halved,bounded,weekly_break_0.25,3,fixed_low,halved,learning_first,free_choice,2,-0.034295413515709514,-0.034791330058775743,50,-0.051909271512370264,-0.01733074315669558,-0.05871169044777186,-0.015635170735505837
spec_bounded_weekly_break_0.25_epw3_fixed_low_adapt_halved,bounded,weekly_break_0.25,3,fixed_low,halved,learning_first,scaffolding_nofade,2,0.010058373636007723,0.009990568035562128,50,0.005152031969420981,0.01623721562812574,0.003919005132600958,0.01814256328276705
spec_bounded_weekly_break_0.25_epw3_fixed_low_adapt_halved,bounded,weekly_break_0.25,3,fixed_low,halved,learning_first,scaffolding_rapid,2,0.03534811561410797,0.0366723081122226,50,0.023977287213135218,0.044763826297830496,0.021053744732653916,0.04509031713245203
spec_bounded_weekly_break_0.25_epw3_fixed_low_adapt_halved,bounded,weekly_break_0.25,3,fixed_low,halved,learning_first,substitution,2,-0.17083328188986588,-0.17490668683723282,50,-0.19828925630750605,-0.14135594654852818,-0.20138863199287235,-0.12599122702329882
spec_bounded_weekly_break_0.25_epw3_fixed_low_adapt_halved,bounded,weekly_break_0.25,3,fixed_low,halved,autonomy_first,free_choice,2,-0.041056946215927564,-0.04148673608214627,50,-0.05801823450743356,-0.021370796257215795,-0.059457873168132246,-0.01995930243819085
spec_bounded_weekly_break_0.25_epw3_fixed_low_adapt_halved,bounded,weekly_break_0.25,3,fixed_low,halved,autonomy_first,scaffolding_nofade,2,0.011142132764096124,0.011346033807589808,50,0.005195214018939326,0.018493352868306372,0.0039823037962067424,0.019867766543643004
spec_bounded_weekly_break_0.25_epw3_fixed_low_adapt_halved,bounded,weekly_break_0.25,3,fixed_low,halved,autonomy_first,scaffolding_rapid,2,0.05930083283162722,0.059284433913355444,50,0.04163362904609363,0.07313960900888067,0.03873273859039732,0.07412296470790623
spec_bounded_weekly_break_0.25_epw3_fixed_low_adapt_halved,bounded,weekly_break_0.25,3,fixed_low,halved,autonomy_first,substitution,2,-0.20238644701612185,-0.20444714110745904,50,-0.2280688407153408,-0.16929651582149347,-0.231297173700712,-0.15455610054546218
spec_bounded_weekly_break_0.25_epw3_fixed_low_adapt_none,bounded,weekly_break_0.25,3,fixed_low,none,equal,free_choice,3,-0.0398928877363614,-0.04009830520815458,50,-0.06014642858597207,-0.019717268746962807,-0.06578966996063554,-0.01792950999752078
spec_bounded_weekly_break_0.25_epw3_fixed_low_adapt_none,bounded,weekly_break_0.25,3,fixed_low,none,equal,scaffolding_nofade,3,0.0,0.0,50,0.0,0.0,0.0,0.0
spec_bounded_weekly_break_0.25_epw3_fixed_low_adapt_none,bounded,weekly_break_0.25,3,fixed_low,none,equal,scaffolding_rapid,3,0.03192760918399491,0.03176930796049754,50,0.02220352360714368,0.041480300363441185,0.021151443590659076,0.04178070110812879
spec_bounded_weekly_break_0.25_epw3_fixed_low_adapt_none,bounded,weekly_break_0.25,3,fixed_low,none,equal,substitution,3,-0.17592671303281257,-0.18070100949808,50,-0.2027662425040732,-0.14496413400860528,-0.20508822643289154,-0.1313266336362007
spec_bounded_weekly_break_0.25_epw3_fixed_low_adapt_none,bounded,weekly_break_0.25,3,fixed_low,none,learning_first,free_choice,3,-0.038207967299471915,-0.0385708854958856,50,-0.05846890542608266,-0.01910968286801675,-0.06545485017718602,-0.01700615330898145
spec_bounded_weekly_break_0.25_epw3_fixed_low_adapt_none,bounded,weekly_break_0.25,3,fixed_low,none,learning_first,scaffolding_nofade,3,0.0,0.0,50,0.0,0.0,0.0,0.0
spec_bounded_weekly_break_0.25_epw3_fixed_low_adapt_none,bounded,weekly_break_0.25,3,fixed_low,none,learning_first,scaffolding_rapid,3,0.02700750505099799,0.027107226960484038,50,0.018336351234361378,0.034600482044076064,0.018015265461525713,0.03492938986968419
spec_bounded_weekly_break_0.25_epw3_fixed_low_adapt_none,bounded,weekly_break_0.25,3,fixed_low,none,learning_first,substitution,3,-0.16950684842246377,-0.17376163632139646,50,-0.1972824842966436,-0.140045929405051,-0.19922957092524862,-0.12502423311857927
spec_bounded_weekly_break_0.25_epw3_fixed_low_adapt_none,bounded,weekly_break_0.25,3,fixed_low,none,autonomy_first,free_choice,3,-0.045373106807343466,-0.04620351859822264,50,-0.06515216129558513,-0.023212389906438768,-0.06631186171919047,-0.02139786436083046
spec_bounded_weekly_break_0.25_epw3_fixed_low_adapt_none,bounded,weekly_break_0.25,3,fixed_low,none,autonomy_first,scaffolding_nofade,3,0.0,0.0,50,0.0,0.0,0.0,0.0
spec_bounded_weekly_break_0.25_epw3_fixed_low_adapt_none,bounded,weekly_break_0.25,3,fixed_low,none,autonomy_first,scaffolding_rapid,3,0.04979067146289187,0.050288854379582,50,0.03657233356278583,0.06282263475765473,0.03622532162440846,0.06367390162253535
spec_bounded_weekly_break_0.25_epw3_fixed_low_adapt_none,bounded,weekly_break_0.25,3,fixed_low,none,autonomy_first,substitution,3,-0.2013588151986323,-0.20351665050710446,50,-0.22728249877330806,-0.16818148188856183,-0.2303502671752703,-0.1534395564303802
spec_bounded_weekly_break_0.25_epw3_fixed_high,bounded,weekly_break_0.25,3,fixed_high,authored,equal,free_choice,2,-0.028645251326388333,-0.027917598740598834,50,-0.048025409784753725,-0.012641462481088035,-0.058340488789374416,-0.010887554350975628
spec_bounded_weekly_break_0.25_epw3_fixed_high,bounded,weekly_break_0.25,3,fixed_high,authored,equal,scaffolding_nofade,2,0.01406583716002211,0.013168038554784172,50,0.005890218798616028,0.027287336967103195,0.004101676799285088,0.0291509383441897
spec_bounded_weekly_break_0.25_epw3_fixed_high,bounded,weekly_break_0.25,3,fixed_high,authored,equal,scaffolding_rapid,2,0.04110919950684222,0.041785711294874,50,0.023181224505854078,0.05953205235901151,0.019701598751263837,0.0606671697112248
spec_bounded_weekly_break_0.25_epw3_fixed_high,bounded,weekly_break_0.25,3,fixed_high,authored,equal,substitution,2,-0.18911979687402883,-0.19917223526359867,50,-0.23466990332685456,-0.13627399546134014,-0.24490117216977947,-0.11228512764132084
spec_bounded_weekly_break_0.25_epw3_fixed_high,bounded,weekly_break_0.25,3,fixed_high,authored,learning_first,free_choice,2,-0.027151759697563414,-0.025889709448522105,50,-0.04647290660465555,-0.012033990523365432,-0.057742901434781176,-0.010204258749373576
spec_bounded_weekly_break_0.25_epw3_fixed_high,bounded,weekly_break_0.25,3,fixed_high,authored,learning_first,scaffolding_nofade,2,0.01531676359418175,0.01422139953908133,50,0.0070605518978188895,0.02865174739386596,0.0050386744319756635,0.03084957703399143
spec_bounded_weekly_break_0.25_epw3_fixed_high,bounded,weekly_break_0.25,3,fixed_high,authored,learning_first,scaffolding_rapid,2,0.036933267524008155,0.036908808405932705,50,0.02127763386061737,0.05306542888775248,0.017941011407705373,0.05539229017408175
spec_bounded_weekly_break_0.25_epw3_fixed_high,bounded,weekly_break_0.25,3,fixed_high,authored,learning_first,substitution,2,-0.18604622952596223,-0.19586284441911578,50,-0.23425526867364904,-0.13541461147059305,-0.24578201840243427,-0.10877728565435202
spec_bounded_weekly_break_0.25_epw3_fixed_high,bounded,weekly_break_0.25,3,fixed_high,authored,autonomy_first,free_choice,2,-0.03301377026389471,-0.032856058232827876,50,-0.053183611906632365,-0.014935457996514901,-0.06110498129544947,-0.01298666262037185
spec_bounded_weekly_break_0.25_epw3_fixed_high,bounded,weekly_break_0.25,3,fixed_high,authored,autonomy_first,scaffolding_nofade,2,0.01662503693303568,0.015916028883101237,50,0.00675494517400056,0.03255497602653795,0.004635620137741537,0.0348962931768778
spec_bounded_weekly_break_0.25_epw3_fixed_high,bounded,weekly_break_0.25,3,fixed_high,authored,autonomy_first,scaffolding_rapid,2,0.06079678990437923,0.06119692892972696,50,0.0371121524963605,0.08411041656757942,0.03314298365331665,0.08871825210325225
spec_bounded_weekly_break_0.25_epw3_fixed_high,bounded,weekly_break_0.25,3,fixed_high,authored,autonomy_first,substitution,2,-0.2181266769457591,-0.22946231792937816,50,-0.2665387710588924,-0.15773158272250004,-0.27541743603124214,-0.13092586163903114
spec_bounded_weekly_break_0.25_epw3_fixed_high_adapt_halved,bounded,weekly_break_0.25,3,fixed_high,halved,equal,free_choice,2,-0.03193697473868629,-0.03099432823122718,50,-0.054568287251370355,-0.013840739266432226,-0.06544575446143058,-0.011747973460858607
spec_bounded_weekly_break_0.25_epw3_fixed_high_adapt_halved,bounded,weekly_break_0.25,3,fixed_high,halved,equal,scaffolding_nofade,2,0.00728208418104345,0.0067030399963961115,50,0.003063117059659095,0.013938947607765626,0.002098736665151023,0.015411648643860708
spec_bounded_weekly_break_0.25_epw3_fixed_high_adapt_halved,bounded,weekly_break_0.25,3,fixed_high,halved,equal,scaffolding_rapid,2,0.03555284476149614,0.03656745851779908,50,0.021085586217211377,0.05060034641519091,0.018381702708501542,0.05320614676737149
spec_bounded_weekly_break_0.25_epw3_fixed_high_adapt_halved,bounded,weekly_break_0.25,3,fixed_high,halved,equal,substitution,2,-0.18956376847195117,-0.19974319142546454,50,-0.2368525066283256,-0.1362713932603649,-0.24604112797063166,-0.11217266042950008
spec_bounded_weekly_break_0.25_epw3_fixed_high_adapt_halved,bounded,weekly_break_0.25,3,fixed_high,halved,learning_first,free_choice,2,-0.03071159410347334,-0.029445771557964597,50,-0.05350810865003714,-0.013375841134239204,-0.0641916153614628,-0.011196525856139422
spec_bounded_weekly_break_0.25_epw3_fixed_high_adapt_halved,bounded,weekly_break_0.25,3,fixed_high,halved,learning_first,scaffolding_nofade,2,0.007924316558903978,0.007280375512751628,50,0.0036823918174515194,0.014647337682423791,0.0025784894859950083,0.01627524275143712
spec_bounded_weekly_break_0.25_epw3_fixed_high_adapt_halved,bounded,weekly_break_0.25,3,fixed_high,halved,learning_first,scaffolding_rapid,2,0.03095217778750586,0.0315426302283979,50,0.018571514697696936,0.04451768197679658,0.016409175119678324,0.045446588614771084
spec_bounded_weekly_break_0.25_epw3_fixed_high_adapt_halved,bounded,weekly_break_0.25,3,fixed_high,halved,learning_first,substitution,2,-0.18644993752080607,-0.196006205426906,50,-0.23642767627413386,-0.13546516707494383,-0.24681252124502231,-0.1087430631733858
spec_bounded_weekly_break_0.25_epw3_fixed_high_adapt_halved,bounded,weekly_break_0.25,3,fixed_high,halved,autonomy_first,free_choice,2,-0.03685220989180061,-0.03666256089876263,50,-0.060687190844837036,-0.01637875568467442,-0.06952868155854795,-0.013987424917914418
spec_bounded_weekly_break_0.25_epw3_fixed_high_adapt_halved,bounded,weekly_break_0.25,3,fixed_high,halved,autonomy_first,scaffolding_nofade,2,0.00860599119240757,0.008006031143153215,50,0.0035062928679668753,0.01662152428820457,0.002392644242073984,0.01842744992537816
spec_bounded_weekly_break_0.25_epw3_fixed_high_adapt_halved,bounded,weekly_break_0.25,3,fixed_high,halved,autonomy_first,scaffolding_rapid,2,0.05415892702582568,0.055162063524983554,50,0.03462963889135297,0.07353957996359668,0.03158684841890122,0.07716888781611304
spec_bounded_weekly_break_0.25_epw3_fixed_high_adapt_halved,bounded,weekly_break_0.25,3,fixed_high,halved,autonomy_first,substitution,2,-0.21879660715110677,-0.23026081445432553,50,-0.268400336240746,-0.1577655799354109,-0.2770310134588425,-0.1307933807152993
spec_bounded_weekly_break_0.25_epw3_fixed_high_adapt_none,bounded,weekly_break_0.25,3,fixed_high,none,equal,free_choice,3,-0.03514490858922746,-0.03451100707621217,50,-0.061177171058764294,-0.014973161410422682,-0.07053448763383824,-0.012474434760750113
spec_bounded_weekly_break_0.25_epw3_fixed_high_adapt_none,bounded,weekly_break_0.25,3,fixed_high,none,equal,scaffolding_nofade,3,0.0,0.0,50,0.0,0.0,0.0,0.0
spec_bounded_weekly_break_0.25_epw3_fixed_high_adapt_none,bounded,weekly_break_0.25,3,fixed_high,none,equal,scaffolding_rapid,3,0.029720906211573705,0.029724748391978875,50,0.01877178558233814,0.03968085416980814,0.017051782872696583,0.04269603642927522
spec_bounded_weekly_break_0.25_epw3_fixed_high_adapt_none,bounded,weekly_break_0.25,3,fixed_high,none,equal,substitution,3,-0.18963375777691735,-0.19971007325810816,50,-0.23846816649942867,-0.1360856531215829,-0.24677022955249536,-0.11195099206341791
spec_bounded_weekly_break_0.25_epw3_fixed_high_adapt_none,bounded,weekly_break_0.25,3,fixed_high,none,learning_first,free_choice,3,-0.034179320597053545,-0.033123554369920365,50,-0.06056350035893657,-0.014671625309477777,-0.06977502844945921,-0.012054952675249886
spec_bounded_weekly_break_0.25_epw3_fixed_high_adapt_none,bounded,weekly_break_0.25,3,fixed_high,none,learning_first,scaffolding_nofade,3,0.0,0.0,50,0.0,0.0,0.0,0.0
spec_bounded_weekly_break_0.25_epw3_fixed_high_adapt_none,bounded,weekly_break_0.25,3,fixed_high,none,learning_first,scaffolding_rapid,3,0.024706163934432545,0.025066412389789437,50,0.015228908537980236,0.0338189202681687,0.014702832864623792,0.03513926390928699
spec_bounded_weekly_break_0.25_epw3_fixed_high_adapt_none,bounded,weekly_break_0.25,3,fixed_high,none,learning_first,substitution,3,-0.18644491863317955,-0.1956565322891054,50,-0.2378258663227169,-0.1353113963192404,-0.24727359588839548,-0.10856765094366305
spec_bounded_weekly_break_0.25_epw3_fixed_high_adapt_none,bounded,weekly_break_0.25,3,fixed_high,none,autonomy_first,free_choice,3,-0.04059509712724697,-0.04078928952530052,50,-0.06839749115500156,-0.017713592772449528,-0.07677030026563404,-0.014826581734448126
spec_bounded_weekly_break_0.25_epw3_fixed_high_adapt_none,bounded,weekly_break_0.25,3,fixed_high,none,autonomy_first,scaffolding_nofade,3,0.0,0.0,50,0.0,0.0,0.0,0.0
spec_bounded_weekly_break_0.25_epw3_fixed_high_adapt_none,bounded,weekly_break_0.25,3,fixed_high,none,autonomy_first,scaffolding_rapid,3,0.04717109516011598,0.046187351975468534,50,0.03209725279143144,0.06094670679522417,0.030055928710993243,0.06467592068737071
spec_bounded_weekly_break_0.25_epw3_fixed_high_adapt_none,bounded,weekly_break_0.25,3,fixed_high,none,autonomy_first,substitution,3,-0.21902655737254023,-0.2303185767281765,50,-0.2696975253112531,-0.15758993832169785,-0.27825493552005687,-0.13053827699530313
spec_bounded_weekly_break_0.25_epw1_drawn,bounded,weekly_break_0.25,1,drawn,authored,equal,free_choice,2,-0.040996158636010686,-0.04098964191350521,50,-0.0506609492661156,-0.030080307972370376,-0.054575881516223085,-0.02913269797288061
spec_bounded_weekly_break_0.25_epw1_drawn,bounded,weekly_break_0.25,1,drawn,authored,equal,scaffolding_nofade,2,0.02214677163193013,0.021499301470220722,50,0.016236950068765518,0.02883650759768064,0.015852633874255753,0.02942041396997748
spec_bounded_weekly_break_0.25_epw1_drawn,bounded,weekly_break_0.25,1,drawn,authored,equal,scaffolding_rapid,2,0.03656430118434917,0.03644022811191297,50,0.03066238574438585,0.0440034595971997,0.02923628284610297,0.044283154219149495
spec_bounded_weekly_break_0.25_epw1_drawn,bounded,weekly_break_0.25,1,drawn,authored,equal,substitution,2,-0.15304528662841624,-0.1545575520086621,50,-0.17954191602583472,-0.1234195251058345,-0.1825973119033498,-0.11509564105565158
spec_bounded_weekly_break_0.25_epw1_drawn,bounded,weekly_break_0.25,1,drawn,authored,learning_first,free_choice,2,-0.03965598051125937,-0.039758607341917634,50,-0.04942307621744677,-0.02838884096896414,-0.05314534255521123,-0.027452780902069457
spec_bounded_weekly_break_0.25_epw1_drawn,bounded,weekly_break_0.25,1,drawn,authored,learning_first,scaffolding_nofade,2,0.023888630919666632,0.023425693356251272,50,0.017161119725737837,0.03216538942763738,0.016994610079702092,0.03335813992949333
spec_bounded_weekly_break_0.25_epw1_drawn,bounded,weekly_break_0.25,1,drawn,authored,learning_first,scaffolding_rapid,2,0.03341133190279423,0.03369083400896475,50,0.02632986746046252,0.04156321693052687,0.025555328012562935,0.042396241690572864
spec_bounded_weekly_break_0.25_epw1_drawn,bounded,weekly_break_0.25,1,drawn,authored,learning_first,substitution,2,-0.15148508857632184,-0.15327889565773323,50,-0.1793918952917242,-0.12296953671714296,-0.184180293117439,-0.11484877346110409
spec_bounded_weekly_break_0.25_epw1_drawn,bounded,weekly_break_0.25,1,drawn,authored,autonomy_first,free_choice,2,-0.044189376774828315,-0.044951210979643,50,-0.05610873691884526,-0.03334048098549009,-0.058887736390600826,-0.03309787038403269
spec_bounded_weekly_break_0.25_epw1_drawn,bounded,weekly_break_0.25,1,drawn,authored,autonomy_first,scaffolding_nofade,2,0.026015660511013058,0.025110381105491977,50,0.019969402052532666,0.03271939908513221,0.01907001998989353,0.033123762690130766
spec_bounded_weekly_break_0.25_epw1_drawn,bounded,weekly_break_0.25,1,drawn,authored,autonomy_first,scaffolding_rapid,2,0.05084396896612903,0.050773645849677786,50,0.04256007828467405,0.05877950685899259,0.040577253040011876,0.060123508109705404
spec_bounded_weekly_break_0.25_epw1_drawn,bounded,weekly_break_0.25,1,drawn,authored,autonomy_first,substitution,2,-0.16841692550641438,-0.17011526395017035,50,-0.196594389896825,-0.1340660359273798,-0.20123180011978792,-0.12340914530611048
spec_bounded_weekly_break_0.25_epw1_drawn_adapt_halved,bounded,weekly_break_0.25,1,drawn,halved,equal,free_choice,2,-0.04584605290531965,-0.0463592775636929,50,-0.05536811822940577,-0.03419122191533348,-0.059419435655949204,-0.033058619017113725
spec_bounded_weekly_break_0.25_epw1_drawn_adapt_halved,bounded,weekly_break_0.25,1,drawn,halved,equal,scaffolding_nofade,2,0.011334043262334614,0.010952693175356992,50,0.00847263490290274,0.014513428963538832,0.008198279864493459,0.01469726739794676
spec_bounded_weekly_break_0.25_epw1_drawn_adapt_halved,bounded,weekly_break_0.25,1,drawn,halved,equal,scaffolding_rapid,2,0.026481187283021273,0.025897909811437136,50,0.02220445306135775,0.03234242062460088,0.02135109064594997,0.03316637272309648
spec_bounded_weekly_break_0.25_epw1_drawn_adapt_halved,bounded,weekly_break_0.25,1,drawn,halved,equal,substitution,2,-0.1542510236206222,-0.15593574968576268,50,-0.1810444121569722,-0.12511229398757057,-0.1836815900978553,-0.11637542896002777
spec_bounded_weekly_break_0.25_epw1_drawn_adapt_halved,bounded,weekly_break_0.25,1,drawn,halved,learning_first,free_choice,2,-0.04494344119254351,-0.045097720972357036,50,-0.05468494881590531,-0.03266793038030674,-0.05848184416698849,-0.03151675451324053
spec_bounded_weekly_break_0.25_epw1_drawn_adapt_halved,bounded,weekly_break_0.25,1,drawn,halved,learning_first,scaffolding_nofade,2,0.01222348872285918,0.012065450385483454,50,0.008877102042173839,0.016294942256176,0.00876245622865501,0.016558208926704492
spec_bounded_weekly_break_0.25_epw1_drawn_adapt_halved,bounded,weekly_break_0.25,1,drawn,halved,learning_first,scaffolding_rapid,2,0.02267700225485553,0.022373098806216817,50,0.018232166893950377,0.028429822432898173,0.01763991563363959,0.028631960975099114
spec_bounded_weekly_break_0.25_epw1_drawn_adapt_halved,bounded,weekly_break_0.25,1,drawn,halved,learning_first,substitution,2,-0.15260748060907334,-0.1544821733735346,50,-0.17986862160170522,-0.12465913357551546,-0.18571811290392273,-0.11606405939138005
spec_bounded_weekly_break_0.25_epw1_drawn_adapt_halved,bounded,weekly_break_0.25,1,drawn,halved,autonomy_first,free_choice,2,-0.04978369532865259,-0.050921679301388315,50,-0.06161986477303945,-0.03857020492990245,-0.06410855624515659,-0.03775291388252653
spec_bounded_weekly_break_0.25_epw1_drawn_adapt_halved,bounded,weekly_break_0.25,1,drawn,halved,autonomy_first,scaffolding_nofade,2,0.013325969725293147,0.012940195757731357,50,0.01034027973311271,0.01632925426448142,0.009836743955659687,0.016794482776569343
spec_bounded_weekly_break_0.25_epw1_drawn_adapt_halved,bounded,weekly_break_0.25,1,drawn,halved,autonomy_first,scaffolding_rapid,2,0.038843799866555166,0.03898912222970281,50,0.03088992971186668,0.04721636036311732,0.030013151492468023,0.04804123519585947
spec_bounded_weekly_break_0.25_epw1_drawn_adapt_halved,bounded,weekly_break_0.25,1,drawn,halved,autonomy_first,substitution,2,-0.1700277233257677,-0.1719598246786619,50,-0.1977370486420315,-0.13596160511743513,-0.20295687404149482,-0.12498012398720007
spec_bounded_weekly_break_0.25_epw1_drawn_adapt_none,bounded,weekly_break_0.25,1,drawn,none,equal,free_choice,3,-0.05053203603538617,-0.0506023421720366,50,-0.06002273006269156,-0.03810115081628188,-0.0640242860589334,-0.036913661084829685
spec_bounded_weekly_break_0.25_epw1_drawn_adapt_none,bounded,weekly_break_0.25,1,drawn,none,equal,scaffolding_nofade,3,0.0,0.0,50,0.0,0.0,0.0,0.0
spec_bounded_weekly_break_0.25_epw1_drawn_adapt_none,bounded,weekly_break_0.25,1,drawn,none,equal,scaffolding_rapid,3,0.015978054690446625,0.01569142088133894,50,0.010200828637543274,0.02217380485886245,0.010118665724137367,0.023894709233177082
spec_bounded_weekly_break_0.25_epw1_drawn_adapt_none,bounded,weekly_break_0.25,1,drawn,none,equal,substitution,3,-0.15492591931395552,-0.15700037299337816,50,-0.1819155838960043,-0.12585808133963738,-0.1840941234505393,-0.11747075643891586
spec_bounded_weekly_break_0.25_epw1_drawn_adapt_none,bounded,weekly_break_0.25,1,drawn,none,learning_first,free_choice,3,-0.05003644090684227,-0.05067695218934348,50,-0.06127525257011745,-0.03650825065206981,-0.06400244655800083,-0.03558005140410749
spec_bounded_weekly_break_0.25_epw1_drawn_adapt_none,bounded,weekly_break_0.25,1,drawn,none,learning_first,scaffolding_nofade,3,0.0,0.0,50,0.0,0.0,0.0,0.0
spec_bounded_weekly_break_0.25_epw1_drawn_adapt_none,bounded,weekly_break_0.25,1,drawn,none,learning_first,scaffolding_rapid,3,0.011493621800805187,0.011391776276049072,50,0.007385446015260747,0.01657108845682071,0.00699908120822789,0.01713380803181664
spec_bounded_weekly_break_0.25_epw1_drawn_adapt_none,bounded,weekly_break_0.25,1,drawn,none,learning_first,substitution,3,-0.15314458666592007,-0.15526996077282498,50,-0.17981958134348683,-0.12566334251804714,-0.186459057973818,-0.11707127618060313
spec_bounded_weekly_break_0.25_epw1_drawn_adapt_none,bounded,weekly_break_0.25,1,drawn,none,autonomy_first,free_choice,3,-0.055197405701606445,-0.056175247005240854,50,-0.06686236104349412,-0.043103367657400665,-0.06947002737909051,-0.04226558568399561
spec_bounded_weekly_break_0.25_epw1_drawn_adapt_none,bounded,weekly_break_0.25,1,drawn,none,autonomy_first,scaffolding_nofade,3,0.0,0.0,50,0.0,0.0,0.0,0.0
spec_bounded_weekly_break_0.25_epw1_drawn_adapt_none,bounded,weekly_break_0.25,1,drawn,none,autonomy_first,scaffolding_rapid,3,0.026335467593524342,0.026773421601384302,50,0.017034352407722848,0.0357679344395434,0.016683538872461632,0.03743132075250734
spec_bounded_weekly_break_0.25_epw1_drawn_adapt_none,bounded,weekly_break_0.25,1,drawn,none,autonomy_first,substitution,3,-0.17103519651068136,-0.17314269630292672,50,-0.19853143139248,-0.13696015787500687,-0.20443319926956896,-0.12635672507098658
spec_bounded_weekly_break_0.25_epw1_fixed_low,bounded,weekly_break_0.25,1,fixed_low,authored,equal,free_choice,2,-0.0359090741644817,-0.03640207366010641,50,-0.04557015196550478,-0.028713531841078395,-0.04604962669595504,-0.028171204401673762
spec_bounded_weekly_break_0.25_epw1_fixed_low,bounded,weekly_break_0.25,1,fixed_low,authored,equal,scaffolding_nofade,2,0.02223709600313977,0.022039582464508305,50,0.015740973156303666,0.028519204972625247,0.014902764579001825,0.028917552012770208
spec_bounded_weekly_break_0.25_epw1_fixed_low,bounded,weekly_break_0.25,1,fixed_low,authored,equal,scaffolding_rapid,2,0.03510142575281987,0.03506699863798365,50,0.02824153205826151,0.041429957927438435,0.027521727378929953,0.04194392170273941
spec_bounded_weekly_break_0.25_epw1_fixed_low,bounded,weekly_break_0.25,1,fixed_low,authored,equal,substitution,2,-0.13515995337777217,-0.1367183393793315,50,-0.15809821089266313,-0.1077151759132522,-0.15952236178071746,-0.10186981218183011
spec_bounded_weekly_break_0.25_epw1_fixed_low,bounded,weekly_break_0.25,1,fixed_low,authored,learning_first,free_choice,2,-0.03392091019197456,-0.034612859102868015,50,-0.04389768655448642,-0.026204848649660935,-0.04498095899601451,-0.025150939135434595
spec_bounded_weekly_break_0.25_epw1_fixed_low,bounded,weekly_break_0.25,1,fixed_low,authored,learning_first,scaffolding_nofade,2,0.023903483814472916,0.023327585871822855,50,0.01639444470295897,0.031100527287834825,0.015567973210721987,0.031414541096732265
spec_bounded_weekly_break_0.25_epw1_fixed_low,bounded,weekly_break_0.25,1,fixed_low,authored,learning_first,scaffolding_rapid,2,0.032128628412876135,0.03207342410316241,50,0.024526055454779087,0.03908175640518433,0.022004833187642847,0.040930543212056414
spec_bounded_weekly_break_0.25_epw1_fixed_low,bounded,weekly_break_0.25,1,fixed_low,authored,learning_first,substitution,2,-0.13112850924572592,-0.1320047035281063,50,-0.15043493116012613,-0.10397645184090955,-0.1526400448174816,-0.09846846263988267
spec_bounded_weekly_break_0.25_epw1_fixed_low,bounded,weekly_break_0.25,1,fixed_low,authored,autonomy_first,free_choice,2,-0.03794163657351325,-0.037966772715570196,50,-0.04803352128522085,-0.028647939262462386,-0.04835280521037036,-0.027371332661979858
spec_bounded_weekly_break_0.25_epw1_fixed_low,bounded,weekly_break_0.25,1,fixed_low,authored,autonomy_first,scaffolding_nofade,2,0.02597338126804969,0.02578636028480901,50,0.019201351301025446,0.03270614313467819,0.018193099516967487,0.03300830903431881
spec_bounded_weekly_break_0.25_epw1_fixed_low,bounded,weekly_break_0.25,1,fixed_low,authored,autonomy_first,scaffolding_rapid,2,0.04853464233873525,0.047592089204294453,50,0.03980385172218744,0.055830763849068904,0.039281160110356726,0.05628312801106516
spec_bounded_weekly_break_0.25_epw1_fixed_low,bounded,weekly_break_0.25,1,fixed_low,authored,autonomy_first,substitution,2,-0.14717374142069226,-0.1495554502834558,50,-0.179113262273048,-0.10873774180059251,-0.18027458922215933,-0.10710652688601727
spec_bounded_weekly_break_0.25_epw1_fixed_low_adapt_halved,bounded,weekly_break_0.25,1,fixed_low,halved,equal,free_choice,2,-0.04040129380381391,-0.040911748696788916,50,-0.04972524976890494,-0.032426191481375655,-0.05047943099309046,-0.031450727100872246
spec_bounded_weekly_break_0.25_epw1_fixed_low_adapt_halved,bounded,weekly_break_0.25,1,fixed_low,halved,equal,scaffolding_nofade,2,0.011402474158361164,0.011307180196090663,50,0.008148827792664839,0.014614110162566148,0.007610705511288583,0.014955634953180417
spec_bounded_weekly_break_0.25_epw1_fixed_low_adapt_halved,bounded,weekly_break_0.25,1,fixed_low,halved,equal,scaffolding_rapid,2,0.024923912595096895,0.024494817458890324,50,0.020716113174898198,0.029440478512759605,0.0204311014062539,0.02978994215072343
spec_bounded_weekly_break_0.25_epw1_fixed_low_adapt_halved,bounded,weekly_break_0.25,1,fixed_low,halved,equal,substitution,2,-0.1355848555666056,-0.13739816334365484,50,-0.15821252358037274,-0.10860112933310168,-0.1595166482921544,-0.10315245604171065
spec_bounded_weekly_break_0.25_epw1_fixed_low_adapt_halved,bounded,weekly_break_0.25,1,fixed_low,halved,learning_first,free_choice,2,-0.0387800015450141,-0.03972667211987821,50,-0.048255924785927974,-0.03030321537027985,-0.049720135803794446,-0.029285548542310566
spec_bounded_weekly_break_0.25_epw1_fixed_low_adapt_halved,bounded,weekly_break_0.25,1,fixed_low,halved,learning_first,scaffolding_nofade,2,0.012272278014865213,0.01202978262988489,50,0.008452439559819194,0.01596410783078742,0.007993527528955999,0.01615580673393359
spec_bounded_weekly_break_0.25_epw1_fixed_low_adapt_halved,bounded,weekly_break_0.25,1,fixed_low,halved,learning_first,scaffolding_rapid,2,0.02133603293738487,0.021301111831375844,50,0.016856389391948615,0.0255254321640726,0.0153202559292775,0.02605624981801575
spec_bounded_weekly_break_0.25_epw1_fixed_low_adapt_halved,bounded,weekly_break_0.25,1,fixed_low,halved,learning_first,substitution,2,-0.13135959752218215,-0.13185674095008776,50,-0.15001117741992592,-0.10476926716831737,-0.15273224583617365,-0.09963533655684512
spec_bounded_weekly_break_0.25_epw1_fixed_low_adapt_halved,bounded,weekly_break_0.25,1,fixed_low,halved,autonomy_first,free_choice,2,-0.043123079947381876,-0.04336625073318618,50,-0.053311310099843745,-0.033607675135097215,-0.053493213212218435,-0.032251204799782184
spec_bounded_weekly_break_0.25_epw1_fixed_low_adapt_halved,bounded,weekly_break_0.25,1,fixed_low,halved,autonomy_first,scaffolding_nofade,2,0.01330035856475094,0.013468664686633205,50,0.00970306990974763,0.017041837495355445,0.00916069818392627,0.017214661913605146
spec_bounded_weekly_break_0.25_epw1_fixed_low_adapt_halved,bounded,weekly_break_0.25,1,fixed_low,halved,autonomy_first,scaffolding_rapid,2,0.03647288906840876,0.03680603390357518,50,0.0291947442099192,0.04419056554391188,0.026783557455945038,0.04442671694372546
spec_bounded_weekly_break_0.25_epw1_fixed_low_adapt_halved,bounded,weekly_break_0.25,1,fixed_low,halved,autonomy_first,substitution,2,-0.1479110432093196,-0.15059235057621229,50,-0.17892025748393353,-0.11011545533197879,-0.1800888161632646,-0.10822281363586746
spec_bounded_weekly_break_0.25_epw1_fixed_low_adapt_none,bounded,weekly_break_0.25,1,fixed_low,none,equal,free_choice,3,-0.044697358548060034,-0.04511776249849227,50,-0.05462714897556814,-0.036341516626711236,-0.055066595846493246,-0.03555086655235142
spec_bounded_weekly_break_0.25_epw1_fixed_low_adapt_none,bounded,weekly_break_0.25,1,fixed_low,none,equal,scaffolding_nofade,3,0.0,0.0,50,0.0,0.0,0.0,0.0
spec_bounded_weekly_break_0.25_epw1_fixed_low_adapt_none,bounded,weekly_break_0.25,1,fixed_low,none,equal,scaffolding_rapid,3,0.01431971415355631,0.014602020347635723,50,0.008863457520455377,0.0195043908066602,0.008011202268228865,0.019926567969557676
spec_bounded_weekly_break_0.25_epw1_fixed_low_adapt_none,bounded,weekly_break_0.25,1,fixed_low,none,equal,substitution,3,-0.13549272749356722,-0.1373051576299724,50,-0.1576901645576254,-0.10923263881143157,-0.15895326395911263,-0.10369877397603536
spec_bounded_weekly_break_0.25_epw1_fixed_low_adapt_none,bounded,weekly_break_0.25,1,fixed_low,none,learning_first,free_choice,3,-0.043411733253361284,-0.044329866900531624,50,-0.053270081895841925,-0.03472701015570041,-0.05445172770205923,-0.03316091757463815
spec_bounded_weekly_break_0.25_epw1_fixed_low_adapt_none,bounded,weekly_break_0.25,1,fixed_low,none,learning_first,scaffolding_nofade,3,0.0,0.0,50,0.0,0.0,0.0,0.0
spec_bounded_weekly_break_0.25_epw1_fixed_low_adapt_none,bounded,weekly_break_0.25,1,fixed_low,none,learning_first,scaffolding_rapid,3,0.010075099573748183,0.010231818483135424,50,0.006287320127750693,0.013693983203982041,0.005828205071893337,0.01406347469842089
spec_bounded_weekly_break_0.25_epw1_fixed_low_adapt_none,bounded,weekly_break_0.25,1,fixed_low,none,learning_first,substitution,3,-0.13103689381982395,-0.1315495806115348,50,-0.1492601320853333,-0.10525513549464251,-0.15218319157141916,-0.10009343117728273
spec_bounded_weekly_break_0.25_epw1_fixed_low_adapt_none,bounded,weekly_break_0.25,1,fixed_low,none,autonomy_first,free_choice,3,-0.04808094395252805,-0.04828097903206374,50,-0.05823904558716517,-0.038984042476150095,-0.05979012216395296,-0.0375360657113411
spec_bounded_weekly_break_0.25_epw1_fixed_low_adapt_none,bounded,weekly_break_0.25,1,fixed_low,none,autonomy_first,scaffolding_nofade,3,0.0,0.0,50,0.0,0.0,0.0,0.0
spec_bounded_weekly_break_0.25_epw1_fixed_low_adapt_none,bounded,weekly_break_0.25,1,fixed_low,none,autonomy_first,scaffolding_rapid,3,0.023919345444587667,0.02424364680906789,50,0.014183212042904507,0.032138462560951396,0.013434550851339159,0.033026255437207504
spec_bounded_weekly_break_0.25_epw1_fixed_low_adapt_none,bounded,weekly_break_0.25,1,fixed_low,none,autonomy_first,substitution,3,-0.14804501206288903,-0.15064999643029547,50,-0.1779930616697487,-0.11099085835430149,-0.17946908273520187,-0.10859911857841345
spec_bounded_weekly_break_0.25_epw1_fixed_high,bounded,weekly_break_0.25,1,fixed_high,authored,equal,free_choice,2,-0.04203638621121729,-0.04402974484887898,50,-0.05193451888099681,-0.030943671733635963,-0.05453341163752114,-0.030452890414861253
spec_bounded_weekly_break_0.25_epw1_fixed_high,bounded,weekly_break_0.25,1,fixed_high,authored,equal,scaffolding_nofade,2,0.022634558649901982,0.02228880736894296,50,0.015008454855736158,0.030466996749912763,0.013622484750687862,0.03220272819874928
spec_bounded_weekly_break_0.25_epw1_fixed_high,bounded,weekly_break_0.25,1,fixed_high,authored,equal,scaffolding_rapid,2,0.03860413412929415,0.03909876789171962,50,0.029268063348928553,0.046622597617851834,0.027320184511180578,0.04685753531364665
spec_bounded_weekly_break_0.25_epw1_fixed_high,bounded,weekly_break_0.25,1,fixed_high,authored,equal,substitution,2,-0.17405831506883412,-0.1752723933713364,50,-0.1967979991042412,-0.14606000640294203,-0.19820376094669487,-0.14367242218617973
spec_bounded_weekly_break_0.25_epw1_fixed_high,bounded,weekly_break_0.25,1,fixed_high,authored,learning_first,free_choice,2,-0.04102409985207242,-0.04310036937906357,50,-0.05109794829830657,-0.029036260016205215,-0.05429030498258023,-0.028773734121396534
spec_bounded_weekly_break_0.25_epw1_fixed_high,bounded,weekly_break_0.25,1,fixed_high,authored,learning_first,scaffolding_nofade,2,0.024248689469766226,0.02389008217862393,50,0.015912861202452132,0.03324284505321855,0.014099113703301093,0.034732655725435414
spec_bounded_weekly_break_0.25_epw1_fixed_high,bounded,weekly_break_0.25,1,fixed_high,authored,learning_first,scaffolding_rapid,2,0.03489580225492474,0.03555172587400843,50,0.024989172126766747,0.04380700542101782,0.021646553540312436,0.044617506510235064
spec_bounded_weekly_break_0.25_epw1_fixed_high,bounded,weekly_break_0.25,1,fixed_high,authored,learning_first,substitution,2,-0.1735440805851994,-0.1756674269740375,50,-0.19516767840477428,-0.1473137551592747,-0.19606418686931099,-0.1418717963099808
spec_bounded_weekly_break_0.25_epw1_fixed_high,bounded,weekly_break_0.25,1,fixed_high,authored,autonomy_first,free_choice,2,-0.046231141889505896,-0.04787453194577154,50,-0.055909719429184115,-0.03534302411093336,-0.0590732266323354,-0.0336411205771347
spec_bounded_weekly_break_0.25_epw1_fixed_high,bounded,weekly_break_0.25,1,fixed_high,authored,autonomy_first,scaffolding_nofade,2,0.02672139082440393,0.026571556620474716,50,0.018268251116324786,0.03562419270217454,0.016962972276708115,0.037165572030412465
spec_bounded_weekly_break_0.25_epw1_fixed_high,bounded,weekly_break_0.25,1,fixed_high,authored,autonomy_first,scaffolding_rapid,2,0.05414172612180256,0.054746085960737996,50,0.04479116425129446,0.06297145804015199,0.04371169966919174,0.06400753264170392
spec_bounded_weekly_break_0.25_epw1_fixed_high,bounded,weekly_break_0.25,1,fixed_high,authored,autonomy_first,substitution,2,-0.19463275779767783,-0.19803385687727898,50,-0.22136078552024557,-0.1575433638713999,-0.22368369076055306,-0.1487706443054689
spec_bounded_weekly_break_0.25_epw1_fixed_high_adapt_halved,bounded,weekly_break_0.25,1,fixed_high,halved,equal,free_choice,2,-0.04716109353691128,-0.04921947881419924,50,-0.05746326865457071,-0.03436355893461364,-0.05950055144281148,-0.033639566990772106
spec_bounded_weekly_break_0.25_epw1_fixed_high_adapt_halved,bounded,weekly_break_0.25,1,fixed_high,halved,equal,scaffolding_nofade,2,0.011647278150790606,0.011299770508550352,50,0.007611231456873481,0.01562083624462872,0.007022352801808971,0.016674364355735542
spec_bounded_weekly_break_0.25_epw1_fixed_high_adapt_halved,bounded,weekly_break_0.25,1,fixed_high,halved,equal,scaffolding_rapid,2,0.028491883708096886,0.02839678211605023,50,0.022265475494338348,0.0340796031300829,0.021725423243882085,0.035016252350441514
spec_bounded_weekly_break_0.25_epw1_fixed_high_adapt_halved,bounded,weekly_break_0.25,1,fixed_high,halved,equal,substitution,2,-0.1758273850639687,-0.17823958842891702,50,-0.19794469879113105,-0.14820869924486924,-0.19970971901409937,-0.14641841449935983
spec_bounded_weekly_break_0.25_epw1_fixed_high_adapt_halved,bounded,weekly_break_0.25,1,fixed_high,halved,learning_first,free_choice,2,-0.04659359471803687,-0.04828673698871912,50,-0.0566586956063582,-0.03264696148819451,-0.05980468407247548,-0.03220170284375893
spec_bounded_weekly_break_0.25_epw1_fixed_high_adapt_halved,bounded,weekly_break_0.25,1,fixed_high,halved,learning_first,scaffolding_nofade,2,0.012483959067039127,0.012156439222593702,50,0.008111804933279948,0.017008292162877404,0.0072764109084030556,0.018044082581093076
spec_bounded_weekly_break_0.25_epw1_fixed_high_adapt_halved,bounded,weekly_break_0.25,1,fixed_high,halved,learning_first,scaffolding_rapid,2,0.024215654790203902,0.02421540616674127,50,0.017840673418123103,0.029906379596183006,0.01600620747494863,0.030752818683731815
spec_bounded_weekly_break_0.25_epw1_fixed_high_adapt_halved,bounded,weekly_break_0.25,1,fixed_high,halved,learning_first,substitution,2,-0.1753010730693884,-0.1779975175503648,50,-0.19682108954178132,-0.14941912045691377,-0.1977456154690632,-0.14455537362080798
spec_bounded_weekly_break_0.25_epw1_fixed_high_adapt_halved,bounded,weekly_break_0.25,1,fixed_high,halved,autonomy_first,free_choice,2,-0.05215724446265342,-0.0550395861643864,50,-0.06324679755525003,-0.039665843243544316,-0.0650670994727434,-0.03941350271477834
spec_bounded_weekly_break_0.25_epw1_fixed_high_adapt_halved,bounded,weekly_break_0.25,1,fixed_high,halved,autonomy_first,scaffolding_nofade,2,0.013746492030105573,0.0134556339814534,50,0.00923713838790972,0.01819462555663855,0.008733803593926576,0.01927088090371531
spec_bounded_weekly_break_0.25_epw1_fixed_high_adapt_halved,bounded,weekly_break_0.25,1,fixed_high,halved,autonomy_first,scaffolding_rapid,2,0.04203565220329129,0.041971810484180555,50,0.03522080562946376,0.04964801621453275,0.03473412240313979,0.05148887854175383
spec_bounded_weekly_break_0.25_epw1_fixed_high_adapt_halved,bounded,weekly_break_0.25,1,fixed_high,halved,autonomy_first,substitution,2,-0.196868414391269,-0.200597666722573,50,-0.22347544828021837,-0.16078181333027355,-0.22507094613646017,-0.15098432038256648
spec_bounded_weekly_break_0.25_epw1_fixed_high_adapt_none,bounded,weekly_break_0.25,1,fixed_high,none,equal,free_choice,3,-0.05213209255282175,-0.05415539471706786,50,-0.06337839702189178,-0.03781923094491611,-0.06392998707820942,-0.03701525872338105
spec_bounded_weekly_break_0.25_epw1_fixed_high_adapt_none,bounded,weekly_break_0.25,1,fixed_high,none,equal,scaffolding_nofade,3,0.0,0.0,50,0.0,0.0,0.0,0.0
spec_bounded_weekly_break_0.25_epw1_fixed_high_adapt_none,bounded,weekly_break_0.25,1,fixed_high,none,equal,scaffolding_rapid,3,0.01790142430487344,0.0179157053319035,50,0.012220882545690521,0.023747900300020334,0.011171591088116552,0.02529656831777411
spec_bounded_weekly_break_0.25_epw1_fixed_high_adapt_none,bounded,weekly_break_0.25,1,fixed_high,none,equal,substitution,3,-0.17699837548381483,-0.17968437128871687,50,-0.1985736143664983,-0.15019812384568532,-0.20062986344907505,-0.1481554528367683
spec_bounded_weekly_break_0.25_epw1_fixed_high_adapt_none,bounded,weekly_break_0.25,1,fixed_high,none,learning_first,free_choice,3,-0.05197438050464877,-0.05369042550957341,50,-0.06286524559447133,-0.03635338413829074,-0.0652731258837228,-0.03579737354808955
spec_bounded_weekly_break_0.25_epw1_fixed_high_adapt_none,bounded,weekly_break_0.25,1,fixed_high,none,learning_first,scaffolding_nofade,3,0.0,0.0,50,0.0,0.0,0.0,0.0
spec_bounded_weekly_break_0.25_epw1_fixed_high_adapt_none,bounded,weekly_break_0.25,1,fixed_high,none,learning_first,scaffolding_rapid,3,0.013008150596552491,0.0131877469019776,50,0.009072970581745091,0.017329998253267264,0.00852785192478528,0.018458210250996986
spec_bounded_weekly_break_0.25_epw1_fixed_high_adapt_none,bounded,weekly_break_0.25,1,fixed_high,none,learning_first,substitution,3,-0.17640745029899732,-0.1784535506818284,50,-0.1979034295992306,-0.15033975304290084,-0.19882141908216455,-0.14696385579407914
spec_bounded_weekly_break_0.25_epw1_fixed_high_adapt_none,bounded,weekly_break_0.25,1,fixed_high,none,autonomy_first,free_choice,3,-0.05792052669213195,-0.06074913582833419,50,-0.07001024067156189,-0.043731912340033395,-0.07130000825692465,-0.04347258495525318
spec_bounded_weekly_break_0.25_epw1_fixed_high_adapt_none,bounded,weekly_break_0.25,1,fixed_high,none,autonomy_first,scaffolding_nofade,3,0.0,0.0,50,0.0,0.0,0.0,0.0
spec_bounded_weekly_break_0.25_epw1_fixed_high_adapt_none,bounded,weekly_break_0.25,1,fixed_high,none,autonomy_first,scaffolding_rapid,3,0.029382283182546574,0.029902085367466476,50,0.019888239452064152,0.038756340438069574,0.01855739561320508,0.040328177497539454
spec_bounded_weekly_break_0.25_epw1_fixed_high_adapt_none,bounded,weekly_break_0.25,1,fixed_high,none,autonomy_first,substitution,3,-0.19841038731586624,-0.20181458984238293,50,-0.22498146998584653,-0.16328945376786408,-0.22593322559252613,-0.15281891702479172
spec_bounded_weekly_break_0.25_epw5_drawn,bounded,weekly_break_0.25,5,drawn,authored,equal,free_choice,2,-0.021755305376378514,-0.0209677879603856,50,-0.03570248333750028,-0.006945955272816168,-0.037408963099549906,-0.006367189127017249
spec_bounded_weekly_break_0.25_epw5_drawn,bounded,weekly_break_0.25,5,drawn,authored,equal,scaffolding_nofade,2,0.009085490888195385,0.007983310097054351,50,0.002845395137524155,0.01906212992081766,0.00253656675861501,0.02020008249067566
spec_bounded_weekly_break_0.25_epw5_drawn,bounded,weekly_break_0.25,5,drawn,authored,equal,scaffolding_rapid,2,0.0372815568081933,0.035326483123036524,50,0.019713999115255593,0.05774129193802847,0.01796978868017293,0.05941159688408911
spec_bounded_weekly_break_0.25_epw5_drawn,bounded,weekly_break_0.25,5,drawn,authored,equal,substitution,2,-0.15444908058038145,-0.15715808396834216,50,-0.21593904948252313,-0.07999107545658668,-0.22077170002404026,-0.07370572829592771
spec_bounded_weekly_break_0.25_epw5_drawn,bounded,weekly_break_0.25,5,drawn,authored,learning_first,free_choice,2,-0.020310973378114903,-0.01881667571604178,50,-0.03305846940641486,-0.006302108497637333,-0.03490901638217296,-0.005892473761328396
spec_bounded_weekly_break_0.25_epw5_drawn,bounded,weekly_break_0.25,5,drawn,authored,learning_first,scaffolding_nofade,2,0.009699097731788205,0.008545773198137853,50,0.0034457301164447546,0.019698614838846024,0.0030676421546094097,0.02105987328995527
spec_bounded_weekly_break_0.25_epw5_drawn,bounded,weekly_break_0.25,5,drawn,authored,learning_first,scaffolding_rapid,2,0.03325663997439488,0.03106252462300069,50,0.018259328694272717,0.05398275020559896,0.015508024450963043,0.05543639157611445
spec_bounded_weekly_break_0.25_epw5_drawn,bounded,weekly_break_0.25,5,drawn,authored,learning_first,substitution,2,-0.14911402168739105,-0.15004023875839934,50,-0.21144466289546873,-0.07957921069226842,-0.21684560800868558,-0.07210774607950834
spec_bounded_weekly_break_0.25_epw5_drawn,bounded,weekly_break_0.25,5,drawn,authored,autonomy_first,free_choice,2,-0.02568504803506333,-0.02522455598980182,50,-0.041777136987754454,-0.008632318481510227,-0.043562134471822216,-0.007725129960595577
spec_bounded_weekly_break_0.25_epw5_drawn,bounded,weekly_break_0.25,5,drawn,authored,autonomy_first,scaffolding_nofade,2,0.01104522814142813,0.009845072260708227,50,0.0032475259573665136,0.023396532496806188,0.0028867693095346843,0.024653646771420658
spec_bounded_weekly_break_0.25_epw5_drawn,bounded,weekly_break_0.25,5,drawn,authored,autonomy_first,scaffolding_rapid,2,0.05599878749935772,0.053434698173734176,50,0.030616680615078544,0.08290346890345744,0.029416382445275543,0.08492838201129062
spec_bounded_weekly_break_0.25_epw5_drawn,bounded,weekly_break_0.25,5,drawn,authored,autonomy_first,substitution,2,-0.18128472923793762,-0.18521018979281662,50,-0.24814461266262255,-0.09503897012007353,-0.25523425063021593,-0.08639145434516386
spec_bounded_weekly_break_0.25_epw5_drawn_adapt_halved,bounded,weekly_break_0.25,5,drawn,halved,equal,free_choice,2,-0.023829795384541014,-0.022653166482931704,50,-0.038562714714195624,-0.007389079083147574,-0.04169177517723624,-0.006811876826877755
spec_bounded_weekly_break_0.25_epw5_drawn_adapt_halved,bounded,weekly_break_0.25,5,drawn,halved,equal,scaffolding_nofade,2,0.004717909469672646,0.004144111549120784,50,0.00145691127019128,0.00979623188645374,0.0012598518803922365,0.010491886611269586
spec_bounded_weekly_break_0.25_epw5_drawn_adapt_halved,bounded,weekly_break_0.25,5,drawn,halved,equal,scaffolding_rapid,2,0.033902872660468486,0.03248719301104331,50,0.01892087051831258,0.05280367427152565,0.017449265448457908,0.054744623685482455
spec_bounded_weekly_break_0.25_epw5_drawn_adapt_halved,bounded,weekly_break_0.25,5,drawn,halved,equal,substitution,2,-0.15382847879451997,-0.1567062709391634,50,-0.21456771505107514,-0.07971218706176068,-0.22003135672016647,-0.07327870784965834
spec_bounded_weekly_break_0.25_epw5_drawn_adapt_halved,bounded,weekly_break_0.25,5,drawn,halved,learning_first,free_choice,2,-0.022508619474296693,-0.020571056363555287,50,-0.03705569772603395,-0.00692201695631458,-0.039683418041759795,-0.006308685544171626
spec_bounded_weekly_break_0.25_epw5_drawn_adapt_halved,bounded,weekly_break_0.25,5,drawn,halved,learning_first,scaffolding_nofade,2,0.0050358851562005815,0.004414589389534594,50,0.0017702732873450993,0.010138114930052145,0.0015411915068008649,0.010912503550723053
spec_bounded_weekly_break_0.25_epw5_drawn_adapt_halved,bounded,weekly_break_0.25,5,drawn,halved,learning_first,scaffolding_rapid,2,0.029722353681513658,0.028125168113073685,50,0.016959483361999914,0.04686261352737413,0.014865082367559655,0.04903401627314516
spec_bounded_weekly_break_0.25_epw5_drawn_adapt_halved,bounded,weekly_break_0.25,5,drawn,halved,learning_first,substitution,2,-0.14836935031874823,-0.14945957561753892,50,-0.2106978240827196,-0.07929264662151567,-0.21570502554494916,-0.07176051036384445
spec_bounded_weekly_break_0.25_epw5_drawn_adapt_halved,bounded,weekly_break_0.25,5,drawn,halved,autonomy_first,free_choice,2,-0.028174389583039278,-0.02743392056290351,50,-0.045178667406374336,-0.009153820652001068,-0.048720759732353784,-0.008245660664685187
spec_bounded_weekly_break_0.25_epw5_drawn_adapt_halved,bounded,weekly_break_0.25,5,drawn,halved,autonomy_first,scaffolding_nofade,2,0.005731146506936656,0.005122014965090455,50,0.0016567860841670275,0.012031462167979038,0.0014205588116676532,0.012842916446700065
spec_bounded_weekly_break_0.25_epw5_drawn_adapt_halved,bounded,weekly_break_0.25,5,drawn,halved,autonomy_first,scaffolding_rapid,2,0.05182778781542506,0.050491038987499876,50,0.029699180068536665,0.07786188148784239,0.02881316211168314,0.08050227076428276
spec_bounded_weekly_break_0.25_epw5_drawn_adapt_halved,bounded,weekly_break_0.25,5,drawn,halved,autonomy_first,substitution,2,-0.18074897184775982,-0.18490448321486583,50,-0.24709921017614955,-0.09471133336668365,-0.2548102324312531,-0.08588249908972151
spec_bounded_weekly_break_0.25_epw5_drawn_adapt_none,bounded,weekly_break_0.25,5,drawn,none,equal,free_choice,3,-0.025922766447467695,-0.024072022364997857,50,-0.043009510415013205,-0.007882018407436247,-0.046181152015169175,-0.007206154729246369
spec_bounded_weekly_break_0.25_epw5_drawn_adapt_none,bounded,weekly_break_0.25,5,drawn,none,equal,scaffolding_nofade,3,0.0,0.0,50,0.0,0.0,0.0,0.0
spec_bounded_weekly_break_0.25_epw5_drawn_adapt_none,bounded,weekly_break_0.25,5,drawn,none,equal,scaffolding_rapid,3,0.030350236992436743,0.02862608912072205,50,0.018080246932565235,0.047814077817129874,0.01687453138554549,0.04861778744154316
spec_bounded_weekly_break_0.25_epw5_drawn_adapt_none,bounded,weekly_break_0.25,5,drawn,none,equal,substitution,3,-0.15299141063223723,-0.15599589709191905,50,-0.21295968235374996,-0.07919676578658377,-0.2186655464268116,-0.07280667726656823
spec_bounded_weekly_break_0.25_epw5_drawn_adapt_none,bounded,weekly_break_0.25,5,drawn,none,learning_first,free_choice,3,-0.02472312214925107,-0.022144094241682497,50,-0.041639517327259574,-0.007556118059505929,-0.0443448325820269,-0.006725057011634064
spec_bounded_weekly_break_0.25_epw5_drawn_adapt_none,bounded,weekly_break_0.25,5,drawn,none,learning_first,scaffolding_nofade,3,0.0,0.0,50,0.0,0.0,0.0,0.0
spec_bounded_weekly_break_0.25_epw5_drawn_adapt_none,bounded,weekly_break_0.25,5,drawn,none,learning_first,scaffolding_rapid,3,0.02602515562948922,0.02416057320038265,50,0.015524268508922249,0.040130424123518776,0.01419784908959815,0.04268519866828894
spec_bounded_weekly_break_0.25_epw5_drawn_adapt_none,bounded,weekly_break_0.25,5,drawn,none,learning_first,substitution,3,-0.14740318297658378,-0.148653949226845,50,-0.20946920870021069,-0.07875724562029592,-0.21394182251650545,-0.07138008800800302
spec_bounded_weekly_break_0.25_epw5_drawn_adapt_none,bounded,weekly_break_0.25,5,drawn,none,autonomy_first,free_choice,3,-0.030676779722612582,-0.029443171878235433,50,-0.0494848816389343,-0.009719564624362997,-0.053754120137686816,-0.008683859164431078
spec_bounded_weekly_break_0.25_epw5_drawn_adapt_none,bounded,weekly_break_0.25,5,drawn,none,autonomy_first,scaffolding_nofade,3,0.0,0.0,50,0.0,0.0,0.0,0.0
spec_bounded_weekly_break_0.25_epw5_drawn_adapt_none,bounded,weekly_break_0.25,5,drawn,none,autonomy_first,scaffolding_rapid,3,0.04742958021180443,0.047244937517431654,50,0.028746862488878117,0.06991331537033682,0.028185823372799092,0.0737639013862713
spec_bounded_weekly_break_0.25_epw5_drawn_adapt_none,bounded,weekly_break_0.25,5,drawn,none,autonomy_first,substitution,3,-0.17994161589388047,-0.1842347746230341,50,-0.24575656012669697,-0.09409553751038828,-0.25363472221624395,-0.08533025700987527
spec_bounded_weekly_break_0.25_epw5_fixed_low,bounded,weekly_break_0.25,5,fixed_low,authored,equal,free_choice,2,-0.021697900831683894,-0.020059309980492965,50,-0.037703262072520054,-0.009115497904436312,-0.049906721112320626,-0.007701771514076637
spec_bounded_weekly_break_0.25_epw5_fixed_low,bounded,weekly_break_0.25,5,fixed_low,authored,equal,scaffolding_nofade,2,0.010453174894991169,0.009308750000753586,50,0.003788876952448862,0.021793303923886963,0.002586995722740604,0.02215179447833007
spec_bounded_weekly_break_0.25_epw5_fixed_low,bounded,weekly_break_0.25,5,fixed_low,authored,equal,scaffolding_rapid,2,0.04056452378753133,0.04071703823262228,50,0.02324829365116493,0.06143711462993183,0.020688840456139647,0.06570768510813783
spec_bounded_weekly_break_0.25_epw5_fixed_low,bounded,weekly_break_0.25,5,fixed_low,authored,equal,substitution,2,-0.14869590375314615,-0.15331674510829732,50,-0.2079353554008257,-0.09844890088836414,-0.21452001048359678,-0.08024305023661397
spec_bounded_weekly_break_0.25_epw5_fixed_low,bounded,weekly_break_0.25,5,fixed_low,authored,learning_first,free_choice,2,-0.02010000863098517,-0.018615327734490705,50,-0.03534112116530716,-0.008576274190347719,-0.04660072239723223,-0.007257802011501957
spec_bounded_weekly_break_0.25_epw5_fixed_low,bounded,weekly_break_0.25,5,fixed_low,authored,learning_first,scaffolding_nofade,2,0.01109542430546227,0.009760259509177551,50,0.004343554144635019,0.02240504420488022,0.0030911587393000674,0.022928296908338804
spec_bounded_weekly_break_0.25_epw5_fixed_low,bounded,weekly_break_0.25,5,fixed_low,authored,learning_first,scaffolding_rapid,2,0.037099527975951306,0.037529193780289474,50,0.02164688698726844,0.056005889959569385,0.02006595728273917,0.05784118985311762
spec_bounded_weekly_break_0.25_epw5_fixed_low,bounded,weekly_break_0.25,5,fixed_low,authored,learning_first,substitution,2,-0.14256921985755036,-0.1457676345659738,50,-0.2019760715235803,-0.0952641472909922,-0.2077902515901919,-0.07767493601882884
spec_bounded_weekly_break_0.25_epw5_fixed_low,bounded,weekly_break_0.25,5,fixed_low,authored,autonomy_first,free_choice,2,-0.02542405884556601,-0.024350558040674757,50,-0.04287426450284728,-0.011013834267839641,-0.05290281766750852,-0.00931743438951449
spec_bounded_weekly_break_0.25_epw5_fixed_low,bounded,weekly_break_0.25,5,fixed_low,authored,autonomy_first,scaffolding_nofade,2,0.012715350970273674,0.011576496309701666,50,0.004416052207862215,0.026945292394614722,0.0029867832240017505,0.027021872134987423
spec_bounded_weekly_break_0.25_epw5_fixed_low,bounded,weekly_break_0.25,5,fixed_low,authored,autonomy_first,scaffolding_rapid,2,0.059872714584447845,0.06040639041588454,50,0.036025079502603405,0.08734455858322816,0.03281246358286631,0.09707209375994616
spec_bounded_weekly_break_0.25_epw5_fixed_low,bounded,weekly_break_0.25,5,fixed_low,authored,autonomy_first,substitution,2,-0.17410802942326545,-0.18048641160578,50,-0.23426819275612917,-0.11555995594617897,-0.23588390649587357,-0.09478473947743325
spec_bounded_weekly_break_0.25_epw5_fixed_low_adapt_halved,bounded,weekly_break_0.25,5,fixed_low,halved,equal,free_choice,2,-0.023880210759982135,-0.02217850862906614,50,-0.042291899649998806,-0.009842087659301012,-0.053467062090280584,-0.008159580164240364
spec_bounded_weekly_break_0.25_epw5_fixed_low_adapt_halved,bounded,weekly_break_0.25,5,fixed_low,halved,equal,scaffolding_nofade,2,0.005445300759972046,0.004851618169155732,50,0.0020044588407928466,0.011306480492551447,0.0013125003788463452,0.011486432110208816
spec_bounded_weekly_break_0.25_epw5_fixed_low_adapt_halved,bounded,weekly_break_0.25,5,fixed_low,halved,equal,scaffolding_rapid,2,0.036594899594108506,0.037686963765992704,50,0.022051435461379523,0.0547446143718958,0.02001483731040787,0.057680855128459406
spec_bounded_weekly_break_0.25_epw5_fixed_low_adapt_halved,bounded,weekly_break_0.25,5,fixed_low,halved,equal,substitution,2,-0.1474698927322186,-0.15192501522449675,50,-0.20673985725713379,-0.09775244136683359,-0.21248360792977583,-0.07981658901681889
spec_bounded_weekly_break_0.25_epw5_fixed_low_adapt_halved,bounded,weekly_break_0.25,5,fixed_low,halved,learning_first,free_choice,2,-0.022399989563571907,-0.02101516750619983,50,-0.040158320454818826,-0.009387800857629927,-0.05037012829610063,-0.007781767970433516
spec_bounded_weekly_break_0.25_epw5_fixed_low_adapt_halved,bounded,weekly_break_0.25,5,fixed_low,halved,learning_first,scaffolding_nofade,2,0.005771673919220349,0.005099186142602929,50,0.0022845482513202263,0.011692442381417935,0.001570983636564375,0.011816361289142176
spec_bounded_weekly_break_0.25_epw5_fixed_low_adapt_halved,bounded,weekly_break_0.25,5,fixed_low,halved,learning_first,scaffolding_rapid,2,0.03296383899878561,0.03363724712249665,50,0.01993316430395545,0.04903312406262166,0.019148775474393205,0.05160203305735892
spec_bounded_weekly_break_0.25_epw5_fixed_low_adapt_halved,bounded,weekly_break_0.25,5,fixed_low,halved,learning_first,substitution,2,-0.14120733896599788,-0.14425920911483142,50,-0.20043171264780457,-0.09435918646911208,-0.2053484803371111,-0.07727370538129223
spec_bounded_weekly_break_0.25_epw5_fixed_low_adapt_halved,bounded,weekly_break_0.25,5,fixed_low,halved,autonomy_first,free_choice,2,-0.02804742158058788,-0.0266479714650682,50,-0.0480492185065279,-0.011849174744838447,-0.059743089355169574,-0.009861429447003639
spec_bounded_weekly_break_0.25_epw5_fixed_low_adapt_halved,bounded,weekly_break_0.25,5,fixed_low,halved,autonomy_first,scaffolding_nofade,2,0.006629132936960108,0.005988797810436203,50,0.002367288106862282,0.0137809326185274,0.0015188834698965762,0.014301129984946814
spec_bounded_weekly_break_0.25_epw5_fixed_low_adapt_halved,bounded,weekly_break_0.25,5,fixed_low,halved,autonomy_first,scaffolding_rapid,2,0.054976776284690484,0.05618169146778664,50,0.034594709196549896,0.07905114013416127,0.03202224011914003,0.08386451323598683
spec_bounded_weekly_break_0.25_epw5_fixed_low_adapt_halved,bounded,weekly_break_0.25,5,fixed_low,halved,autonomy_first,substitution,2,-0.17287661925842715,-0.17903537493773564,50,-0.2338552007155593,-0.11478981120074076,-0.2344708041442822,-0.09428998710204971
spec_bounded_weekly_break_0.25_epw5_fixed_low_adapt_none,bounded,weekly_break_0.25,5,fixed_low,none,equal,free_choice,3,-0.026069708997261895,-0.024513815959650114,50,-0.04686338241238228,-0.010512228310934712,-0.05685230981790578,-0.008579690851345866
spec_bounded_weekly_break_0.25_epw5_fixed_low_adapt_none,bounded,weekly_break_0.25,5,fixed_low,none,equal,scaffolding_nofade,3,0.0,0.0,50,0.0,0.0,0.0,0.0
spec_bounded_weekly_break_0.25_epw5_fixed_low_adapt_none,bounded,weekly_break_0.25,5,fixed_low,none,equal,scaffolding_rapid,3,0.0324402977068129,0.032974169950738166,50,0.01983640762202447,0.04416869004429076,0.019259469722635515,0.04931758851383886
spec_bounded_weekly_break_0.25_epw5_fixed_low_adapt_none,bounded,weekly_break_0.25,5,fixed_low,none,equal,substitution,3,-0.14612613620209602,-0.15073098044006372,50,-0.20470650290157358,-0.09682616590915023,-0.21051341386008562,-0.07929649304701888
spec_bounded_weekly_break_0.25_epw5_fixed_low_adapt_none,bounded,weekly_break_0.25,5,fixed_low,none,learning_first,free_choice,3,-0.02469841870842482,-0.023558485675852753,50,-0.04490272501612798,-0.01019293480241995,-0.053971063761457,-0.008281140436107346
spec_bounded_weekly_break_0.25_epw5_fixed_low_adapt_none,bounded,weekly_break_0.25,5,fixed_low,none,learning_first,scaffolding_nofade,3,0.0,0.0,50,0.0,0.0,0.0,0.0
spec_bounded_weekly_break_0.25_epw5_fixed_low_adapt_none,bounded,weekly_break_0.25,5,fixed_low,none,learning_first,scaffolding_rapid,3,0.02865186889097331,0.02884558376261276,50,0.017517626824351942,0.03975286614880943,0.016484456746285667,0.042895447907044616
spec_bounded_weekly_break_0.25_epw5_fixed_low_adapt_none,bounded,weekly_break_0.25,5,fixed_low,none,learning_first,substitution,3,-0.1397268720395376,-0.14291765243617907,50,-0.19813387859533926,-0.0933140769417368,-0.20291939182195795,-0.07678840941714359
spec_bounded_weekly_break_0.25_epw5_fixed_low_adapt_none,bounded,weekly_break_0.25,5,fixed_low,none,autonomy_first,free_choice,3,-0.03067892570655213,-0.029107202660483514,50,-0.05356855096346848,-0.01264561888526269,-0.06376347613939941,-0.01035021481524685
spec_bounded_weekly_break_0.25_epw5_fixed_low_adapt_none,bounded,weekly_break_0.25,5,fixed_low,none,autonomy_first,scaffolding_nofade,3,0.0,0.0,50,0.0,0.0,0.0,0.0
spec_bounded_weekly_break_0.25_epw5_fixed_low_adapt_none,bounded,weekly_break_0.25,5,fixed_low,none,autonomy_first,scaffolding_rapid,3,0.049840049972873,0.0503542325858989,50,0.0328924690754144,0.06688141325496516,0.03113724460040494,0.07297387306775707
spec_bounded_weekly_break_0.25_epw5_fixed_low_adapt_none,bounded,weekly_break_0.25,5,fixed_low,none,autonomy_first,substitution,3,-0.17148860261203758,-0.17781507266670774,50,-0.23216083205882748,-0.11373390759947975,-0.23248532453716755,-0.09368379671421354
spec_bounded_weekly_break_0.25_epw5_fixed_high,bounded,weekly_break_0.25,5,fixed_high,authored,equal,free_choice,2,-0.016812786633380584,-0.014346513489953921,50,-0.03307341103313725,-0.005838653175152425,-0.04630398704738491,-0.0052247693315854845
spec_bounded_weekly_break_0.25_epw5_fixed_high,bounded,weekly_break_0.25,5,fixed_high,authored,equal,scaffolding_nofade,2,0.006922687377191875,0.005593677615047981,50,0.002070138184810641,0.015927497147464872,0.0014998106304948806,0.01637528676968017
spec_bounded_weekly_break_0.25_epw5_fixed_high,bounded,weekly_break_0.25,5,fixed_high,authored,equal,scaffolding_rapid,2,0.030811887373029583,0.029982509317658636,50,0.015683120956288127,0.051305202877753704,0.014219982264110025,0.059325836678004965
spec_bounded_weekly_break_0.25_epw5_fixed_high,bounded,weekly_break_0.25,5,fixed_high,authored,equal,substitution,2,-0.13915262377547744,-0.13938117951411294,50,-0.22421590458706628,-0.07702867540184731,-0.23225540219743684,-0.061876201276076855
spec_bounded_weekly_break_0.25_epw5_fixed_high,bounded,weekly_break_0.25,5,fixed_high,authored,learning_first,free_choice,2,-0.015679339287892145,-0.013430460506826971,50,-0.0314192549144591,-0.0054426912134111095,-0.04377786898060105,-0.004825697127669832
spec_bounded_weekly_break_0.25_epw5_fixed_high,bounded,weekly_break_0.25,5,fixed_high,authored,learning_first,scaffolding_nofade,2,0.007498676708117321,0.006076378395305805,50,0.002521221179938175,0.016549596911003973,0.001941363076958841,0.017017238956978896
spec_bounded_weekly_break_0.25_epw5_fixed_high,bounded,weekly_break_0.25,5,fixed_high,authored,learning_first,scaffolding_rapid,2,0.027245318505157195,0.026225544811720618,50,0.013843366834513086,0.04572393270285259,0.013244492776895758,0.051259007812621306
spec_bounded_weekly_break_0.25_epw5_fixed_high,bounded,weekly_break_0.25,5,fixed_high,authored,learning_first,substitution,2,-0.13475810827638043,-0.132670850605291,50,-0.22209221410686825,-0.07103490494476149,-0.2293998235399138,-0.05891144163325302
spec_bounded_weekly_break_0.25_epw5_fixed_high,bounded,weekly_break_0.25,5,fixed_high,authored,autonomy_first,free_choice,2,-0.01992863431119663,-0.01718703378347155,50,-0.038217208055074024,-0.0070425889618717895,-0.05291336308287514,-0.006301985328403009
spec_bounded_weekly_break_0.25_epw5_fixed_high,bounded,weekly_break_0.25,5,fixed_high,authored,autonomy_first,scaffolding_nofade,2,0.00834996193549276,0.006787268002274317,50,0.0023491596660116373,0.019588806130855056,0.0016486167098167792,0.020050138144988523
spec_bounded_weekly_break_0.25_epw5_fixed_high,bounded,weekly_break_0.25,5,fixed_high,authored,autonomy_first,scaffolding_rapid,2,0.04712288572160769,0.04602283358237612,50,0.025766624531630623,0.07473411985170841,0.023881761886065903,0.08947049032342963
spec_bounded_weekly_break_0.25_epw5_fixed_high,bounded,weekly_break_0.25,5,fixed_high,authored,autonomy_first,substitution,2,-0.16364296884992613,-0.16742305215874934,50,-0.25699164203900476,-0.09047587304184597,-0.2662009392904361,-0.07296904140753897
spec_bounded_weekly_break_0.25_epw5_fixed_high_adapt_halved,bounded,weekly_break_0.25,5,fixed_high,halved,equal,free_choice,2,-0.0184384191941795,-0.016034076679885198,50,-0.03697572232093047,-0.006213413734079224,-0.0495243158406138,-0.005481205698337023
spec_bounded_weekly_break_0.25_epw5_fixed_high_adapt_halved,bounded,weekly_break_0.25,5,fixed_high,halved,equal,scaffolding_nofade,2,0.0035810104302724712,0.0028855318351149167,50,0.0011071693626277259,0.008147913822781816,0.0007663993134152846,0.008441043046001918
spec_bounded_weekly_break_0.25_epw5_fixed_high_adapt_halved,bounded,weekly_break_0.25,5,fixed_high,halved,equal,scaffolding_rapid,2,0.028320013721732804,0.028026516624268694,50,0.015093803658599156,0.0465368821771913,0.013848354940357849,0.05263191877335016
spec_bounded_weekly_break_0.25_epw5_fixed_high_adapt_halved,bounded,weekly_break_0.25,5,fixed_high,halved,equal,substitution,2,-0.13888996516371566,-0.13915581532418927,50,-0.22428505950515937,-0.07680438808466854,-0.23231067811751266,-0.06179721597713125
spec_bounded_weekly_break_0.25_epw5_fixed_high_adapt_halved,bounded,weekly_break_0.25,5,fixed_high,halved,learning_first,free_choice,2,-0.017410426258218627,-0.015217576094882796,50,-0.03549719975259116,-0.005886466975471124,-0.04721635291888164,-0.005139902130944656
spec_bounded_weekly_break_0.25_epw5_fixed_high_adapt_halved,bounded,weekly_break_0.25,5,fixed_high,halved,learning_first,scaffolding_nofade,2,0.0038839095194820876,0.0031310225258129156,50,0.0013273910002321555,0.008556481120451879,0.0009874218614162014,0.008749856910104504
spec_bounded_weekly_break_0.25_epw5_fixed_high_adapt_halved,bounded,weekly_break_0.25,5,fixed_high,halved,learning_first,scaffolding_rapid,2,0.024617039963924756,0.024240220051905792,50,0.012931678543823382,0.0405852891939379,0.012738986225108504,0.045830231450213435
spec_bounded_weekly_break_0.25_epw5_fixed_high_adapt_halved,bounded,weekly_break_0.25,5,fixed_high,halved,learning_first,substitution,2,-0.13444011287205618,-0.13234343255007047,50,-0.22196580586289513,-0.0710720835795271,-0.2291614857717374,-0.05896861827148658
spec_bounded_weekly_break_0.25_epw5_fixed_high_adapt_halved,bounded,weekly_break_0.25,5,fixed_high,halved,autonomy_first,free_choice,2,-0.02187241872118795,-0.018901589610370112,50,-0.04292783789384438,-0.007484840235301271,-0.05672679227386674,-0.006596442180606668
spec_bounded_weekly_break_0.25_epw5_fixed_high_adapt_halved,bounded,weekly_break_0.25,5,fixed_high,halved,autonomy_first,scaffolding_nofade,2,0.0043131059495732085,0.0035097916791255904,50,0.0012679000551770918,0.009960227710361083,0.0008326613820593971,0.010366769538547614
spec_bounded_weekly_break_0.25_epw5_fixed_high_adapt_halved,bounded,weekly_break_0.25,5,fixed_high,halved,autonomy_first,scaffolding_rapid,2,0.044060509407037624,0.04397755961451076,50,0.025066100329132805,0.06877813444627637,0.023454955124660157,0.07908938178599334
spec_bounded_weekly_break_0.25_epw5_fixed_high_adapt_halved,bounded,weekly_break_0.25,5,fixed_high,halved,autonomy_first,substitution,2,-0.1634592280747842,-0.1671455154643649,50,-0.25742144752739027,-0.09016847063624653,-0.26668055214961217,-0.07286705811902722
spec_bounded_weekly_break_0.25_epw5_fixed_high_adapt_none,bounded,weekly_break_0.25,5,fixed_high,none,equal,free_choice,3,-0.020035059854424178,-0.017490654961273312,50,-0.0405337597442485,-0.006623628014414602,-0.052450307765316555,-0.005748145342138576
spec_bounded_weekly_break_0.25_epw5_fixed_high_adapt_none,bounded,weekly_break_0.25,5,fixed_high,none,equal,scaffolding_nofade,3,0.0,0.0,50,0.0,0.0,0.0,0.0
spec_bounded_weekly_break_0.25_epw5_fixed_high_adapt_none,bounded,weekly_break_0.25,5,fixed_high,none,equal,scaffolding_rapid,3,0.025750954693086116,0.025852806723240807,50,0.014170924780761452,0.041646751413096116,0.013501924520519673,0.04392327324638307
spec_bounded_weekly_break_0.25_epw5_fixed_high_adapt_none,bounded,weekly_break_0.25,5,fixed_high,none,equal,substitution,3,-0.1385091983491623,-0.13898773944627174,50,-0.22399852926607838,-0.0766030573483795,-0.23163947572365376,-0.06166950518470306
spec_bounded_weekly_break_0.25_epw5_fixed_high_adapt_none,bounded,weekly_break_0.25,5,fixed_high,none,learning_first,free_choice,3,-0.019124209816805387,-0.01675629984966244,50,-0.03929894603139862,-0.006377666074830408,-0.05036131179905446,-0.005468905401686233
spec_bounded_weekly_break_0.25_epw5_fixed_high_adapt_none,bounded,weekly_break_0.25,5,fixed_high,none,learning_first,scaffolding_nofade,3,0.0,0.0,50,0.0,0.0,0.0,0.0
spec_bounded_weekly_break_0.25_epw5_fixed_high_adapt_none,bounded,weekly_break_0.25,5,fixed_high,none,learning_first,scaffolding_rapid,3,0.02191002333770046,0.021636959014825256,50,0.011705651118032612,0.035514211835617086,0.01110503651020413,0.03674227584566656
spec_bounded_weekly_break_0.25_epw5_fixed_high_adapt_none,bounded,weekly_break_0.25,5,fixed_high,none,learning_first,substitution,3,-0.1339992788675658,-0.13201537071043107,50,-0.2214878418878768,-0.0710094376890885,-0.2281936055811095,-0.05896306551479188
spec_bounded_weekly_break_0.25_epw5_fixed_high_adapt_none,bounded,weekly_break_0.25,5,fixed_high,none,autonomy_first,free_choice,3,-0.023768752961627865,-0.020758725496893737,50,-0.047151213019109246,-0.007950008338780023,-0.06022994113335648,-0.006893474375395905
spec_bounded_weekly_break_0.25_epw5_fixed_high_adapt_none,bounded,weekly_break_0.25,5,fixed_high,none,autonomy_first,scaffolding_nofade,3,0.0,0.0,50,0.0,0.0,0.0,0.0
spec_bounded_weekly_break_0.25_epw5_fixed_high_adapt_none,bounded,weekly_break_0.25,5,fixed_high,none,autonomy_first,scaffolding_rapid,3,0.040901813338783614,0.04085047367648577,50,0.02441909270315452,0.06267795163218358,0.023052465361705174,0.068466828723025
spec_bounded_weekly_break_0.25_epw5_fixed_high_adapt_none,bounded,weekly_break_0.25,5,fixed_high,none,autonomy_first,substitution,3,-0.16311835768750857,-0.16681622153592907,50,-0.25735269225684415,-0.0899163535665287,-0.26625641186964377,-0.07270881820479892
spec_bounded_weekly_break_0.1_epw3_drawn,bounded,weekly_break_0.1,3,drawn,authored,equal,free_choice,2,-0.03313062792056512,-0.03315499596507285,50,-0.04809181666364333,-0.014251293892176834,-0.0508459681208834,-0.013178454205624593
spec_bounded_weekly_break_0.1_epw3_drawn,bounded,weekly_break_0.1,3,drawn,authored,equal,scaffolding_nofade,2,0.016338767390195234,0.014532240114721335,50,0.006949617923984514,0.028392729376314988,0.00600481009670309,0.03009845214245458
spec_bounded_weekly_break_0.1_epw3_drawn,bounded,weekly_break_0.1,3,drawn,authored,equal,scaffolding_rapid,2,0.04577557453058094,0.04557986391769221,50,0.028224802171080313,0.06317808163331472,0.027096972509511656,0.0637726149266185
spec_bounded_weekly_break_0.1_epw3_drawn,bounded,weekly_break_0.1,3,drawn,authored,equal,substitution,2,-0.18996143470295723,-0.1965142749901356,50,-0.2299323035463618,-0.1358958563624815,-0.23553716126936045,-0.12120707248855099
spec_bounded_weekly_break_0.1_epw3_drawn,bounded,weekly_break_0.1,3,drawn,authored,learning_first,free_choice,2,-0.03129226886300379,-0.030899484143232365,50,-0.045901581041256044,-0.013000999488641316,-0.048445227921331345,-0.012363783904107906
spec_bounded_weekly_break_0.1_epw3_drawn,bounded,weekly_break_0.1,3,drawn,authored,learning_first,scaffolding_nofade,2,0.017725241107643886,0.01634645714653194,50,0.008095708308608186,0.031024554983460365,0.007165723605053469,0.03185985944358518
spec_bounded_weekly_break_0.1_epw3_drawn,bounded,weekly_break_0.1,3,drawn,authored,learning_first,scaffolding_rapid,2,0.04135226564991781,0.040866204128638395,50,0.02593698167313129,0.05841700509899862,0.023353010707105763,0.060159174330305196
spec_bounded_weekly_break_0.1_epw3_drawn,bounded,weekly_break_0.1,3,drawn,authored,learning_first,substitution,2,-0.1857430644216764,-0.19260972719121158,50,-0.22851953669193,-0.1361011673550697,-0.23137592525040582,-0.1186844158077248
spec_bounded_weekly_break_0.1_epw3_drawn,bounded,weekly_break_0.1,3,drawn,authored,autonomy_first,free_choice,2,-0.03791784794758987,-0.03880528939445857,50,-0.053423476092084775,-0.017325552460497183,-0.05636423103379411,-0.015783943517789965
spec_bounded_weekly_break_0.1_epw3_drawn,bounded,weekly_break_0.1,3,drawn,authored,autonomy_first,scaffolding_nofade,2,0.019361449349461723,0.017088727241956397,50,0.008016161901170753,0.03244532132468897,0.0068449142634233115,0.035545603653491846
spec_bounded_weekly_break_0.1_epw3_drawn,bounded,weekly_break_0.1,3,drawn,authored,autonomy_first,scaffolding_rapid,2,0.0668361304425573,0.06668915512007945,50,0.04322443964242026,0.08695820711011953,0.04305007755002606,0.08795278500187542
spec_bounded_weekly_break_0.1_epw3_drawn,bounded,weekly_break_0.1,3,drawn,authored,autonomy_first,substitution,2,-0.21804906166934707,-0.22649135358801867,50,-0.2619140325838152,-0.15758542886749066,-0.26670646750599375,-0.14248822868517963
spec_bounded_weekly_break_0.1_epw3_drawn_adapt_halved,bounded,weekly_break_0.1,3,drawn,halved,equal,free_choice,2,-0.03678047065223811,-0.03692771956003528,50,-0.05285675180761441,-0.015366457003292377,-0.05691165228972206,-0.014426838165551294
spec_bounded_weekly_break_0.1_epw3_drawn_adapt_halved,bounded,weekly_break_0.1,3,drawn,halved,equal,scaffolding_nofade,2,0.008465523038534059,0.0074929616656026245,50,0.003600484146198676,0.014488791479858081,0.0031292779590802364,0.01564159640015036
spec_bounded_weekly_break_0.1_epw3_drawn_adapt_halved,bounded,weekly_break_0.1,3,drawn,halved,equal,scaffolding_rapid,2,0.03912231012927507,0.039504034835168664,50,0.025819549098426726,0.053669169524207076,0.025406493285203335,0.05454941195753447
spec_bounded_weekly_break_0.1_epw3_drawn_adapt_halved,bounded,weekly_break_0.1,3,drawn,halved,equal,substitution,2,-0.18994858909767565,-0.19699598102407673,50,-0.23061284937747678,-0.13551162013431728,-0.23576913519266754,-0.1207903700349879
spec_bounded_weekly_break_0.1_epw3_drawn_adapt_halved,bounded,weekly_break_0.1,3,drawn,halved,learning_first,free_choice,2,-0.035239658009476885,-0.035248736257167665,50,-0.050815910475164025,-0.014359594604440846,-0.05514507203643354,-0.013711772389765535
spec_bounded_weekly_break_0.1_epw3_drawn_adapt_halved,bounded,weekly_break_0.1,3,drawn,halved,learning_first,scaffolding_nofade,2,0.009180207310622078,0.008380161004808612,50,0.0041936170230070825,0.015918808763951665,0.0037377367497336516,0.016749621039554578
spec_bounded_weekly_break_0.1_epw3_drawn_adapt_halved,bounded,weekly_break_0.1,3,drawn,halved,learning_first,scaffolding_rapid,2,0.03423212994884553,0.03400459055780106,50,0.022618942362994207,0.04775077525544962,0.0214141082487754,0.049475045422958094
spec_bounded_weekly_break_0.1_epw3_drawn_adapt_halved,bounded,weekly_break_0.1,3,drawn,halved,learning_first,substitution,2,-0.18561884905902787,-0.19195971565327247,50,-0.22905181721868886,-0.13581094011252295,-0.2313954896456246,-0.11831808733616464
spec_bounded_weekly_break_0.1_epw3_drawn_adapt_halved,bounded,weekly_break_0.1,3,drawn,halved,autonomy_first,free_choice,2,-0.04218853417408175,-0.043601223403226474,50,-0.05872624510569373,-0.018606259326968834,-0.06282935938535292,-0.017243978472841252
spec_bounded_weekly_break_0.1_epw3_drawn_adapt_halved,bounded,weekly_break_0.1,3,drawn,halved,autonomy_first,scaffolding_nofade,2,0.010030064820455258,0.008925235963791455,50,0.004140550592674297,0.016458180218235308,0.0035561787538465005,0.01842086824682835
spec_bounded_weekly_break_0.1_epw3_drawn_adapt_halved,bounded,weekly_break_0.1,3,drawn,halved,autonomy_first,scaffolding_rapid,2,0.058844632289869435,0.059821581766928436,50,0.04087286663617107,0.07703271620433493,0.04022927523893257,0.07912487070470994
spec_bounded_weekly_break_0.1_epw3_drawn_adapt_halved,bounded,weekly_break_0.1,3,drawn,halved,autonomy_first,substitution,2,-0.2182526934064674,-0.22647876352417307,50,-0.2629672808128533,-0.15712954240892482,-0.26734099945643935,-0.14200493869802602
spec_bounded_weekly_break_0.1_epw3_drawn_adapt_none,bounded,weekly_break_0.1,3,drawn,none,equal,free_choice,3,-0.04036572315627525,-0.04080903882962905,50,-0.05700053804054534,-0.016494012010011317,-0.06305427488826763,-0.01568020298112815
spec_bounded_weekly_break_0.1_epw3_drawn_adapt_none,bounded,weekly_break_0.1,3,drawn,none,equal,scaffolding_nofade,3,0.0,0.0,50,0.0,0.0,0.0,0.0
spec_bounded_weekly_break_0.1_epw3_drawn_adapt_none,bounded,weekly_break_0.1,3,drawn,none,equal,scaffolding_rapid,3,0.03218565476904436,0.03103707791785988,50,0.023388597880072037,0.04515182748356114,0.023232772431758107,0.04613718972239881
spec_bounded_weekly_break_0.1_epw3_drawn_adapt_none,bounded,weekly_break_0.1,3,drawn,none,equal,substitution,3,-0.18955650466346635,-0.19666402944690223,50,-0.23058498148263265,-0.1350475521384996,-0.23510220899131212,-0.12006203032471803
spec_bounded_weekly_break_0.1_epw3_drawn_adapt_none,bounded,weekly_break_0.1,3,drawn,none,learning_first,free_choice,3,-0.039111575711789796,-0.03884961626403909,50,-0.0553934609963496,-0.01589672162919748,-0.061674813582324496,-0.014897498826297786
spec_bounded_weekly_break_0.1_epw3_drawn_adapt_none,bounded,weekly_break_0.1,3,drawn,none,learning_first,scaffolding_nofade,3,0.0,0.0,50,0.0,0.0,0.0,0.0
spec_bounded_weekly_break_0.1_epw3_drawn_adapt_none,bounded,weekly_break_0.1,3,drawn,none,learning_first,scaffolding_rapid,3,0.026805726389758824,0.026037329596018583,50,0.01943705579886303,0.03777476618119108,0.01899655224242343,0.04006813990659498
spec_bounded_weekly_break_0.1_epw3_drawn_adapt_none,bounded,weekly_break_0.1,3,drawn,none,learning_first,substitution,3,-0.18509439735466962,-0.1913576812207513,50,-0.22879254669676,-0.13539027157533656,-0.23052299324359807,-0.11763211889533676
spec_bounded_weekly_break_0.1_epw3_drawn_adapt_none,bounded,weekly_break_0.1,3,drawn,none,autonomy_first,free_choice,3,-0.046379748629190524,-0.04721483882883011,50,-0.06350736539157142,-0.019906372085549788,-0.06861910795807548,-0.018690436319350148
spec_bounded_weekly_break_0.1_epw3_drawn_adapt_none,bounded,weekly_break_0.1,3,drawn,none,autonomy_first,scaffolding_nofade,3,0.0,0.0,50,0.0,0.0,0.0,0.0
spec_bounded_weekly_break_0.1_epw3_drawn_adapt_none,bounded,weekly_break_0.1,3,drawn,none,autonomy_first,scaffolding_rapid,3,0.05053584646825016,0.04907302053004821,50,0.037315009658506586,0.0671689559413519,0.03729556510455726,0.07117010514770372
spec_bounded_weekly_break_0.1_epw3_drawn_adapt_none,bounded,weekly_break_0.1,3,drawn,none,autonomy_first,substitution,3,-0.21799095817290365,-0.22605406476283982,50,-0.26278484255620044,-0.15660548854040987,-0.2672933519685526,-0.141146624076104
spec_bounded_weekly_break_0.1_epw3_fixed_low,bounded,weekly_break_0.1,3,fixed_low,authored,equal,free_choice,2,-0.0314111835755971,-0.03161497046861875,50,-0.046414570636671974,-0.015798295110577617,-0.052024386844003394,-0.014683732498914458
spec_bounded_weekly_break_0.1_epw3_fixed_low,bounded,weekly_break_0.1,3,fixed_low,authored,equal,scaffolding_nofade,2,0.0176119839111824,0.017523564186936666,50,0.00845108564166422,0.030450233731751434,0.006397490072363624,0.0328360326339043
spec_bounded_weekly_break_0.1_epw3_fixed_low,bounded,weekly_break_0.1,3,fixed_low,authored,equal,scaffolding_rapid,2,0.046964682677468256,0.0482357692074675,50,0.029435050136293314,0.06050084502498652,0.024957935541322192,0.061536941863745115
spec_bounded_weekly_break_0.1_epw3_fixed_low,bounded,weekly_break_0.1,3,fixed_low,authored,equal,substitution,2,-0.1758112674910147,-0.18007427909910612,50,-0.2039025864032935,-0.1441486476727283,-0.205937515794528,-0.12970266242915987
spec_bounded_weekly_break_0.1_epw3_fixed_low,bounded,weekly_break_0.1,3,fixed_low,authored,learning_first,free_choice,2,-0.02924310247518398,-0.029731303361032656,50,-0.043808738313042134,-0.014817350701593806,-0.05038823280632195,-0.013502075123468755
spec_bounded_weekly_break_0.1_epw3_fixed_low,bounded,weekly_break_0.1,3,fixed_low,authored,learning_first,scaffolding_nofade,2,0.01895481029336989,0.018726185786034202,50,0.009809637254581076,0.03162609368182961,0.007509111510877305,0.03439845494137728
spec_bounded_weekly_break_0.1_epw3_fixed_low,bounded,weekly_break_0.1,3,fixed_low,authored,learning_first,scaffolding_rapid,2,0.042935042609976465,0.044155410040962476,50,0.027627019558818598,0.05593576337428575,0.023028400362284363,0.056948510810383685
spec_bounded_weekly_break_0.1_epw3_fixed_low,bounded,weekly_break_0.1,3,fixed_low,authored,learning_first,substitution,2,-0.16978324681317694,-0.17423784763842196,50,-0.19857110699245678,-0.13988035924775374,-0.20176929660320336,-0.12384910665653383
spec_bounded_weekly_break_0.1_epw3_fixed_low,bounded,weekly_break_0.1,3,fixed_low,authored,autonomy_first,free_choice,2,-0.035544329561127415,-0.03584427559307441,50,-0.049948115806350335,-0.018601649404660466,-0.05180234102536826,-0.01750131985251134
spec_bounded_weekly_break_0.1_epw3_fixed_low,bounded,weekly_break_0.1,3,fixed_low,authored,autonomy_first,scaffolding_nofade,2,0.020861989162673948,0.020901140240829032,50,0.009841585973982346,0.03620253202240738,0.007400586267254874,0.03854923794921997
spec_bounded_weekly_break_0.1_epw3_fixed_low,bounded,weekly_break_0.1,3,fixed_low,authored,autonomy_first,scaffolding_rapid,2,0.06785187725724597,0.07038889770829593,50,0.04539083976274812,0.08423079818189888,0.0406522064370102,0.08592589526833537
spec_bounded_weekly_break_0.1_epw3_fixed_low,bounded,weekly_break_0.1,3,fixed_low,authored,autonomy_first,substitution,2,-0.20097545270326744,-0.2041364666446719,50,-0.22789894957603718,-0.16662018872309967,-0.23193961303001942,-0.15120365971070776
spec_bounded_weekly_break_0.1_epw3_fixed_low_adapt_halved,bounded,weekly_break_0.1,3,fixed_low,halved,equal,free_choice,2,-0.035050502439734274,-0.03532012309715381,50,-0.05295568141718875,-0.017314493024212896,-0.05874984290601516,-0.015877896171357767
spec_bounded_weekly_break_0.1_epw3_fixed_low_adapt_halved,bounded,weekly_break_0.1,3,fixed_low,halved,equal,scaffolding_nofade,2,0.009113182776669091,0.009123365139224496,50,0.0043879438683232875,0.015405406939799469,0.003256782648108163,0.01697171816803846
spec_bounded_weekly_break_0.1_epw3_fixed_low_adapt_halved,bounded,weekly_break_0.1,3,fixed_low,halved,equal,scaffolding_rapid,2,0.039682233527654626,0.04056801349548983,50,0.025977661799926978,0.04990406678733197,0.02292978701813257,0.0500837521974338
spec_bounded_weekly_break_0.1_epw3_fixed_low_adapt_halved,bounded,weekly_break_0.1,3,fixed_low,halved,equal,substitution,2,-0.1751036130706685,-0.1798487791225558,50,-0.2036770867666061,-0.14329141706215798,-0.20486074446634253,-0.12890062723590515
spec_bounded_weekly_break_0.1_epw3_fixed_low_adapt_halved,bounded,weekly_break_0.1,3,fixed_low,halved,learning_first,free_choice,2,-0.03314214299043324,-0.033599313437896364,50,-0.05073146196921399,-0.016561525663500064,-0.05762090527723299,-0.014876007537022246
spec_bounded_weekly_break_0.1_epw3_fixed_low_adapt_halved,bounded,weekly_break_0.1,3,fixed_low,halved,learning_first,scaffolding_nofade,2,0.00980751523379305,0.00974548929539963,50,0.005076287541578049,0.01600957000362162,0.0038041973233142678,0.01780355881868595
spec_bounded_weekly_break_0.1_epw3_fixed_low_adapt_halved,bounded,weekly_break_0.1,3,fixed_low,halved,learning_first,scaffolding_rapid,2,0.03519697485125034,0.03647772279694517,50,0.02375141019957247,0.04488991138159188,0.020725519992861374,0.04542144039863242
spec_bounded_weekly_break_0.1_epw3_fixed_low_adapt_halved,bounded,weekly_break_0.1,3,fixed_low,halved,learning_first,substitution,2,-0.16888910872355814,-0.17371026539976478,50,-0.19801445319250596,-0.1387113011084574,-0.2002327123789288,-0.12298599584970485
spec_bounded_weekly_break_0.1_epw3_fixed_low_adapt_halved,bounded,weekly_break_0.1,3,fixed_low,halved,autonomy_first,free_choice,2,-0.03980630546538537,-0.04014364680078468,50,-0.05714265015448205,-0.02035722130289157,-0.059007777267806934,-0.01888985042651231
spec_bounded_weekly_break_0.1_epw3_fixed_low_adapt_halved,bounded,weekly_break_0.1,3,fixed_low,halved,autonomy_first,scaffolding_nofade,2,0.010782459065686695,0.010906653476912227,50,0.005137664166752824,0.01832214111593695,0.0038066921483363727,0.01992796859885887
spec_bounded_weekly_break_0.1_epw3_fixed_low_adapt_halved,bounded,weekly_break_0.1,3,fixed_low,halved,autonomy_first,scaffolding_rapid,2,0.05911950705248307,0.059537266053264926,50,0.04129934649786956,0.07347921520590721,0.03823505787956717,0.07397114484305467
spec_bounded_weekly_break_0.1_epw3_fixed_low_adapt_halved,bounded,weekly_break_0.1,3,fixed_low,halved,autonomy_first,substitution,2,-0.2003994151564998,-0.20370605914014697,50,-0.22750129421701132,-0.1655433558792073,-0.23123570089178486,-0.1502754649845708
spec_bounded_weekly_break_0.1_epw3_fixed_low_adapt_none,bounded,weekly_break_0.1,3,fixed_low,none,equal,free_choice,3,-0.03863531783334139,-0.038977389620588346,50,-0.059005339682951796,-0.01891271943195663,-0.06526489009503127,-0.01724999996505421
spec_bounded_weekly_break_0.1_epw3_fixed_low_adapt_none,bounded,weekly_break_0.1,3,fixed_low,none,equal,scaffolding_nofade,3,0.0,0.0,50,0.0,0.0,0.0,0.0
spec_bounded_weekly_break_0.1_epw3_fixed_low_adapt_none,bounded,weekly_break_0.1,3,fixed_low,none,equal,scaffolding_rapid,3,0.03202535300958045,0.03193270401222884,50,0.022018876070923347,0.04153895981838454,0.020905900223477245,0.04219659944375896
spec_bounded_weekly_break_0.1_epw3_fixed_low_adapt_none,bounded,weekly_break_0.1,3,fixed_low,none,equal,substitution,3,-0.17403272973819106,-0.1795848790986187,50,-0.20193867493088555,-0.14227439398097905,-0.2038678111126444,-0.12798371238709805
spec_bounded_weekly_break_0.1_epw3_fixed_low_adapt_none,bounded,weekly_break_0.1,3,fixed_low,none,learning_first,free_choice,3,-0.03696497431088921,-0.037407250213767146,50,-0.05724317248630741,-0.01837002394564588,-0.06464307125566669,-0.016380361986562942
spec_bounded_weekly_break_0.1_epw3_fixed_low_adapt_none,bounded,weekly_break_0.1,3,fixed_low,none,learning_first,scaffolding_nofade,3,0.0,0.0,50,0.0,0.0,0.0,0.0
spec_bounded_weekly_break_0.1_epw3_fixed_low_adapt_none,bounded,weekly_break_0.1,3,fixed_low,none,learning_first,scaffolding_rapid,3,0.027086109649235527,0.027292121907843282,50,0.018169356575925732,0.034723030893954475,0.01781516849930652,0.035275082997023456
spec_bounded_weekly_break_0.1_epw3_fixed_low_adapt_none,bounded,weekly_break_0.1,3,fixed_low,none,learning_first,substitution,3,-0.1676119375983382,-0.17281683332487463,50,-0.19686573217042075,-0.1376007761898181,-0.19787164723959114,-0.12207770606362735
spec_bounded_weekly_break_0.1_epw3_fixed_low_adapt_none,bounded,weekly_break_0.1,3,fixed_low,none,autonomy_first,free_choice,3,-0.04400997132035687,-0.04460868063569351,50,-0.06413541851889609,-0.02222464766846033,-0.06631052959731565,-0.020543000764374774
spec_bounded_weekly_break_0.1_epw3_fixed_low_adapt_none,bounded,weekly_break_0.1,3,fixed_low,none,autonomy_first,scaffolding_nofade,3,0.0,0.0,50,0.0,0.0,0.0,0.0
spec_bounded_weekly_break_0.1_epw3_fixed_low_adapt_none,bounded,weekly_break_0.1,3,fixed_low,none,autonomy_first,scaffolding_rapid,3,0.04992989159843665,0.05036193638448293,50,0.03629560854476381,0.0630063731256088,0.03584677227955493,0.06380431713033416
spec_bounded_weekly_break_0.1_epw3_fixed_low_adapt_none,bounded,weekly_break_0.1,3,fixed_low,none,autonomy_first,substitution,3,-0.1993766424724196,-0.20276314498285194,50,-0.22651357433200534,-0.16430747178341054,-0.2290510688272251,-0.1492497023631435
spec_bounded_weekly_break_0.1_epw3_fixed_high,bounded,weekly_break_0.1,3,fixed_high,authored,equal,free_choice,2,-0.027530796916917635,-0.026151197625133044,50,-0.046383054117049745,-0.012167824215070592,-0.057091297013765016,-0.010429533522618602
spec_bounded_weekly_break_0.1_epw3_fixed_high,bounded,weekly_break_0.1,3,fixed_high,authored,equal,scaffolding_nofade,2,0.013551540973944285,0.012514013014849728,50,0.00565917307987659,0.02618073298783801,0.003964021606378744,0.02789443849727677
spec_bounded_weekly_break_0.1_epw3_fixed_high,bounded,weekly_break_0.1,3,fixed_high,authored,equal,scaffolding_rapid,2,0.040454719117790576,0.040871055172364334,50,0.022539450603555843,0.05907416803529136,0.019222224552584054,0.06074195126024693
spec_bounded_weekly_break_0.1_epw3_fixed_high,bounded,weekly_break_0.1,3,fixed_high,authored,equal,substitution,2,-0.18542471942693695,-0.19580267563655002,50,-0.2335646069776656,-0.13280086648366857,-0.2426434152464379,-0.10821788012632823
spec_bounded_weekly_break_0.1_epw3_fixed_high,bounded,weekly_break_0.1,3,fixed_high,authored,learning_first,free_choice,2,-0.02605199634972992,-0.024457965000135515,50,-0.044775903192822986,-0.011551030335989766,-0.056255688245718166,-0.009753671019552261
spec_bounded_weekly_break_0.1_epw3_fixed_high,bounded,weekly_break_0.1,3,fixed_high,authored,learning_first,scaffolding_nofade,2,0.014846371560581065,0.013673769983079313,50,0.0068310654640859345,0.027623461904142086,0.004890901747942343,0.02972780689937289
spec_bounded_weekly_break_0.1_epw3_fixed_high,bounded,weekly_break_0.1,3,fixed_high,authored,learning_first,scaffolding_rapid,2,0.03632278649346462,0.03631313320751213,50,0.020714123889815337,0.05286887451302132,0.01751528369598218,0.055098434635679656
spec_bounded_weekly_break_0.1_epw3_fixed_high,bounded,weekly_break_0.1,3,fixed_high,authored,learning_first,substitution,2,-0.18229398681915787,-0.19081676099136782,50,-0.23282056853057828,-0.13204560329032633,-0.24327082696128458,-0.10488696283849011
spec_bounded_weekly_break_0.1_epw3_fixed_high,bounded,weekly_break_0.1,3,fixed_high,authored,autonomy_first,free_choice,2,-0.03175728007267098,-0.03108274297961452,50,-0.0514752259385807,-0.014372682531015224,-0.06014747134087531,-0.012373494712212534
spec_bounded_weekly_break_0.1_epw3_fixed_high,bounded,weekly_break_0.1,3,fixed_high,authored,autonomy_first,scaffolding_nofade,2,0.015953633416786937,0.014994373569426178,50,0.00639347619666012,0.031150348911049223,0.004438176462849992,0.033269081507506036
spec_bounded_weekly_break_0.1_epw3_fixed_high,bounded,weekly_break_0.1,3,fixed_high,authored,autonomy_first,scaffolding_rapid,2,0.05992145876990387,0.06038329844616236,50,0.03615969936726718,0.08352574414659411,0.032421753166964856,0.08888315279325444
spec_bounded_weekly_break_0.1_epw3_fixed_high,bounded,weekly_break_0.1,3,fixed_high,authored,autonomy_first,substitution,2,-0.21393355042899742,-0.22565293641056383,50,-0.26374046060479345,-0.15355246291289834,-0.27329534875137274,-0.12593342604332622
spec_bounded_weekly_break_0.1_epw3_fixed_high_adapt_halved,bounded,weekly_break_0.1,3,fixed_high,halved,equal,free_choice,2,-0.030583324374756877,-0.02920941303288539,50,-0.05273613578596684,-0.013282425905927191,-0.06351474438237133,-0.011161258199997531
spec_bounded_weekly_break_0.1_epw3_fixed_high_adapt_halved,bounded,weekly_break_0.1,3,fixed_high,halved,equal,scaffolding_nofade,2,0.007040684934701408,0.006522690597580878,50,0.002972724699072822,0.013506260625140045,0.0020595558272384577,0.014879697184333952
spec_bounded_weekly_break_0.1_epw3_fixed_high_adapt_halved,bounded,weekly_break_0.1,3,fixed_high,halved,equal,scaffolding_rapid,2,0.035143410981906105,0.03607723650193714,50,0.02056393441232565,0.05050176851826849,0.017957238900000432,0.053193969769380456
spec_bounded_weekly_break_0.1_epw3_fixed_high_adapt_halved,bounded,weekly_break_0.1,3,fixed_high,halved,equal,substitution,2,-0.18579922501440307,-0.19611069988495958,50,-0.23548182931651793,-0.13251309477692846,-0.24366383668509353,-0.10793704434225251
spec_bounded_weekly_break_0.1_epw3_fixed_high_adapt_halved,bounded,weekly_break_0.1,3,fixed_high,halved,learning_first,free_choice,2,-0.029377204085560278,-0.027748042366819194,50,-0.051598396046121875,-0.012830224770929018,-0.06219038143768742,-0.010625490189445655
spec_bounded_weekly_break_0.1_epw3_fixed_high_adapt_halved,bounded,weekly_break_0.1,3,fixed_high,halved,learning_first,scaffolding_nofade,2,0.007710964452471839,0.0071209426037456055,50,0.0035446311606958853,0.014265464171139197,0.0025197923307831616,0.015799033076258868
spec_bounded_weekly_break_0.1_epw3_fixed_high_adapt_halved,bounded,weekly_break_0.1,3,fixed_high,halved,learning_first,scaffolding_rapid,2,0.030568509566410617,0.03096925135176936,50,0.01815060953822887,0.044419450687592905,0.01603560355279898,0.04539436611200488
spec_bounded_weekly_break_0.1_epw3_fixed_high_adapt_halved,bounded,weekly_break_0.1,3,fixed_high,halved,learning_first,substitution,2,-0.18264045089591108,-0.1908332759339656,50,-0.23464791478504926,-0.13181673563943122,-0.244168746705025,-0.10469189050637613
spec_bounded_weekly_break_0.1_epw3_fixed_high_adapt_halved,bounded,weekly_break_0.1,3,fixed_high,halved,autonomy_first,free_choice,2,-0.035307875952355045,-0.034581119706949985,50,-0.0587291101357443,-0.015698569434252196,-0.06833714201743486,-0.013286510740616026
spec_bounded_weekly_break_0.1_epw3_fixed_high_adapt_halved,bounded,weekly_break_0.1,3,fixed_high,halved,autonomy_first,scaffolding_nofade,2,0.008281720546796482,0.007784870163138518,50,0.0033908342007931847,0.016019010176030843,0.0023249230451176514,0.017742925720433025
spec_bounded_weekly_break_0.1_epw3_fixed_high_adapt_halved,bounded,weekly_break_0.1,3,fixed_high,halved,autonomy_first,scaffolding_rapid,2,0.05360175496985671,0.05450085620941974,50,0.03384881261277599,0.07342331779590582,0.030947819970928752,0.07738156456340357
spec_bounded_weekly_break_0.1_epw3_fixed_high_adapt_halved,bounded,weekly_break_0.1,3,fixed_high,halved,autonomy_first,substitution,2,-0.21450813448837247,-0.22615249382602431,50,-0.26562572965481535,-0.15325146238700887,-0.2747637901995273,-0.12558958619753685
spec_bounded_weekly_break_0.1_epw3_fixed_high_adapt_none,bounded,weekly_break_0.1,3,fixed_high,none,equal,free_choice,3,-0.03371211423989615,-0.03241425475514788,50,-0.0588918215229774,-0.014380412908887003,-0.06833867200418225,-0.011944963590063896
spec_bounded_weekly_break_0.1_epw3_fixed_high_adapt_none,bounded,weekly_break_0.1,3,fixed_high,none,equal,scaffolding_nofade,3,0.0,0.0,50,0.0,0.0,0.0,0.0
spec_bounded_weekly_break_0.1_epw3_fixed_high_adapt_none,bounded,weekly_break_0.1,3,fixed_high,none,equal,scaffolding_rapid,3,0.0295880093435715,0.02980155292139001,50,0.018400979808418278,0.0397237478859265,0.016715022524978,0.042596081268060214
spec_bounded_weekly_break_0.1_epw3_fixed_high_adapt_none,bounded,weekly_break_0.1,3,fixed_high,none,equal,substitution,3,-0.1859105126245469,-0.1957844733881395,50,-0.2366913741906054,-0.1321664174371887,-0.24432072379992584,-0.10768271734376665
spec_bounded_weekly_break_0.1_epw3_fixed_high_adapt_none,bounded,weekly_break_0.1,3,fixed_high,none,learning_first,free_choice,3,-0.03277069040833989,-0.031201804061849213,50,-0.05825464975391064,-0.014106325035447932,-0.06752695448401139,-0.011553390697064998
spec_bounded_weekly_break_0.1_epw3_fixed_high_adapt_none,bounded,weekly_break_0.1,3,fixed_high,none,learning_first,scaffolding_nofade,3,0.0,0.0,50,0.0,0.0,0.0,0.0
spec_bounded_weekly_break_0.1_epw3_fixed_high_adapt_none,bounded,weekly_break_0.1,3,fixed_high,none,learning_first,scaffolding_rapid,3,0.024568347944942573,0.024761271000514902,50,0.015012957550212046,0.03406679964617443,0.014439171776292782,0.03515664346866584
spec_bounded_weekly_break_0.1_epw3_fixed_high_adapt_none,bounded,weekly_break_0.1,3,fixed_high,none,learning_first,substitution,3,-0.18269497469240104,-0.19045753858657738,50,-0.23570685844323852,-0.13152616521871424,-0.24463293605492517,-0.10449266782642645
spec_bounded_weekly_break_0.1_epw3_fixed_high_adapt_none,bounded,weekly_break_0.1,3,fixed_high,none,autonomy_first,free_choice,3,-0.0389411341831356,-0.0384006044163936,50,-0.06589977076029326,-0.016964766472746542,-0.07445896387615582,-0.014165043547371437
spec_bounded_weekly_break_0.1_epw3_fixed_high_adapt_none,bounded,weekly_break_0.1,3,fixed_high,none,autonomy_first,scaffolding_nofade,3,0.0,0.0,50,0.0,0.0,0.0,0.0
spec_bounded_weekly_break_0.1_epw3_fixed_high_adapt_none,bounded,weekly_break_0.1,3,fixed_high,none,autonomy_first,scaffolding_rapid,3,0.0469889351088872,0.046461435470890405,50,0.0314832807935619,0.06084657558733084,0.029536314975147512,0.06456906840020694
spec_bounded_weekly_break_0.1_epw3_fixed_high_adapt_none,bounded,weekly_break_0.1,3,fixed_high,none,autonomy_first,substitution,3,-0.21476567232497318,-0.22631371168248582,50,-0.26637000194612737,-0.15285549150728958,-0.2758412825173335,-0.12527733464034577
spec_bounded_weekly_break_0.1_epw1_drawn,bounded,weekly_break_0.1,1,drawn,authored,equal,free_choice,2,-0.04049723462271593,-0.04068852653316046,50,-0.049785681499472385,-0.029632391996290707,-0.05418087205242847,-0.028231548889481862
spec_bounded_weekly_break_0.1_epw1_drawn,bounded,weekly_break_0.1,1,drawn,authored,equal,scaffolding_nofade,2,0.02193257467305911,0.021281652926295563,50,0.016246634763055864,0.028772616461281545,0.015760631012261408,0.02929701829866544
spec_bounded_weekly_break_0.1_epw1_drawn,bounded,weekly_break_0.1,1,drawn,authored,equal,scaffolding_rapid,2,0.03668775422191575,0.03657426637911355,50,0.03085915116622659,0.043820508488302365,0.029650996655664983,0.0441474471507071
spec_bounded_weekly_break_0.1_epw1_drawn,bounded,weekly_break_0.1,1,drawn,authored,equal,substitution,2,-0.1537492678359915,-0.1551574393377375,50,-0.18062768854462227,-0.12429381364916368,-0.18236978597130601,-0.11637472038377777
spec_bounded_weekly_break_0.1_epw1_drawn,bounded,weekly_break_0.1,1,drawn,authored,learning_first,free_choice,2,-0.039027910239931816,-0.03905360352329044,50,-0.048415744291663745,-0.02798582439646074,-0.05256636201468479,-0.026537159625527135
spec_bounded_weekly_break_0.1_epw1_drawn,bounded,weekly_break_0.1,1,drawn,authored,learning_first,scaffolding_nofade,2,0.023627340145196674,0.023150914686043397,50,0.017141676814362374,0.03199238969502771,0.01706853211973448,0.033041509494738885
spec_bounded_weekly_break_0.1_epw1_drawn,bounded,weekly_break_0.1,1,drawn,authored,learning_first,scaffolding_rapid,2,0.033367758171076255,0.033645174048458605,50,0.026338650585450693,0.04145439051327776,0.025466770754462412,0.04221838739639904
spec_bounded_weekly_break_0.1_epw1_drawn,bounded,weekly_break_0.1,1,drawn,authored,learning_first,substitution,2,-0.15170591095483513,-0.15368124842118114,50,-0.17875022522219447,-0.12392102187285936,-0.18460628537517024,-0.11566898305144034
spec_bounded_weekly_break_0.1_epw1_drawn,bounded,weekly_break_0.1,1,drawn,authored,autonomy_first,free_choice,2,-0.04386594949996716,-0.04473992359589074,50,-0.05538885012153506,-0.03276186716739719,-0.05861237829866219,-0.03239687019498324
spec_bounded_weekly_break_0.1_epw1_drawn,bounded,weekly_break_0.1,1,drawn,authored,autonomy_first,scaffolding_nofade,2,0.025791231978741204,0.02468111464809236,50,0.019828985023993013,0.03256781966471597,0.0191584868163075,0.03307941244424845
spec_bounded_weekly_break_0.1_epw1_drawn,bounded,weekly_break_0.1,1,drawn,authored,autonomy_first,scaffolding_rapid,2,0.051151588397817103,0.05098091441871042,50,0.043457452061378486,0.059327102536744336,0.041591699085773495,0.060518671519727237
spec_bounded_weekly_break_0.1_epw1_drawn,bounded,weekly_break_0.1,1,drawn,authored,autonomy_first,substitution,2,-0.16988116960118024,-0.17162862846643076,50,-0.1972901430094419,-0.13537137756883355,-0.20324489372869683,-0.12541185849070774
spec_bounded_weekly_break_0.1_epw1_drawn_adapt_halved,bounded,weekly_break_0.1,1,drawn,halved,equal,free_choice,2,-0.045339864933535756,-0.04573906320905625,50,-0.05449381712087698,-0.03362733938348706,-0.058857279458468706,-0.03217659002366501
spec_bounded_weekly_break_0.1_epw1_drawn_adapt_halved,bounded,weekly_break_0.1,1,drawn,halved,equal,scaffolding_nofade,2,0.011218264868473922,0.010867589424222304,50,0.008304351392108219,0.014486187734441864,0.008103226923848532,0.014752275924204557
spec_bounded_weekly_break_0.1_epw1_drawn_adapt_halved,bounded,weekly_break_0.1,1,drawn,halved,equal,scaffolding_rapid,2,0.026710531271074364,0.025872105488887194,50,0.022373454867674614,0.032961099712241336,0.021403629061985913,0.033413741825843
spec_bounded_weekly_break_0.1_epw1_drawn_adapt_halved,bounded,weekly_break_0.1,1,drawn,halved,equal,substitution,2,-0.1549419412246756,-0.157175912884336,50,-0.18142478954786959,-0.12588853135943714,-0.18387896102476103,-0.11812480375206072
spec_bounded_weekly_break_0.1_epw1_drawn_adapt_halved,bounded,weekly_break_0.1,1,drawn,halved,learning_first,free_choice,2,-0.04428182294667711,-0.04441240899141895,50,-0.05357174585174753,-0.032191626906449264,-0.0577401868210297,-0.030642546165256076
spec_bounded_weekly_break_0.1_epw1_drawn_adapt_halved,bounded,weekly_break_0.1,1,drawn,halved,learning_first,scaffolding_nofade,2,0.012087491911074933,0.011929329017118047,50,0.00886183187332827,0.016119647861648455,0.00864976826272819,0.01665630659363982
spec_bounded_weekly_break_0.1_epw1_drawn_adapt_halved,bounded,weekly_break_0.1,1,drawn,halved,learning_first,scaffolding_rapid,2,0.022771277467698504,0.022506919924036528,50,0.018320114080575014,0.028469314414649477,0.01759015220659399,0.02884474603576181
spec_bounded_weekly_break_0.1_epw1_drawn_adapt_halved,bounded,weekly_break_0.1,1,drawn,halved,learning_first,substitution,2,-0.1528125746643486,-0.1551136812838399,50,-0.179263339387168,-0.1255712027813093,-0.1859336404118024,-0.11730388018987073
spec_bounded_weekly_break_0.1_epw1_drawn_adapt_halved,bounded,weekly_break_0.1,1,drawn,halved,autonomy_first,free_choice,2,-0.04947655787613375,-0.05061509550399717,50,-0.0608534902161164,-0.03764098929970512,-0.06376263232823158,-0.03702816705649455
spec_bounded_weekly_break_0.1_epw1_drawn_adapt_halved,bounded,weekly_break_0.1,1,drawn,halved,autonomy_first,scaffolding_nofade,2,0.013194442903519666,0.012633414477993538,50,0.010053977141961644,0.016472137778193303,0.009826704615690324,0.01672386305150802
spec_bounded_weekly_break_0.1_epw1_drawn_adapt_halved,bounded,weekly_break_0.1,1,drawn,halved,autonomy_first,scaffolding_rapid,2,0.039254390129798644,0.03944733285431519,50,0.03136243317196562,0.047647467532625276,0.03071856310704905,0.048473126450098304
spec_bounded_weekly_break_0.1_epw1_drawn_adapt_halved,bounded,weekly_break_0.1,1,drawn,halved,autonomy_first,substitution,2,-0.17148868862580172,-0.17347028135857762,50,-0.19863026406547363,-0.13737970086631418,-0.2050312956175212,-0.12759432772407597
spec_bounded_weekly_break_0.1_epw1_drawn_adapt_none,bounded,weekly_break_0.1,1,drawn,none,equal,free_choice,3,-0.0499433144737206,-0.050187597624655,50,-0.059088101464689284,-0.037595486789206475,-0.06349399143332732,-0.036009943293590925
spec_bounded_weekly_break_0.1_epw1_drawn_adapt_none,bounded,weekly_break_0.1,1,drawn,none,equal,scaffolding_nofade,3,0.0,0.0,50,0.0,0.0,0.0,0.0
spec_bounded_weekly_break_0.1_epw1_drawn_adapt_none,bounded,weekly_break_0.1,1,drawn,none,equal,scaffolding_rapid,3,0.016387112618637345,0.016027733205822646,50,0.010633365285354123,0.022719798167463535,0.01036953767933259,0.024132423971620437
spec_bounded_weekly_break_0.1_epw1_drawn_adapt_none,bounded,weekly_break_0.1,1,drawn,none,equal,substitution,3,-0.155533010228373,-0.15806569344450888,50,-0.18173666807613717,-0.12646614657851743,-0.1851515230801821,-0.11901704973270795
spec_bounded_weekly_break_0.1_epw1_drawn_adapt_none,bounded,weekly_break_0.1,1,drawn,none,learning_first,free_choice,3,-0.049286589563810275,-0.04997269840987281,50,-0.059945536389782283,-0.03571288403067761,-0.06325478783730155,-0.0344818480655823
spec_bounded_weekly_break_0.1_epw1_drawn_adapt_none,bounded,weekly_break_0.1,1,drawn,none,learning_first,scaffolding_nofade,3,0.0,0.0,50,0.0,0.0,0.0,0.0
spec_bounded_weekly_break_0.1_epw1_drawn_adapt_none,bounded,weekly_break_0.1,1,drawn,none,learning_first,scaffolding_rapid,3,0.011776720110701445,0.011555266009778097,50,0.0077672599586205695,0.016907068368248332,0.007199158729568796,0.0172656325662748
spec_bounded_weekly_break_0.1_epw1_drawn_adapt_none,bounded,weekly_break_0.1,1,drawn,none,learning_first,substitution,3,-0.15328672855896522,-0.1557312602376042,50,-0.17935805048500797,-0.12607628233848012,-0.18660727045680367,-0.11813089713172288
spec_bounded_weekly_break_0.1_epw1_drawn_adapt_none,bounded,weekly_break_0.1,1,drawn,none,autonomy_first,free_choice,3,-0.05479225325086518,-0.055685763427496995,50,-0.06622813689273688,-0.042357407713686214,-0.06888270426482174,-0.04146661809253327
spec_bounded_weekly_break_0.1_epw1_drawn_adapt_none,bounded,weekly_break_0.1,1,drawn,none,autonomy_first,scaffolding_nofade,3,0.0,0.0,50,0.0,0.0,0.0,0.0
spec_bounded_weekly_break_0.1_epw1_drawn_adapt_none,bounded,weekly_break_0.1,1,drawn,none,autonomy_first,scaffolding_rapid,3,0.02696825669411465,0.02718833638519004,50,0.017721258998880864,0.036618819848861624,0.017310165394094485,0.03839817141450755
spec_bounded_weekly_break_0.1_epw1_drawn_adapt_none,bounded,weekly_break_0.1,1,drawn,none,autonomy_first,substitution,3,-0.17237367501680245,-0.17455022690910565,50,-0.19989404852139547,-0.13817827971739383,-0.20642026909772698,-0.12868057640613909
spec_bounded_weekly_break_0.1_epw1_fixed_low,bounded,weekly_break_0.1,1,fixed_low,authored,equal,free_choice,2,-0.03560568831376688,-0.03629926964589307,50,-0.045176626977434,-0.028289282608902466,-0.04563691814763695,-0.02775013407096733
spec_bounded_weekly_break_0.1_epw1_fixed_low,bounded,weekly_break_0.1,1,fixed_low,authored,equal,scaffolding_nofade,2,0.022027743388192647,0.021567616805668245,50,0.015449261057409075,0.028199250658876455,0.014824281295457297,0.028820160219318196
spec_bounded_weekly_break_0.1_epw1_fixed_low,bounded,weekly_break_0.1,1,fixed_low,authored,equal,scaffolding_rapid,2,0.03522190096691407,0.03515081045976221,50,0.02837764682266002,0.04172907998619873,0.02741613274802617,0.042069757988418784
spec_bounded_weekly_break_0.1_epw1_fixed_low,bounded,weekly_break_0.1,1,fixed_low,authored,equal,substitution,2,-0.13598737510194508,-0.13809237188971693,50,-0.15819506152516313,-0.10942131779709863,-0.15929879470214964,-0.10402234351070519
spec_bounded_weekly_break_0.1_epw1_fixed_low,bounded,weekly_break_0.1,1,fixed_low,authored,learning_first,free_choice,2,-0.03351713368776046,-0.03440982242630771,50,-0.043308539027232106,-0.02597216752754868,-0.04440067312939161,-0.02428340739745545
spec_bounded_weekly_break_0.1_epw1_fixed_low,bounded,weekly_break_0.1,1,fixed_low,authored,learning_first,scaffolding_nofade,2,0.023625324404149453,0.023014225229019487,50,0.0162030251035429,0.03063322133151396,0.015332211944967422,0.03125839679804346
spec_bounded_weekly_break_0.1_epw1_fixed_low,bounded,weekly_break_0.1,1,fixed_low,authored,learning_first,scaffolding_rapid,2,0.03207130719785422,0.03232861823540487,50,0.024337045232791336,0.038989239426054395,0.021840817069868377,0.04073940063089841
spec_bounded_weekly_break_0.1_epw1_fixed_low,bounded,weekly_break_0.1,1,fixed_low,authored,learning_first,substitution,2,-0.1315357134284691,-0.1316872882772679,50,-0.1499439086629625,-0.10533915352614147,-0.152734288850294,-0.10027478140343621
spec_bounded_weekly_break_0.1_epw1_fixed_low,bounded,weekly_break_0.1,1,fixed_low,authored,autonomy_first,free_choice,2,-0.037831134215006675,-0.03835121028271849,50,-0.04804360711442222,-0.02939157812192555,-0.04813704248867384,-0.02762202010392353
spec_bounded_weekly_break_0.1_epw1_fixed_low,bounded,weekly_break_0.1,1,fixed_low,authored,autonomy_first,scaffolding_nofade,2,0.025782314008885324,0.02574275995359892,50,0.018981433800513252,0.032421731434389624,0.01815045632083324,0.03292932245251507
spec_bounded_weekly_break_0.1_epw1_fixed_low,bounded,weekly_break_0.1,1,fixed_low,authored,autonomy_first,scaffolding_rapid,2,0.04886706204941242,0.04793223659841021,50,0.040644314213977635,0.056243511831562634,0.04040430182143952,0.05649598899143633
spec_bounded_weekly_break_0.1_epw1_fixed_low,bounded,weekly_break_0.1,1,fixed_low,authored,autonomy_first,substitution,2,-0.14872240880467624,-0.15167035621292949,50,-0.17860027273055232,-0.1114214686814027,-0.18066092327277472,-0.10915276059596131
spec_bounded_weekly_break_0.1_epw1_fixed_low_adapt_halved,bounded,weekly_break_0.1,1,fixed_low,halved,equal,free_choice,2,-0.04005451703755196,-0.040583847689296376,50,-0.04935911024768764,-0.03184674607181428,-0.0500676178615401,-0.03135930904864689
spec_bounded_weekly_break_0.1_epw1_fixed_low_adapt_halved,bounded,weekly_break_0.1,1,fixed_low,halved,equal,scaffolding_nofade,2,0.011290449939242296,0.01105314866462176,50,0.00786600791160992,0.01437116775073506,0.007543678015151083,0.014781233011170682
spec_bounded_weekly_break_0.1_epw1_fixed_low_adapt_halved,bounded,weekly_break_0.1,1,fixed_low,halved,equal,scaffolding_rapid,2,0.02516276030386495,0.02461052339976847,50,0.020816486522478105,0.029725225524134348,0.020635365724962038,0.030335883689607376
spec_bounded_weekly_break_0.1_epw1_fixed_low_adapt_halved,bounded,weekly_break_0.1,1,fixed_low,halved,equal,substitution,2,-0.13637700694674634,-0.13836293290679447,50,-0.15743469490848735,-0.11086289318765241,-0.15939318514070858,-0.10514964361154298
spec_bounded_weekly_break_0.1_epw1_fixed_low_adapt_halved,bounded,weekly_break_0.1,1,fixed_low,halved,learning_first,free_choice,2,-0.03831529118709525,-0.03920201460582527,50,-0.04766336203536864,-0.030029733220939235,-0.04906770344964817,-0.028925970530398668
spec_bounded_weekly_break_0.1_epw1_fixed_low_adapt_halved,bounded,weekly_break_0.1,1,fixed_low,halved,learning_first,scaffolding_nofade,2,0.01211538237175781,0.011818873792632408,50,0.008275515182984909,0.015633804085672633,0.007818480837675867,0.016008733405498205
spec_bounded_weekly_break_0.1_epw1_fixed_low_adapt_halved,bounded,weekly_break_0.1,1,fixed_low,halved,learning_first,scaffolding_rapid,2,0.021417524246372954,0.021504644176448658,50,0.016788621406486497,0.025815716495044612,0.01526347774366344,0.026140078351234646
spec_bounded_weekly_break_0.1_epw1_fixed_low_adapt_halved,bounded,weekly_break_0.1,1,fixed_low,halved,learning_first,substitution,2,-0.13174243454570267,-0.13163976233938984,50,-0.14979037058299147,-0.10656612504706076,-0.1526937478447707,-0.10129414169919415
spec_bounded_weekly_break_0.1_epw1_fixed_low_adapt_halved,bounded,weekly_break_0.1,1,fixed_low,halved,autonomy_first,free_choice,2,-0.0429761768318656,-0.04336837602312034,50,-0.053245767506371805,-0.034251944889728755,-0.05329056189772195,-0.03314692346111048
spec_bounded_weekly_break_0.1_epw1_fixed_low_adapt_halved,bounded,weekly_break_0.1,1,fixed_low,halved,autonomy_first,scaffolding_nofade,2,0.013210665548959473,0.013228591289267259,50,0.009673975509277935,0.016709317152507494,0.009224690255612143,0.016957973618527855
spec_bounded_weekly_break_0.1_epw1_fixed_low_adapt_halved,bounded,weekly_break_0.1,1,fixed_low,halved,autonomy_first,scaffolding_rapid,2,0.036934947001017,0.037317215718653464,50,0.030150985022217434,0.04471776143827226,0.027207036641978148,0.04517009889582223
spec_bounded_weekly_break_0.1_epw1_fixed_low_adapt_halved,bounded,weekly_break_0.1,1,fixed_low,halved,autonomy_first,substitution,2,-0.14940836324312182,-0.15230188915361553,50,-0.17838666729739147,-0.11317156446780204,-0.18004296757131444,-0.11024810752884684
spec_bounded_weekly_break_0.1_epw1_fixed_low_adapt_none,bounded,weekly_break_0.1,1,fixed_low,none,equal,free_choice,3,-0.044301013364023395,-0.045262171357267136,50,-0.053929295889651285,-0.03613360065937905,-0.05451467962780134,-0.03482920117593279
spec_bounded_weekly_break_0.1_epw1_fixed_low_adapt_none,bounded,weekly_break_0.1,1,fixed_low,none,equal,scaffolding_nofade,3,0.0,0.0,50,0.0,0.0,0.0,0.0
spec_bounded_weekly_break_0.1_epw1_fixed_low_adapt_none,bounded,weekly_break_0.1,1,fixed_low,none,equal,scaffolding_rapid,3,0.014697886232655522,0.015029618435488171,50,0.009043181271154593,0.01988103493241449,0.008462165773416628,0.02049916350922587
spec_bounded_weekly_break_0.1_epw1_fixed_low_adapt_none,bounded,weekly_break_0.1,1,fixed_low,none,equal,substitution,3,-0.13625539829963645,-0.13809884886711196,50,-0.15692626824181508,-0.11134788112223225,-0.15877429012566532,-0.1057398470614232
spec_bounded_weekly_break_0.1_epw1_fixed_low_adapt_none,bounded,weekly_break_0.1,1,fixed_low,none,learning_first,free_choice,3,-0.04288502941017888,-0.0440124335514097,50,-0.05259243106273356,-0.03423060605053907,-0.053671045372014094,-0.032417026883675884
spec_bounded_weekly_break_0.1_epw1_fixed_low_adapt_none,bounded,weekly_break_0.1,1,fixed_low,none,learning_first,scaffolding_nofade,3,0.0,0.0,50,0.0,0.0,0.0,0.0
spec_bounded_weekly_break_0.1_epw1_fixed_low_adapt_none,bounded,weekly_break_0.1,1,fixed_low,none,learning_first,scaffolding_rapid,3,0.010330844065300366,0.010538478138840084,50,0.006419055719331192,0.014128639049601162,0.006160759427152897,0.014352169942870537
spec_bounded_weekly_break_0.1_epw1_fixed_low_adapt_none,bounded,weekly_break_0.1,1,fixed_low,none,learning_first,substitution,3,-0.13140006062599327,-0.13140797850360564,50,-0.14908895198775493,-0.10687578988304475,-0.1516454234438236,-0.10178708564977307
spec_bounded_weekly_break_0.1_epw1_fixed_low_adapt_none,bounded,weekly_break_0.1,1,fixed_low,none,autonomy_first,free_choice,3,-0.047893292593524955,-0.04841999479100021,50,-0.05777365125544296,-0.0385719912428413,-0.05956925538053103,-0.03797354734223736
spec_bounded_weekly_break_0.1_epw1_fixed_low_adapt_none,bounded,weekly_break_0.1,1,fixed_low,none,autonomy_first,scaffolding_nofade,3,0.0,0.0,50,0.0,0.0,0.0,0.0
spec_bounded_weekly_break_0.1_epw1_fixed_low_adapt_none,bounded,weekly_break_0.1,1,fixed_low,none,autonomy_first,scaffolding_rapid,3,0.024518602201611436,0.02465237790819929,50,0.01463889190930968,0.032975194134099065,0.013875712902165622,0.033632835399305464
spec_bounded_weekly_break_0.1_epw1_fixed_low_adapt_none,bounded,weekly_break_0.1,1,fixed_low,none,autonomy_first,substitution,3,-0.14951076121162565,-0.15235144367581072,50,-0.1777732566524749,-0.11404959686535651,-0.17969204629807045,-0.11077125127218924
spec_bounded_weekly_break_0.1_epw1_fixed_high,bounded,weekly_break_0.1,1,fixed_high,authored,equal,free_choice,2,-0.04141146169036012,-0.04316760603427701,50,-0.05095238068682643,-0.030193035929420624,-0.053467448920863525,-0.029495779793004367
spec_bounded_weekly_break_0.1_epw1_fixed_high,bounded,weekly_break_0.1,1,fixed_high,authored,equal,scaffolding_nofade,2,0.02227500510368057,0.021969825613854,50,0.014787010386956739,0.030014712920107347,0.013449946285099422,0.031333281447752326
spec_bounded_weekly_break_0.1_epw1_fixed_high,bounded,weekly_break_0.1,1,fixed_high,authored,equal,scaffolding_rapid,2,0.03857569867924518,0.03938179966608259,50,0.028879022722191908,0.04613538878031979,0.027243477727816198,0.04700354301595274
spec_bounded_weekly_break_0.1_epw1_fixed_high,bounded,weekly_break_0.1,1,fixed_high,authored,equal,substitution,2,-0.17437138661522178,-0.17645811704578712,50,-0.19578483491351956,-0.14836070090718587,-0.19779917648689158,-0.14645016466715466
spec_bounded_weekly_break_0.1_epw1_fixed_high,bounded,weekly_break_0.1,1,fixed_high,authored,learning_first,free_choice,2,-0.04027190202912724,-0.04219135726686961,50,-0.04987548471053286,-0.028253135275261826,-0.05305070787964281,-0.027768416089312842
spec_bounded_weekly_break_0.1_epw1_fixed_high,bounded,weekly_break_0.1,1,fixed_high,authored,learning_first,scaffolding_nofade,2,0.023830638438296043,0.023468539134711367,50,0.01567244308955465,0.03269093522551405,0.013879177866517977,0.03376943285837122
spec_bounded_weekly_break_0.1_epw1_fixed_high,bounded,weekly_break_0.1,1,fixed_high,authored,learning_first,scaffolding_rapid,2,0.03471533691625089,0.03543666930199747,50,0.02464329587260876,0.04361162655716555,0.021503320978053873,0.04422667240680576
spec_bounded_weekly_break_0.1_epw1_fixed_high,bounded,weekly_break_0.1,1,fixed_high,authored,learning_first,substitution,2,-0.17335354993351365,-0.17579691406752723,50,-0.19425060589459867,-0.14782592575338,-0.19534631034574623,-0.1444925506443684
spec_bounded_weekly_break_0.1_epw1_fixed_high,bounded,weekly_break_0.1,1,fixed_high,authored,autonomy_first,free_choice,2,-0.045738629529075016,-0.047693217620448966,50,-0.05553094043740359,-0.034520748025632715,-0.05787905220268528,-0.03379766148148902
spec_bounded_weekly_break_0.1_epw1_fixed_high,bounded,weekly_break_0.1,1,fixed_high,authored,autonomy_first,scaffolding_nofade,2,0.026339773174152942,0.026082517455150632,50,0.017984475054986595,0.035173378308062886,0.016739286007627405,0.03625223976347065
spec_bounded_weekly_break_0.1_epw1_fixed_high,bounded,weekly_break_0.1,1,fixed_high,authored,autonomy_first,scaffolding_rapid,2,0.054258658664623344,0.05443491480596409,50,0.04471255580972348,0.06326599511503139,0.04343350080269312,0.06375915174860207
spec_bounded_weekly_break_0.1_epw1_fixed_high,bounded,weekly_break_0.1,1,fixed_high,authored,autonomy_first,substitution,2,-0.19565265737609724,-0.19934740747300977,50,-0.22210613996968445,-0.16177914172727584,-0.2227386915049657,-0.15135850423974637
spec_bounded_weekly_break_0.1_epw1_fixed_high_adapt_halved,bounded,weekly_break_0.1,1,fixed_high,halved,equal,free_choice,2,-0.04647104489655752,-0.04845811974261892,50,-0.05603269525357021,-0.033534583087963844,-0.05827693662709753,-0.03274239634091613
spec_bounded_weekly_break_0.1_epw1_fixed_high_adapt_halved,bounded,weekly_break_0.1,1,fixed_high,halved,equal,scaffolding_nofade,2,0.011461169417772763,0.011292764038831251,50,0.007472175400816161,0.01534760892155929,0.006855076469576555,0.016055380485172084
spec_bounded_weekly_break_0.1_epw1_fixed_high_adapt_halved,bounded,weekly_break_0.1,1,fixed_high,halved,equal,scaffolding_rapid,2,0.028583510225836283,0.028605255635896984,50,0.02185375174713618,0.034142710252711476,0.021592402622731762,0.03520062079841765
spec_bounded_weekly_break_0.1_epw1_fixed_high_adapt_halved,bounded,weekly_break_0.1,1,fixed_high,halved,equal,substitution,2,-0.17607370815916418,-0.17886043431334347,50,-0.1966883226470764,-0.15050403827772915,-0.1990780129278219,-0.1487467271852675
spec_bounded_weekly_break_0.1_epw1_fixed_high_adapt_halved,bounded,weekly_break_0.1,1,fixed_high,halved,learning_first,free_choice,2,-0.045750752368925854,-0.04772208530882595,50,-0.0553066332575148,-0.031866388444880066,-0.05834254492830592,-0.03126160193411059
spec_bounded_weekly_break_0.1_epw1_fixed_high_adapt_halved,bounded,weekly_break_0.1,1,fixed_high,halved,learning_first,scaffolding_nofade,2,0.012271929010411457,0.012017547805738011,50,0.007991635610913218,0.01684597469563775,0.007095121637940908,0.017363112490980336
spec_bounded_weekly_break_0.1_epw1_fixed_high_adapt_halved,bounded,weekly_break_0.1,1,fixed_high,halved,learning_first,scaffolding_rapid,2,0.024180003857026157,0.024345604400681994,50,0.017448282030659325,0.029495066259307704,0.015828288836416293,0.030410350126253198
spec_bounded_weekly_break_0.1_epw1_fixed_high_adapt_halved,bounded,weekly_break_0.1,1,fixed_high,halved,learning_first,substitution,2,-0.17503352547807136,-0.1768969660009892,50,-0.19668962254830355,-0.14931392880633484,-0.19691251427045894,-0.14743726821142183
spec_bounded_weekly_break_0.1_epw1_fixed_high_adapt_halved,bounded,weekly_break_0.1,1,fixed_high,halved,autonomy_first,free_choice,2,-0.05160776488640494,-0.054419373872832744,50,-0.062482798956450744,-0.03876201862808733,-0.06376644113265817,-0.038346616790878946
spec_bounded_weekly_break_0.1_epw1_fixed_high_adapt_halved,bounded,weekly_break_0.1,1,fixed_high,halved,autonomy_first,scaffolding_nofade,2,0.013542255439251036,0.01344651527886975,50,0.009064331246470117,0.018181987878863905,0.008520036002191804,0.01861355822540712
spec_bounded_weekly_break_0.1_epw1_fixed_high_adapt_halved,bounded,weekly_break_0.1,1,fixed_high,halved,autonomy_first,scaffolding_rapid,2,0.042287491403718146,0.04233688760268686,50,0.03535199049076075,0.04948406421980921,0.03527834105478577,0.05190610877102825
spec_bounded_weekly_break_0.1_epw1_fixed_high_adapt_halved,bounded,weekly_break_0.1,1,fixed_high,halved,autonomy_first,substitution,2,-0.19781867852805102,-0.20112452413462284,50,-0.22342774247899377,-0.16492166879142361,-0.2242453845736711,-0.15330416927457502
spec_bounded_weekly_break_0.1_epw1_fixed_high_adapt_none,bounded,weekly_break_0.1,1,fixed_high,none,equal,free_choice,3,-0.051412893261768546,-0.05322896066175024,50,-0.0616662199591498,-0.03702000108912474,-0.06316055448572398,-0.03609184061643006
spec_bounded_weekly_break_0.1_epw1_fixed_high_adapt_none,bounded,weekly_break_0.1,1,fixed_high,none,equal,scaffolding_nofade,3,0.0,0.0,50,0.0,0.0,0.0,0.0
spec_bounded_weekly_break_0.1_epw1_fixed_high_adapt_none,bounded,weekly_break_0.1,1,fixed_high,none,equal,scaffolding_rapid,3,0.01819584933819979,0.017854576570016965,50,0.012559285908787429,0.023896809477333667,0.011596363872415883,0.025329491340995457
spec_bounded_weekly_break_0.1_epw1_fixed_high_adapt_none,bounded,weekly_break_0.1,1,fixed_high,none,equal,substitution,3,-0.17723929480596104,-0.17979094690191016,50,-0.19763418738941313,-0.15220208838174612,-0.2000607519100832,-0.15043543788205166
spec_bounded_weekly_break_0.1_epw1_fixed_high_adapt_none,bounded,weekly_break_0.1,1,fixed_high,none,learning_first,free_choice,3,-0.051087903263725476,-0.053053713478725145,50,-0.06127138934716565,-0.03555975930456811,-0.06371513375683788,-0.03484754737744566
spec_bounded_weekly_break_0.1_epw1_fixed_high_adapt_none,bounded,weekly_break_0.1,1,fixed_high,none,learning_first,scaffolding_nofade,3,0.0,0.0,50,0.0,0.0,0.0,0.0
spec_bounded_weekly_break_0.1_epw1_fixed_high_adapt_none,bounded,weekly_break_0.1,1,fixed_high,none,learning_first,scaffolding_rapid,3,0.013205634259681309,0.013496368168068002,50,0.009277047942698359,0.017671056012141237,0.008707714805710856,0.018549455231231807
spec_bounded_weekly_break_0.1_epw1_fixed_high_adapt_none,bounded,weekly_break_0.1,1,fixed_high,none,learning_first,substitution,3,-0.17613209341980687,-0.17786514869648137,50,-0.19778050159932364,-0.15042753266256306,-0.1984198467093807,-0.14973590047492896
spec_bounded_weekly_break_0.1_epw1_fixed_high_adapt_none,bounded,weekly_break_0.1,1,fixed_high,none,autonomy_first,free_choice,3,-0.057348363118914135,-0.0602789415079949,50,-0.06887934067517143,-0.042810831099724146,-0.069935457280587,-0.042433013010749726
spec_bounded_weekly_break_0.1_epw1_fixed_high_adapt_none,bounded,weekly_break_0.1,1,fixed_high,none,autonomy_first,scaffolding_nofade,3,0.0,0.0,50,0.0,0.0,0.0,0.0
spec_bounded_weekly_break_0.1_epw1_fixed_high_adapt_none,bounded,weekly_break_0.1,1,fixed_high,none,autonomy_first,scaffolding_rapid,3,0.029847904454525544,0.030245073265924335,50,0.020419304098136724,0.03901828799140656,0.01918283516819489,0.040434851226125786
spec_bounded_weekly_break_0.1_epw1_fixed_high_adapt_none,bounded,weekly_break_0.1,1,fixed_high,none,autonomy_first,substitution,3,-0.19936163115089905,-0.20206466312171795,50,-0.2246676009853618,-0.16758923914054144,-0.22520235627186846,-0.15503761673615457
spec_bounded_weekly_break_0.1_epw5_drawn,bounded,weekly_break_0.1,5,drawn,authored,equal,free_choice,2,-0.020824391485368975,-0.020087649957895318,50,-0.034398989189186054,-0.006670683708199968,-0.03609230868465591,-0.006195962742188883
spec_bounded_weekly_break_0.1_epw5_drawn,bounded,weekly_break_0.1,5,drawn,authored,equal,scaffolding_nofade,2,0.008687370613259762,0.00757474006633969,50,0.002679432828515843,0.018174258762178104,0.002323179114107363,0.01950343645353997
spec_bounded_weekly_break_0.1_epw5_drawn,bounded,weekly_break_0.1,5,drawn,authored,equal,scaffolding_rapid,2,0.036753884577214575,0.03473883304852672,50,0.019279977660456124,0.057128306771358106,0.01751513429173779,0.05903637183003979
spec_bounded_weekly_break_0.1_epw5_drawn,bounded,weekly_break_0.1,5,drawn,authored,equal,substitution,2,-0.15076049035733446,-0.15305787189361875,50,-0.21296978099550867,-0.07746446350007856,-0.2163567750935923,-0.07006846907621743
spec_bounded_weekly_break_0.1_epw5_drawn,bounded,weekly_break_0.1,5,drawn,authored,learning_first,free_choice,2,-0.019416611452237133,-0.017961382327659592,50,-0.03178689294613749,-0.00610712277284855,-0.033671215567148784,-0.005672503918573206
spec_bounded_weekly_break_0.1_epw5_drawn,bounded,weekly_break_0.1,5,drawn,authored,learning_first,scaffolding_nofade,2,0.009340009219072626,0.008158125220844758,50,0.0032777942949531536,0.018939746477967066,0.0028706749656868505,0.020425422877083765
spec_bounded_weekly_break_0.1_epw5_drawn,bounded,weekly_break_0.1,5,drawn,authored,learning_first,scaffolding_rapid,2,0.032751363673580454,0.030526157405003015,50,0.01785169878925425,0.053615232273651066,0.015086983097201676,0.05504152446121393
spec_bounded_weekly_break_0.1_epw5_drawn,bounded,weekly_break_0.1,5,drawn,authored,learning_first,substitution,2,-0.14549124179668016,-0.14598497429687113,50,-0.2094332828514603,-0.07600685114847777,-0.212294598224149,-0.06960529024787446
spec_bounded_weekly_break_0.1_epw5_drawn,bounded,weekly_break_0.1,5,drawn,authored,autonomy_first,free_choice,2,-0.024582572914054173,-0.024196099455524707,50,-0.040321652883787584,-0.008265069941712094,-0.042025242029769365,-0.007521077095686998
spec_bounded_weekly_break_0.1_epw5_drawn,bounded,weekly_break_0.1,5,drawn,authored,autonomy_first,scaffolding_nofade,2,0.01051064557609881,0.009056564344678608,50,0.0030288400977229457,0.022197517373819368,0.0025956046528182878,0.02373563889071056
spec_bounded_weekly_break_0.1_epw5_drawn,bounded,weekly_break_0.1,5,drawn,authored,autonomy_first,scaffolding_rapid,2,0.05529259947929721,0.05265489620980008,50,0.03003751734691511,0.08233475540093638,0.02876625445280868,0.08412439089010638
spec_bounded_weekly_break_0.1_epw5_drawn,bounded,weekly_break_0.1,5,drawn,authored,autonomy_first,substitution,2,-0.17690090238143413,-0.18035892665382833,50,-0.24504821565848242,-0.09188979212096528,-0.2502366475626066,-0.0819455748629356
spec_bounded_weekly_break_0.1_epw5_drawn_adapt_halved,bounded,weekly_break_0.1,5,drawn,halved,equal,free_choice,2,-0.02279957664007053,-0.021771081325105072,50,-0.0369986389508928,-0.007109186059131159,-0.04006663330547734,-0.0065587271617459815
spec_bounded_weekly_break_0.1_epw5_drawn_adapt_halved,bounded,weekly_break_0.1,5,drawn,halved,equal,scaffolding_nofade,2,0.004509413332680929,0.003939968977801146,50,0.0013898671346545147,0.009394270674217811,0.0012249182131119718,0.009873493456215687
spec_bounded_weekly_break_0.1_epw5_drawn_adapt_halved,bounded,weekly_break_0.1,5,drawn,halved,equal,scaffolding_rapid,2,0.03352282654920826,0.031824354256153105,50,0.018559096751894606,0.052762132729698714,0.01704527138785929,0.05456175180102934
spec_bounded_weekly_break_0.1_epw5_drawn_adapt_halved,bounded,weekly_break_0.1,5,drawn,halved,equal,substitution,2,-0.15022107590311573,-0.1526572791936977,50,-0.21182617832935016,-0.07701320187358653,-0.2155248812929872,-0.0697561798943774
spec_bounded_weekly_break_0.1_epw5_drawn_adapt_halved,bounded,weekly_break_0.1,5,drawn,halved,learning_first,free_choice,2,-0.021517777787786657,-0.019648766415005015,50,-0.0353446659078897,-0.006668665981738731,-0.03801515122408193,-0.00606406444373175
spec_bounded_weekly_break_0.1_epw5_drawn_adapt_halved,bounded,weekly_break_0.1,5,drawn,halved,learning_first,scaffolding_nofade,2,0.004848174011485457,0.004221649893551756,50,0.0016914971060067042,0.009802812909913507,0.0014921827702360753,0.01040077007639112
spec_bounded_weekly_break_0.1_epw5_drawn_adapt_halved,bounded,weekly_break_0.1,5,drawn,halved,learning_first,scaffolding_rapid,2,0.02935617607589023,0.02764212146863798,50,0.016575353900269246,0.04659726800889059,0.014470162471658547,0.04913065289836107
spec_bounded_weekly_break_0.1_epw5_drawn_adapt_halved,bounded,weekly_break_0.1,5,drawn,halved,learning_first,substitution,2,-0.14484010843803433,-0.14549588892090282,50,-0.20884682730101733,-0.07570358222561657,-0.21109334429284424,-0.06921558193655072
spec_bounded_weekly_break_0.1_epw5_drawn_adapt_halved,bounded,weekly_break_0.1,5,drawn,halved,autonomy_first,free_choice,2,-0.02694571925366453,-0.026258902623173604,50,-0.04348064110968814,-0.00878343036352514,-0.046892439410669624,-0.007921161890293932
spec_bounded_weekly_break_0.1_epw5_drawn_adapt_halved,bounded,weekly_break_0.1,5,drawn,halved,autonomy_first,scaffolding_nofade,2,0.005452821136715619,0.004753656750217583,50,0.0015862309106556556,0.01147837561883508,0.0013892312716226104,0.011985866202652122
spec_bounded_weekly_break_0.1_epw5_drawn_adapt_halved,bounded,weekly_break_0.1,5,drawn,halved,autonomy_first,scaffolding_rapid,2,0.051321693011423836,0.04998604370827823,50,0.029229965909422433,0.07768152432124388,0.028264621917179003,0.08011373891053594
spec_bounded_weekly_break_0.1_epw5_drawn_adapt_halved,bounded,weekly_break_0.1,5,drawn,halved,autonomy_first,substitution,2,-0.17644480950822128,-0.1800611507567042,50,-0.2442314850106409,-0.09134552955880829,-0.24968968790091312,-0.08156461228495913
spec_bounded_weekly_break_0.1_epw5_drawn_adapt_none,bounded,weekly_break_0.1,5,drawn,none,equal,free_choice,3,-0.024766573008838458,-0.02313642287401857,50,-0.041001814163521215,-0.007513109889565111,-0.04410336276933446,-0.006936009038410581
spec_bounded_weekly_break_0.1_epw5_drawn_adapt_none,bounded,weekly_break_0.1,5,drawn,none,equal,scaffolding_nofade,3,0.0,0.0,50,0.0,0.0,0.0,0.0
spec_bounded_weekly_break_0.1_epw5_drawn_adapt_none,bounded,weekly_break_0.1,5,drawn,none,equal,scaffolding_rapid,3,0.030205271235389443,0.028569006527746448,50,0.017793140131762867,0.048261248870556224,0.01650748742867538,0.04924008725897314
spec_bounded_weekly_break_0.1_epw5_drawn_adapt_none,bounded,weekly_break_0.1,5,drawn,none,equal,substitution,3,-0.14947549843472283,-0.1520766320877833,50,-0.21029324999457652,-0.07666988750921129,-0.21434525943438204,-0.06926953312563396
spec_bounded_weekly_break_0.1_epw5_drawn_adapt_none,bounded,weekly_break_0.1,5,drawn,none,learning_first,free_choice,3,-0.023613189629273168,-0.021122762370542184,50,-0.03968078731678795,-0.0072072227991814555,-0.04229370555411198,-0.006465491645597379
spec_bounded_weekly_break_0.1_epw5_drawn_adapt_none,bounded,weekly_break_0.1,5,drawn,none,learning_first,scaffolding_nofade,3,0.0,0.0,50,0.0,0.0,0.0,0.0
spec_bounded_weekly_break_0.1_epw5_drawn_adapt_none,bounded,weekly_break_0.1,5,drawn,none,learning_first,scaffolding_rapid,3,0.025871521242183962,0.023770037917168804,50,0.015238640934074918,0.04052230261422255,0.013849629547703265,0.04278994704085589
spec_bounded_weekly_break_0.1_epw5_drawn_adapt_none,bounded,weekly_break_0.1,5,drawn,none,learning_first,substitution,3,-0.14397970633892684,-0.14479362329543746,50,-0.20781439622518383,-0.07528825665365951,-0.20976325770610257,-0.06890112633205653
spec_bounded_weekly_break_0.1_epw5_drawn_adapt_none,bounded,weekly_break_0.1,5,drawn,none,autonomy_first,free_choice,3,-0.029290670271620994,-0.028091410872262104,50,-0.047150421483946874,-0.009253147186950802,-0.0513633836888401,-0.008346499819083215
spec_bounded_weekly_break_0.1_epw5_drawn_adapt_none,bounded,weekly_break_0.1,5,drawn,none,autonomy_first,scaffolding_nofade,3,0.0,0.0,50,0.0,0.0,0.0,0.0
spec_bounded_weekly_break_0.1_epw5_drawn_adapt_none,bounded,weekly_break_0.1,5,drawn,none,autonomy_first,scaffolding_rapid,3,0.047234803203069574,0.04681622465368852,50,0.02835192279706349,0.07099430989015054,0.0276731789495802,0.07384550821017073
spec_bounded_weekly_break_0.1_epw5_drawn_adapt_none,bounded,weekly_break_0.1,5,drawn,none,autonomy_first,substitution,3,-0.17572843723908882,-0.17956210354090962,50,-0.2427854297089541,-0.09095677109118903,-0.24869225632063618,-0.08100485554506412
spec_bounded_weekly_break_0.1_epw5_fixed_low,bounded,weekly_break_0.1,5,fixed_low,authored,equal,free_choice,2,-0.020898231892761486,-0.019192832552485287,50,-0.036639320719303946,-0.008668602614941458,-0.04898386293646407,-0.0073321867423662545
spec_bounded_weekly_break_0.1_epw5_fixed_low,bounded,weekly_break_0.1,5,fixed_low,authored,equal,scaffolding_nofade,2,0.010022786139444163,0.008678668122443188,50,0.0035779196224796114,0.020883866618627563,0.0024315456867436912,0.021148712307557042
spec_bounded_weekly_break_0.1_epw5_fixed_low,bounded,weekly_break_0.1,5,fixed_low,authored,equal,scaffolding_rapid,2,0.040061124899305425,0.040165226921135555,50,0.022753962061286322,0.06108281138947338,0.02024819801463686,0.06580242521744703
spec_bounded_weekly_break_0.1_epw5_fixed_low,bounded,weekly_break_0.1,5,fixed_low,authored,equal,substitution,2,-0.14589608875726573,-0.15036116422016685,50,-0.20595044372265117,-0.09573009776164709,-0.21222286908589763,-0.07788958111054795
spec_bounded_weekly_break_0.1_epw5_fixed_low,bounded,weekly_break_0.1,5,fixed_low,authored,learning_first,free_choice,2,-0.019341857633643718,-0.017903123365638082,50,-0.03435379389916771,-0.00815967583013201,-0.04570553323136395,-0.006917649131985785
spec_bounded_weekly_break_0.1_epw5_fixed_low,bounded,weekly_break_0.1,5,fixed_low,authored,learning_first,scaffolding_nofade,2,0.010704302226799536,0.009258660079686013,50,0.004145508186340396,0.02160777825035323,0.0029322760966673037,0.022073195102320003
spec_bounded_weekly_break_0.1_epw5_fixed_low,bounded,weekly_break_0.1,5,fixed_low,authored,learning_first,scaffolding_rapid,2,0.036624663792428465,0.036953181971611744,50,0.0211337438314772,0.055668346954599185,0.01962131026608679,0.05786934950564777
spec_bounded_weekly_break_0.1_epw5_fixed_low,bounded,weekly_break_0.1,5,fixed_low,authored,learning_first,substitution,2,-0.13988243183973426,-0.14290821298502923,50,-0.20006670511442676,-0.0920872238044956,-0.20548241513869006,-0.07541936568038449
spec_bounded_weekly_break_0.1_epw5_fixed_low,bounded,weekly_break_0.1,5,fixed_low,authored,autonomy_first,free_choice,2,-0.024496399844057982,-0.023325683182452712,50,-0.04183082460826493,-0.010471067325019895,-0.05235294822094707,-0.008851591686851354
spec_bounded_weekly_break_0.1_epw5_fixed_low,bounded,weekly_break_0.1,5,fixed_low,authored,autonomy_first,scaffolding_nofade,2,0.01214288304015922,0.010665137072986844,50,0.004228984419939749,0.025676293128599436,0.0028230164671804534,0.02574964007059316
spec_bounded_weekly_break_0.1_epw5_fixed_low,bounded,weekly_break_0.1,5,fixed_low,authored,autonomy_first,scaffolding_rapid,2,0.059201335276175104,0.059452151030435135,50,0.03532936286532444,0.08691429999384585,0.03220715028149335,0.09725494205321916
spec_bounded_weekly_break_0.1_epw5_fixed_low,bounded,weekly_break_0.1,5,fixed_low,authored,autonomy_first,substitution,2,-0.17081017761192313,-0.17704109750240332,50,-0.23353982416450292,-0.11220503428313698,-0.2348673679185017,-0.09184550932442492
spec_bounded_weekly_break_0.1_epw5_fixed_low_adapt_halved,bounded,weekly_break_0.1,5,fixed_low,halved,equal,free_choice,2,-0.022989721447195986,-0.02113209299895983,50,-0.041090648648536655,-0.00934150508421148,-0.052273290257904385,-0.007759443106562665
spec_bounded_weekly_break_0.1_epw5_fixed_low_adapt_halved,bounded,weekly_break_0.1,5,fixed_low,halved,equal,scaffolding_nofade,2,0.005194358001589655,0.004545785456314745,50,0.0018202936610850428,0.010738817499010088,0.0012609392608876277,0.010871309279690548
spec_bounded_weekly_break_0.1_epw5_fixed_low_adapt_halved,bounded,weekly_break_0.1,5,fixed_low,halved,equal,scaffolding_rapid,2,0.03628151847117488,0.037383815371453535,50,0.02162083208066579,0.05470158057713877,0.01958860513013878,0.058111142948154386
spec_bounded_weekly_break_0.1_epw5_fixed_low_adapt_halved,bounded,weekly_break_0.1,5,fixed_low,halved,equal,substitution,2,-0.14476170198590652,-0.14910931679402412,50,-0.20442237100920663,-0.09500886435155524,-0.21046055550562184,-0.07748981186520085
spec_bounded_weekly_break_0.1_epw5_fixed_low_adapt_halved,bounded,weekly_break_0.1,5,fixed_low,halved,learning_first,free_choice,2,-0.021552880424759353,-0.020097685057841437,50,-0.03902365901603857,-0.008914054994598696,-0.04923207066690681,-0.007410501569182432
spec_bounded_weekly_break_0.1_epw5_fixed_low_adapt_halved,bounded,weekly_break_0.1,5,fixed_low,halved,learning_first,scaffolding_nofade,2,0.005542715633031209,0.0048132776633428315,50,0.0021219939340429666,0.01109923972794633,0.0015171907795803311,0.011337431141313407
spec_bounded_weekly_break_0.1_epw5_fixed_low_adapt_halved,bounded,weekly_break_0.1,5,fixed_low,halved,learning_first,scaffolding_rapid,2,0.032667104248845225,0.033243316410268064,50,0.019527051770534758,0.049021085825367225,0.018734667893034254,0.052008319449108685
spec_bounded_weekly_break_0.1_epw5_fixed_low_adapt_halved,bounded,weekly_break_0.1,5,fixed_low,halved,learning_first,substitution,2,-0.1386187269895479,-0.1415525950391211,50,-0.19828151255783083,-0.09109528786168572,-0.20335222399423172,-0.07502349331002978
spec_bounded_weekly_break_0.1_epw5_fixed_low_adapt_halved,bounded,weekly_break_0.1,5,fixed_low,halved,autonomy_first,free_choice,2,-0.027003451173005108,-0.025221648558903773,50,-0.04668822882598213,-0.011247875307221836,-0.058441558496851544,-0.009359606569199562
spec_bounded_weekly_break_0.1_epw5_fixed_low_adapt_halved,bounded,weekly_break_0.1,5,fixed_low,halved,autonomy_first,scaffolding_nofade,2,0.006300179718282882,0.00563105078211596,50,0.0021470141479333475,0.013007936866283782,0.0014545088551841672,0.0134063444802002
spec_bounded_weekly_break_0.1_epw5_fixed_low_adapt_halved,bounded,weekly_break_0.1,5,fixed_low,halved,autonomy_first,scaffolding_rapid,2,0.05455752411532624,0.05581394315478877,50,0.033975996150240204,0.0789951089860205,0.031432115379677966,0.08452665518831821
spec_bounded_weekly_break_0.1_epw5_fixed_low_adapt_halved,bounded,weekly_break_0.1,5,fixed_low,halved,autonomy_first,substitution,2,-0.1696758616423325,-0.17574313318513626,50,-0.2320288793971254,-0.11141050414748967,-0.23406964158193888,-0.091401832422249
spec_bounded_weekly_break_0.1_epw5_fixed_low_adapt_none,bounded,weekly_break_0.1,5,fixed_low,none,equal,free_choice,3,-0.025039727385509768,-0.02338805460114746,50,-0.045344759576477246,-0.009998645562206452,-0.05543589419757334,-0.008178842322870484
spec_bounded_weekly_break_0.1_epw5_fixed_low_adapt_none,bounded,weekly_break_0.1,5,fixed_low,none,equal,scaffolding_nofade,3,0.0,0.0,50,0.0,0.0,0.0,0.0
spec_bounded_weekly_break_0.1_epw5_fixed_low_adapt_none,bounded,weekly_break_0.1,5,fixed_low,none,equal,scaffolding_rapid,3,0.03236646973965088,0.03295456559892447,50,0.01950721929207256,0.0450569684185128,0.018940567756127447,0.049578227101199114
spec_bounded_weekly_break_0.1_epw5_fixed_low_adapt_none,bounded,weekly_break_0.1,5,fixed_low,none,equal,substitution,3,-0.1434739066755512,-0.1477280176418176,50,-0.20276038407930302,-0.0942994741601316,-0.20815735306556685,-0.0771558460948646
spec_bounded_weekly_break_0.1_epw5_fixed_low_adapt_none,bounded,weekly_break_0.1,5,fixed_low,none,learning_first,free_choice,3,-0.023720650987872186,-0.02245405368984514,50,-0.04350405040360603,-0.009696957083352671,-0.052641780156907486,-0.007895050910661417
spec_bounded_weekly_break_0.1_epw5_fixed_low_adapt_none,bounded,weekly_break_0.1,5,fixed_low,none,learning_first,scaffolding_nofade,3,0.0,0.0,50,0.0,0.0,0.0,0.0
spec_bounded_weekly_break_0.1_epw5_fixed_low_adapt_none,bounded,weekly_break_0.1,5,fixed_low,none,learning_first,scaffolding_rapid,3,0.028567369716741346,0.029069701262865663,50,0.01730172785536773,0.0400644700240625,0.016235673222851146,0.04294520728784377
spec_bounded_weekly_break_0.1_epw5_fixed_low_adapt_none,bounded,weekly_break_0.1,5,fixed_low,none,learning_first,substitution,3,-0.13720371958985386,-0.1400403136637271,50,-0.1963476384509027,-0.09027475188171147,-0.20068355651042616,-0.07469176698456817
spec_bounded_weekly_break_0.1_epw5_fixed_low_adapt_none,bounded,weekly_break_0.1,5,fixed_low,none,autonomy_first,free_choice,3,-0.029461416323799207,-0.02765339801309064,50,-0.05180040344360497,-0.011990156507566694,-0.062187337692682254,-0.009851519076893366
spec_bounded_weekly_break_0.1_epw5_fixed_low_adapt_none,bounded,weekly_break_0.1,5,fixed_low,none,autonomy_first,scaffolding_nofade,3,0.0,0.0,50,0.0,0.0,0.0,0.0
spec_bounded_weekly_break_0.1_epw5_fixed_low_adapt_none,bounded,weekly_break_0.1,5,fixed_low,none,autonomy_first,scaffolding_rapid,3,0.04974566428901757,0.04996055763470478,50,0.03241663106889349,0.0682178332130936,0.030674782271041125,0.0733734990178724
spec_bounded_weekly_break_0.1_epw5_fixed_low_adapt_none,bounded,weekly_break_0.1,5,fixed_low,none,autonomy_first,substitution,3,-0.16834089521416018,-0.1743212384868506,50,-0.23039831171618277,-0.11060665512086068,-0.23260085965812594,-0.09101259685810538
spec_bounded_weekly_break_0.1_epw5_fixed_high,bounded,weekly_break_0.1,5,fixed_high,authored,equal,free_choice,2,-0.016023490911943033,-0.013520849058731388,50,-0.03171592121952853,-0.005610966090079117,-0.04500793254554824,-0.005069811992192225
spec_bounded_weekly_break_0.1_epw5_fixed_high,bounded,weekly_break_0.1,5,fixed_high,authored,equal,scaffolding_nofade,2,0.00658835245318097,0.005231516515304017,50,0.001987488134221836,0.015171674967772381,0.001460931883095837,0.015589401034037543
spec_bounded_weekly_break_0.1_epw5_fixed_high,bounded,weekly_break_0.1,5,fixed_high,authored,equal,scaffolding_rapid,2,0.030254479244524003,0.029259352956282233,50,0.015373888986530568,0.050710765500204674,0.013966240826034712,0.059343979575549904
spec_bounded_weekly_break_0.1_epw5_fixed_high,bounded,weekly_break_0.1,5,fixed_high,authored,equal,substitution,2,-0.13495677149482754,-0.1348666694264808,50,-0.21938391183633335,-0.07415973767148859,-0.22699916176816737,-0.05983561601532958
spec_bounded_weekly_break_0.1_epw5_fixed_high,bounded,weekly_break_0.1,5,fixed_high,authored,learning_first,free_choice,2,-0.014916836884581968,-0.012644136589195817,50,-0.030115457078226753,-0.005215265607117174,-0.04249236373405817,-0.004674139496304021
spec_bounded_weekly_break_0.1_epw5_fixed_high,bounded,weekly_break_0.1,5,fixed_high,authored,learning_first,scaffolding_nofade,2,0.007189462570363685,0.005766587145428216,50,0.0024450964078373185,0.01586477767132154,0.0019028053930741915,0.01630342245705591
spec_bounded_weekly_break_0.1_epw5_fixed_high,bounded,weekly_break_0.1,5,fixed_high,authored,learning_first,scaffolding_rapid,2,0.026722904684386123,0.025690292027812707,50,0.01350524575003203,0.045173932318560844,0.012971576107096271,0.051163744223420994
spec_bounded_weekly_break_0.1_epw5_fixed_high,bounded,weekly_break_0.1,5,fixed_high,authored,learning_first,substitution,2,-0.13060966997196494,-0.1280964011862804,50,-0.2172655570725017,-0.06848750497314783,-0.22404934087409448,-0.05714476767251178
spec_bounded_weekly_break_0.1_epw5_fixed_high,bounded,weekly_break_0.1,5,fixed_high,authored,autonomy_first,free_choice,2,-0.01899584920142463,-0.01620722105596293,50,-0.036744768819362415,-0.006764698828746484,-0.05146569226989017,-0.006102953668244809
spec_bounded_weekly_break_0.1_epw5_fixed_high,bounded,weekly_break_0.1,5,fixed_high,authored,autonomy_first,scaffolding_nofade,2,0.00790619206118409,0.006279582818388092,50,0.002239649474054387,0.018520680015359996,0.00161886427894173,0.01904998793930975
spec_bounded_weekly_break_0.1_epw5_fixed_high,bounded,weekly_break_0.1,5,fixed_high,authored,autonomy_first,scaffolding_rapid,2,0.04636934153489497,0.045151380548153784,50,0.025241018071875065,0.07394020395130964,0.023537656404673667,0.08876417270124587
spec_bounded_weekly_break_0.1_epw5_fixed_high,bounded,weekly_break_0.1,5,fixed_high,authored,autonomy_first,substitution,2,-0.15862651736143027,-0.16138156973956896,50,-0.2514947459555323,-0.08685115009558798,-0.2602342225906272,-0.07046561572945438
spec_bounded_weekly_break_0.1_epw5_fixed_high_adapt_halved,bounded,weekly_break_0.1,5,fixed_high,halved,equal,free_choice,2,-0.017516413860623838,-0.015011782473552324,50,-0.035204106913052924,-0.005966436338827133,-0.04773706027864916,-0.005302483097657555
spec_bounded_weekly_break_0.1_epw5_fixed_high_adapt_halved,bounded,weekly_break_0.1,5,fixed_high,halved,equal,scaffolding_nofade,2,0.0034141131324327057,0.002741005912852541,50,0.0010416006795264238,0.007833030024982817,0.0007411724978398795,0.008020813563016477
spec_bounded_weekly_break_0.1_epw5_fixed_high_adapt_halved,bounded,weekly_break_0.1,5,fixed_high,halved,equal,scaffolding_rapid,2,0.02793513221363305,0.027672562490466103,50,0.014828320732190082,0.04637844394268663,0.013618413827366662,0.052527494957997065
spec_bounded_weekly_break_0.1_epw5_fixed_high_adapt_halved,bounded,weekly_break_0.1,5,fixed_high,halved,equal,substitution,2,-0.13477072860473585,-0.1346003118708055,50,-0.2192941683336348,-0.07408607256854358,-0.22659106665655218,-0.059861455160017646
spec_bounded_weekly_break_0.1_epw5_fixed_high_adapt_halved,bounded,weekly_break_0.1,5,fixed_high,halved,learning_first,free_choice,2,-0.016528499198588693,-0.014197634018787327,50,-0.03382601836096663,-0.0056498618261309475,-0.045451773945219036,-0.004968182622502291
spec_bounded_weekly_break_0.1_epw5_fixed_high_adapt_halved,bounded,weekly_break_0.1,5,fixed_high,halved,learning_first,scaffolding_nofade,2,0.0037276849185656435,0.003007662169708458,50,0.0012733941263773417,0.008252734424593873,0.0009636276621938658,0.008359027548800474
spec_bounded_weekly_break_0.1_epw5_fixed_high_adapt_halved,bounded,weekly_break_0.1,5,fixed_high,halved,learning_first,scaffolding_rapid,2,0.024246122114852216,0.02377928747015222,50,0.012617195197211769,0.04042834355436954,0.012487043839801436,0.0456885644930383
spec_bounded_weekly_break_0.1_epw5_fixed_high_adapt_halved,bounded,weekly_break_0.1,5,fixed_high,halved,learning_first,substitution,2,-0.1303890320952115,-0.1279203035709106,50,-0.2170889094372616,-0.0684848549433797,-0.2233924367788198,-0.057232726299437826
spec_bounded_weekly_break_0.1_epw5_fixed_high_adapt_halved,bounded,weekly_break_0.1,5,fixed_high,halved,autonomy_first,free_choice,2,-0.020765525065493725,-0.017659558045156336,50,-0.04078363533466234,-0.007163678461642519,-0.054734211722628726,-0.006370929030132878
spec_bounded_weekly_break_0.1_epw5_fixed_high_adapt_halved,bounded,weekly_break_0.1,5,fixed_high,halved,autonomy_first,scaffolding_nofade,2,0.004092956363562083,0.0032825515444538478,50,0.0011795426391101613,0.009562260579975468,0.0008017530728958201,0.009799146434019912
spec_bounded_weekly_break_0.1_epw5_fixed_high_adapt_halved,bounded,weekly_break_0.1,5,fixed_high,halved,autonomy_first,scaffolding_rapid,2,0.04354214753718649,0.04345987539757641,50,0.024627458603818844,0.06859107113022676,0.023128275843132626,0.07908808827568027
spec_bounded_weekly_break_0.1_epw5_fixed_high_adapt_halved,bounded,weekly_break_0.1,5,fixed_high,halved,autonomy_first,substitution,2,-0.1585101459469561,-0.16115067405891123,50,-0.25160631556877205,-0.0868625674823659,-0.26011845405038314,-0.0705043473195604
spec_bounded_weekly_break_0.1_epw5_fixed_high_adapt_none,bounded,weekly_break_0.1,5,fixed_high,none,equal,free_choice,3,-0.019047104421951965,-0.016507554408634245,50,-0.038816650934251955,-0.006351013365206776,-0.050524302287475426,-0.00553962252666989
spec_bounded_weekly_break_0.1_epw5_fixed_high_adapt_none,bounded,weekly_break_0.1,5,fixed_high,none,equal,scaffolding_nofade,3,0.0,0.0,50,0.0,0.0,0.0,0.0
spec_bounded_weekly_break_0.1_epw5_fixed_high_adapt_none,bounded,weekly_break_0.1,5,fixed_high,none,equal,scaffolding_rapid,3,0.025530213981069985,0.025435235648756938,50,0.013934466260169087,0.04178410462528318,0.013290829079464309,0.04435538378390358
spec_bounded_weekly_break_0.1_epw5_fixed_high_adapt_none,bounded,weekly_break_0.1,5,fixed_high,none,equal,substitution,3,-0.1344579537341888,-0.13425920100337613,50,-0.2188466505487514,-0.07390769952373533,-0.2258453682780992,-0.05980567372112348
spec_bounded_weekly_break_0.1_epw5_fixed_high_adapt_none,bounded,weekly_break_0.1,5,fixed_high,none,learning_first,free_choice,3,-0.018174869862870303,-0.01572154088539271,50,-0.03765856350247952,-0.006109055762977518,-0.04850569373260218,-0.005262272217567709
spec_bounded_weekly_break_0.1_epw5_fixed_high_adapt_none,bounded,weekly_break_0.1,5,fixed_high,none,learning_first,scaffolding_nofade,3,0.0,0.0,50,0.0,0.0,0.0,0.0
spec_bounded_weekly_break_0.1_epw5_fixed_high_adapt_none,bounded,weekly_break_0.1,5,fixed_high,none,learning_first,scaffolding_rapid,3,0.02168849897467992,0.021372284671950154,50,0.011455735741206747,0.03559338248471802,0.010920532270819147,0.037037958800863906
spec_bounded_weekly_break_0.1_epw5_fixed_high_adapt_none,bounded,weekly_break_0.1,5,fixed_high,none,learning_first,substitution,3,-0.13002778152250782,-0.12754799676949646,50,-0.21647251558679506,-0.06835743932633791,-0.22241182452752242,-0.05722636493958318
spec_bounded_weekly_break_0.1_epw5_fixed_high_adapt_none,bounded,weekly_break_0.1,5,fixed_high,none,autonomy_first,free_choice,3,-0.022577313674551916,-0.01944799000108271,50,-0.04506453944576774,-0.007602262234539172,-0.05797377063300053,-0.006641206898629358
spec_bounded_weekly_break_0.1_epw5_fixed_high_adapt_none,bounded,weekly_break_0.1,5,fixed_high,none,autonomy_first,scaffolding_nofade,3,0.0,0.0,50,0.0,0.0,0.0,0.0
spec_bounded_weekly_break_0.1_epw5_fixed_high_adapt_none,bounded,weekly_break_0.1,5,fixed_high,none,autonomy_first,scaffolding_rapid,3,0.040602404592091405,0.04026849610708791,50,0.023992360690477547,0.06288282254981722,0.022762414862048636,0.0691092404465433
spec_bounded_weekly_break_0.1_epw5_fixed_high_adapt_none,bounded,weekly_break_0.1,5,fixed_high,none,autonomy_first,substitution,3,-0.15823461540010084,-0.16081997104704554,50,-0.25131783190126866,-0.0866794584642656,-0.259544766561294,-0.07043650441748671
spec_bounded_weekly_break_1.0_epw3_drawn,bounded,weekly_break_1.0,3,drawn,authored,equal,free_choice,2,-0.03906592356312757,-0.03977836446653754,50,-0.05535694275878034,-0.01710160652233586,-0.056979043589066594,-0.01606007752050087
spec_bounded_weekly_break_1.0_epw3_drawn,bounded,weekly_break_1.0,3,drawn,authored,equal,scaffolding_nofade,2,0.019296459535231007,0.017852498439613517,50,0.00868870376009507,0.0323944865323545,0.008087632243917753,0.03406550348658469
spec_bounded_weekly_break_1.0_epw3_drawn,bounded,weekly_break_1.0,3,drawn,authored,equal,scaffolding_rapid,2,0.04836832466150595,0.048862072651517784,50,0.03128327449163504,0.06473639637871542,0.030274630260947774,0.06512642672790467
spec_bounded_weekly_break_1.0_epw3_drawn,bounded,weekly_break_1.0,3,drawn,authored,equal,substitution,2,-0.2055077978520134,-0.20995996123404637,50,-0.24149073893349618,-0.16012737248419254,-0.2512200486330297,-0.14117476838879986
spec_bounded_weekly_break_1.0_epw3_drawn,bounded,weekly_break_1.0,3,drawn,authored,learning_first,free_choice,2,-0.03718750467239875,-0.03710208414951893,50,-0.053682250480820995,-0.01565459999003972,-0.0558387862475614,-0.015086671336747206
spec_bounded_weekly_break_1.0_epw3_drawn,bounded,weekly_break_1.0,3,drawn,authored,learning_first,scaffolding_nofade,2,0.020428144573445786,0.018683668660079773,50,0.00969808998685115,0.03445473351797896,0.009109025094817143,0.03593664540259663
spec_bounded_weekly_break_1.0_epw3_drawn,bounded,weekly_break_1.0,3,drawn,authored,learning_first,scaffolding_rapid,2,0.04384274339075172,0.04348038587192729,50,0.028460781464790808,0.05907164201407963,0.026186103651208954,0.060346107142638675
spec_bounded_weekly_break_1.0_epw3_drawn,bounded,weekly_break_1.0,3,drawn,authored,learning_first,substitution,2,-0.2017665119312699,-0.2071535682674283,50,-0.24077368159653137,-0.15922322243738105,-0.24867688365117646,-0.13708232869272147
spec_bounded_weekly_break_1.0_epw3_drawn,bounded,weekly_break_1.0,3,drawn,authored,autonomy_first,free_choice,2,-0.04442873149916771,-0.04644782855400949,50,-0.05935373056633501,-0.020834957652823435,-0.060408104513906415,-0.019281558919522577
spec_bounded_weekly_break_1.0_epw3_drawn,bounded,weekly_break_1.0,3,drawn,authored,autonomy_first,scaffolding_nofade,2,0.02325527588609683,0.02187386469145798,50,0.01031411907591735,0.03806891269217096,0.00960213283824095,0.040441778010016555
spec_bounded_weekly_break_1.0_epw3_drawn,bounded,weekly_break_1.0,3,drawn,authored,autonomy_first,scaffolding_rapid,2,0.07022278994097246,0.07189479622406639,50,0.047627842856923494,0.08846445707708307,0.047313472471775406,0.09053298345139912
spec_bounded_weekly_break_1.0_epw3_drawn,bounded,weekly_break_1.0,3,drawn,authored,autonomy_first,substitution,2,-0.234924532045595,-0.24019876356834985,50,-0.2740876294048172,-0.18667444274647316,-0.28402934298664223,-0.1670664641483462
spec_bounded_weekly_break_1.0_epw3_drawn_adapt_halved,bounded,weekly_break_1.0,3,drawn,halved,equal,free_choice,2,-0.043499250877775585,-0.04389757369225598,50,-0.06196012363376408,-0.018517436115828786,-0.06344405648728005,-0.017688311396731052
spec_bounded_weekly_break_1.0_epw3_drawn_adapt_halved,bounded,weekly_break_1.0,3,drawn,halved,equal,scaffolding_nofade,2,0.009983311167419608,0.009376590603625388,50,0.004583995858709352,0.016795331569018628,0.004230418619936582,0.017855863519354823
spec_bounded_weekly_break_1.0_epw3_drawn_adapt_halved,bounded,weekly_break_1.0,3,drawn,halved,equal,scaffolding_rapid,2,0.04024311499226354,0.041152649656075284,50,0.02825409869310584,0.05376856377062089,0.028128723251958098,0.054774261961569676
spec_bounded_weekly_break_1.0_epw3_drawn_adapt_halved,bounded,weekly_break_1.0,3,drawn,halved,equal,substitution,2,-0.2054652435528849,-0.2103430580552012,50,-0.24251530184625714,-0.15950744316788867,-0.2516305150262168,-0.1403159167035698
spec_bounded_weekly_break_1.0_epw3_drawn_adapt_halved,bounded,weekly_break_1.0,3,drawn,halved,learning_first,free_choice,2,-0.04189829686872013,-0.04196420629952857,50,-0.05995872564599632,-0.01737379249567421,-0.06253116297072579,-0.016667469084685697
spec_bounded_weekly_break_1.0_epw3_drawn_adapt_halved,bounded,weekly_break_1.0,3,drawn,halved,learning_first,scaffolding_nofade,2,0.010568539167510115,0.009771227087397527,50,0.0051049244004702996,0.018123092278353292,0.0047489475357801215,0.01855436958502879
spec_bounded_weekly_break_1.0_epw3_drawn_adapt_halved,bounded,weekly_break_1.0,3,drawn,halved,learning_first,scaffolding_rapid,2,0.03537698321584672,0.035492630794682734,50,0.024646071580362434,0.04773129857666395,0.02384790188385516,0.04922150926288344
spec_bounded_weekly_break_1.0_epw3_drawn_adapt_halved,bounded,weekly_break_1.0,3,drawn,halved,learning_first,substitution,2,-0.20150221847996755,-0.20658925562139804,50,-0.24170568032759632,-0.1586261310401266,-0.24873219210338668,-0.1362340713247622
spec_bounded_weekly_break_1.0_epw3_drawn_adapt_halved,bounded,weekly_break_1.0,3,drawn,halved,autonomy_first,free_choice,2,-0.04967777762616749,-0.05067964438877197,50,-0.06710515491490386,-0.022564496992172663,-0.06911779941878253,-0.021241417467852342
spec_bounded_weekly_break_1.0_epw3_drawn_adapt_halved,bounded,weekly_break_1.0,3,drawn,halved,autonomy_first,scaffolding_nofade,2,0.012025235412777238,0.011496780166714047,50,0.005438250722523014,0.01949268121928712,0.005025228521959537,0.021311074072959096
spec_bounded_weekly_break_1.0_epw3_drawn_adapt_halved,bounded,weekly_break_1.0,3,drawn,halved,autonomy_first,scaffolding_rapid,2,0.060296692530253944,0.06050124277883338,50,0.04458151942982984,0.07808840083113276,0.04361191161311043,0.07912739419146093
spec_bounded_weekly_break_1.0_epw3_drawn_adapt_halved,bounded,weekly_break_1.0,3,drawn,halved,autonomy_first,substitution,2,-0.23520540420725985,-0.24131966957577494,50,-0.2750087893332619,-0.18602191965015674,-0.2853393431044486,-0.16611800822588393
spec_bounded_weekly_break_1.0_epw3_drawn_adapt_none,bounded,weekly_break_1.0,3,drawn,none,equal,free_choice,3,-0.047884295899068945,-0.04866187556883471,50,-0.06714426037660165,-0.01992502298864008,-0.06919959217804306,-0.019209197305054413
spec_bounded_weekly_break_1.0_epw3_drawn_adapt_none,bounded,weekly_break_1.0,3,drawn,none,equal,scaffolding_nofade,3,0.0,0.0,50,0.0,0.0,0.0,0.0
spec_bounded_weekly_break_1.0_epw3_drawn_adapt_none,bounded,weekly_break_1.0,3,drawn,none,equal,scaffolding_rapid,3,0.03174643727441449,0.030835411282594778,50,0.024466217810114144,0.04360915295033982,0.024023742850059374,0.04555466002946389
spec_bounded_weekly_break_1.0_epw3_drawn_adapt_none,bounded,weekly_break_1.0,3,drawn,none,equal,substitution,3,-0.20490808079422693,-0.20961107681077876,50,-0.24209984330332918,-0.15827254866411372,-0.25107852291395927,-0.13928395337013164
spec_bounded_weekly_break_1.0_epw3_drawn_adapt_none,bounded,weekly_break_1.0,3,drawn,none,learning_first,free_choice,3,-0.04655318935248865,-0.047410383755063845,50,-0.06554824830565571,-0.019248278116471604,-0.06978967449502434,-0.018056009804818623
spec_bounded_weekly_break_1.0_epw3_drawn_adapt_none,bounded,weekly_break_1.0,3,drawn,none,learning_first,scaffolding_nofade,3,0.0,0.0,50,0.0,0.0,0.0,0.0
spec_bounded_weekly_break_1.0_epw3_drawn_adapt_none,bounded,weekly_break_1.0,3,drawn,none,learning_first,scaffolding_rapid,3,0.02653571828146783,0.02513243411133598,50,0.02006023099770654,0.035861873237779646,0.019814137454420375,0.0392552141483931
spec_bounded_weekly_break_1.0_epw3_drawn_adapt_none,bounded,weekly_break_1.0,3,drawn,none,learning_first,substitution,3,-0.20070415662773108,-0.20528592380896815,50,-0.24096243262818212,-0.15739520594363307,-0.24773295057858913,-0.13521073260608518
spec_bounded_weekly_break_1.0_epw3_drawn_adapt_none,bounded,weekly_break_1.0,3,drawn,none,autonomy_first,free_choice,3,-0.05485410262549958,-0.05596583685207514,50,-0.07419984064429647,-0.02422628505949423,-0.07463332392098232,-0.02302039727039721
spec_bounded_weekly_break_1.0_epw3_drawn_adapt_none,bounded,weekly_break_1.0,3,drawn,none,autonomy_first,scaffolding_nofade,3,0.0,0.0,50,0.0,0.0,0.0,0.0
spec_bounded_weekly_break_1.0_epw3_drawn_adapt_none,bounded,weekly_break_1.0,3,drawn,none,autonomy_first,scaffolding_rapid,3,0.04990590357949021,0.048312167748920345,50,0.03875994889786947,0.06644588108814588,0.038146173194073096,0.06913864537691206
spec_bounded_weekly_break_1.0_epw3_drawn_adapt_none,bounded,weekly_break_1.0,3,drawn,none,autonomy_first,substitution,3,-0.23486311972982046,-0.24125427066939223,50,-0.2752619035875957,-0.184678351060847,-0.2851371073246166,-0.1649586182919988
spec_bounded_weekly_break_1.0_epw3_fixed_low,bounded,weekly_break_1.0,3,fixed_low,authored,equal,free_choice,2,-0.03648430036947789,-0.03749266649584232,50,-0.05129317542185357,-0.019126708594044677,-0.05495011479109358,-0.01793573294409602
spec_bounded_weekly_break_1.0_epw3_fixed_low,bounded,weekly_break_1.0,3,fixed_low,authored,equal,scaffolding_nofade,2,0.02062762843139778,0.020515166728756692,50,0.010027713354649232,0.03407102923511894,0.007808579986534105,0.037038766884135384
spec_bounded_weekly_break_1.0_epw3_fixed_low,bounded,weekly_break_1.0,3,fixed_low,authored,equal,scaffolding_rapid,2,0.04912189286787352,0.05105437586814827,50,0.032047862904160576,0.06072357476389056,0.027251209918002266,0.06266509883157485
spec_bounded_weekly_break_1.0_epw3_fixed_low,bounded,weekly_break_1.0,3,fixed_low,authored,equal,substitution,2,-0.1871137968256386,-0.18865456254457172,50,-0.2096035251927461,-0.15878868673801058,-0.21221296680655186,-0.1472063354334097
spec_bounded_weekly_break_1.0_epw3_fixed_low,bounded,weekly_break_1.0,3,fixed_low,authored,learning_first,free_choice,2,-0.03423713690387008,-0.035213955838944655,50,-0.04899994689445422,-0.017882405413876475,-0.0539474763260313,-0.01650292503119291
spec_bounded_weekly_break_1.0_epw3_fixed_low,bounded,weekly_break_1.0,3,fixed_low,authored,learning_first,scaffolding_nofade,2,0.02173133748146121,0.0212571133447079,50,0.011418818101437965,0.03511953216073817,0.008802260412617455,0.038381190351549986
spec_bounded_weekly_break_1.0_epw3_fixed_low,bounded,weekly_break_1.0,3,fixed_low,authored,learning_first,scaffolding_rapid,2,0.045003452211156626,0.04582141664052159,50,0.0299156628477748,0.056405658587967734,0.02514206890252872,0.05793322072731398
spec_bounded_weekly_break_1.0_epw3_fixed_low,bounded,weekly_break_1.0,3,fixed_low,authored,learning_first,substitution,2,-0.18127123103792772,-0.18286056590685945,50,-0.20306806491326984,-0.15284646198473392,-0.20749492641270761,-0.13997640355539875
spec_bounded_weekly_break_1.0_epw3_fixed_low,bounded,weekly_break_1.0,3,fixed_low,authored,autonomy_first,free_choice,2,-0.04090300994903747,-0.04203608903965497,50,-0.054085845019600426,-0.022588898885727807,-0.05539881721248542,-0.02151166368781425
spec_bounded_weekly_break_1.0_epw3_fixed_low,bounded,weekly_break_1.0,3,fixed_low,authored,autonomy_first,scaffolding_nofade,2,0.024776976708988846,0.024954216436754564,50,0.01185599683808119,0.04074600155876505,0.009327359997121911,0.04168047159454658
spec_bounded_weekly_break_1.0_epw3_fixed_low,bounded,weekly_break_1.0,3,fixed_low,authored,autonomy_first,scaffolding_rapid,2,0.07061794639739719,0.07289853604090321,50,0.04917996222018916,0.08502997970703233,0.04402636759501885,0.08556734404362727
spec_bounded_weekly_break_1.0_epw3_fixed_low,bounded,weekly_break_1.0,3,fixed_low,authored,autonomy_first,substitution,2,-0.21267801719697732,-0.21532134072604475,50,-0.23698327484501275,-0.17704609310982167,-0.242029071784978,-0.1707459574869756
spec_bounded_weekly_break_1.0_epw3_fixed_low_adapt_halved,bounded,weekly_break_1.0,3,fixed_low,halved,equal,free_choice,2,-0.040894364142473896,-0.042107403000579594,50,-0.058556196390281194,-0.02136930764815884,-0.06265269956351849,-0.019488690961385446
spec_bounded_weekly_break_1.0_epw3_fixed_low_adapt_halved,bounded,weekly_break_1.0,3,fixed_low,halved,equal,scaffolding_nofade,2,0.010628921978163569,0.010580359684705633,50,0.005161297454603449,0.017234430419997337,0.004075321075558396,0.018808915143603493
spec_bounded_weekly_break_1.0_epw3_fixed_low_adapt_halved,bounded,weekly_break_1.0,3,fixed_low,halved,equal,scaffolding_rapid,2,0.04028195786575117,0.04090220423368685,50,0.027538451471979062,0.050551165860315696,0.024665054777263145,0.05066633077068604
spec_bounded_weekly_break_1.0_epw3_fixed_low_adapt_halved,bounded,weekly_break_1.0,3,fixed_low,halved,equal,substitution,2,-0.18624926021887153,-0.18717542809564708,50,-0.2084733587004297,-0.1573230769472634,-0.2123276941668511,-0.1460462082166365
spec_bounded_weekly_break_1.0_epw3_fixed_low_adapt_halved,bounded,weekly_break_1.0,3,fixed_low,halved,learning_first,free_choice,2,-0.03886547222125564,-0.039858489996981626,50,-0.05660171789971341,-0.020272874935994743,-0.06223096133202865,-0.018206874409900736
spec_bounded_weekly_break_1.0_epw3_fixed_low_adapt_halved,bounded,weekly_break_1.0,3,fixed_low,halved,learning_first,scaffolding_nofade,2,0.011212742752664658,0.010983093692352057,50,0.005902381118233986,0.017846940841613933,0.004592290847369315,0.01972635203256317
spec_bounded_weekly_break_1.0_epw3_fixed_low_adapt_halved,bounded,weekly_break_1.0,3,fixed_low,halved,learning_first,scaffolding_rapid,2,0.03584085368207409,0.036934832480998624,50,0.02514254501267561,0.043470470337617174,0.02234644033700314,0.044235432292678276
spec_bounded_weekly_break_1.0_epw3_fixed_low_adapt_halved,bounded,weekly_break_1.0,3,fixed_low,halved,learning_first,substitution,2,-0.18009610324674838,-0.1815958981516452,50,-0.2012227111902977,-0.15153032650995066,-0.20685011947777057,-0.13881701099979266
spec_bounded_weekly_break_1.0_epw3_fixed_low_adapt_halved,bounded,weekly_break_1.0,3,fixed_low,halved,autonomy_first,free_choice,2,-0.04613640597821196,-0.0474230374670076,50,-0.06158120198694883,-0.025295160305009144,-0.06236365990198823,-0.023388913019906855
spec_bounded_weekly_break_1.0_epw3_fixed_low_adapt_halved,bounded,weekly_break_1.0,3,fixed_low,halved,autonomy_first,scaffolding_nofade,2,0.012751013644535054,0.0128874398054473,50,0.006073023944593108,0.020417233763637757,0.004855642249270803,0.021162882673465465
spec_bounded_weekly_break_1.0_epw3_fixed_low_adapt_halved,bounded,weekly_break_1.0,3,fixed_low,halved,autonomy_first,scaffolding_rapid,2,0.059844692626964326,0.06033898840956987,50,0.04360512591802823,0.07245602943296987,0.040853014285395485,0.07441334851029105
spec_bounded_weekly_break_1.0_epw3_fixed_low_adapt_halved,bounded,weekly_break_1.0,3,fixed_low,halved,autonomy_first,substitution,2,-0.21204767058989674,-0.21440897532013845,50,-0.23603655407760057,-0.1774774346192178,-0.240943141317518,-0.17021553428468345
spec_bounded_weekly_break_1.0_epw3_fixed_low_adapt_none,bounded,weekly_break_1.0,3,fixed_low,none,equal,free_choice,3,-0.04270303241481614,-0.04564909066562675,29,-0.05666457577433542,-0.023676656080675103,-0.06227648301247128,-0.021755178570857053
spec_bounded_weekly_break_1.0_epw3_fixed_low_adapt_none,bounded,weekly_break_1.0,3,fixed_low,none,equal,scaffolding_nofade,3,0.0,0.0,29,0.0,0.0,0.0,0.0
spec_bounded_weekly_break_1.0_epw3_fixed_low_adapt_none,bounded,weekly_break_1.0,3,fixed_low,none,equal,scaffolding_rapid,3,0.031989454155246566,0.03234863085534427,29,0.023080287688745788,0.040857973647419714,0.02196436202136664,0.042232948441116795
spec_bounded_weekly_break_1.0_epw3_fixed_low_adapt_none,bounded,weekly_break_1.0,3,fixed_low,none,equal,substitution,3,-0.18168214593763182,-0.18410755522896577,29,-0.19974582048706518,-0.15599370998326834,-0.20210383445851235,-0.15049216524818346
spec_bounded_weekly_break_1.0_epw3_fixed_low_adapt_none,bounded,weekly_break_1.0,3,fixed_low,none,learning_first,free_choice,3,-0.04090826485856836,-0.044038588847961885,29,-0.05497488420746951,-0.02281975928490678,-0.06110289036160706,-0.020945227850340788
spec_bounded_weekly_break_1.0_epw3_fixed_low_adapt_none,bounded,weekly_break_1.0,3,fixed_low,none,learning_first,scaffolding_nofade,3,0.0,0.0,29,0.0,0.0,0.0,0.0
spec_bounded_weekly_break_1.0_epw3_fixed_low_adapt_none,bounded,weekly_break_1.0,3,fixed_low,none,learning_first,scaffolding_rapid,3,0.026948579323704498,0.026798159394956084,29,0.019115810856569056,0.033653253882107964,0.017666389582341374,0.034834567235007066
spec_bounded_weekly_break_1.0_epw3_fixed_low_adapt_none,bounded,weekly_break_1.0,3,fixed_low,none,learning_first,substitution,3,-0.17522301358770487,-0.17828371553974323,29,-0.19531858939907534,-0.15009140656349199,-0.19650061663175492,-0.14378550847667057
spec_bounded_weekly_break_1.0_epw3_fixed_low_adapt_none,bounded,weekly_break_1.0,3,fixed_low,none,autonomy_first,free_choice,3,-0.0488982739572903,-0.05192437543097188,29,-0.06259656784897095,-0.02799799877457379,-0.06702264694433382,-0.025986446057840895
spec_bounded_weekly_break_1.0_epw3_fixed_low_adapt_none,bounded,weekly_break_1.0,3,fixed_low,none,autonomy_first,scaffolding_nofade,3,0.0,0.0,29,0.0,0.0,0.0,0.0
spec_bounded_weekly_break_1.0_epw3_fixed_low_adapt_none,bounded,weekly_break_1.0,3,fixed_low,none,autonomy_first,scaffolding_rapid,3,0.05001395034353372,0.050434536368445436,29,0.03863474729346005,0.06277383656192148,0.03775339902056486,0.06449737697569119
spec_bounded_weekly_break_1.0_epw3_fixed_low_adapt_none,bounded,weekly_break_1.0,3,fixed_low,none,autonomy_first,substitution,3,-0.2086045262542339,-0.2103656394786188,29,-0.23195486132423837,-0.18136054230566273,-0.233917817192722,-0.17560420124463183
spec_bounded_weekly_break_1.0_epw3_fixed_high,bounded,weekly_break_1.0,3,fixed_high,authored,equal,free_choice,2,-0.033447052500169334,-0.03434477076202509,50,-0.05548033098556866,-0.014674492360098705,-0.06546547041433759,-0.01253056662449899
spec_bounded_weekly_break_1.0_epw3_fixed_high,bounded,weekly_break_1.0,3,fixed_high,authored,equal,scaffolding_nofade,2,0.016468086244815733,0.01569878767879925,50,0.006792960204536014,0.031879297084198864,0.004759963801620504,0.03429949120154309
spec_bounded_weekly_break_1.0_epw3_fixed_high,bounded,weekly_break_1.0,3,fixed_high,authored,equal,scaffolding_rapid,2,0.043759897322303135,0.044825837040861585,50,0.024994506395336628,0.060665968312293296,0.02131978885718441,0.06093161368992519
spec_bounded_weekly_break_1.0_epw3_fixed_high,bounded,weekly_break_1.0,3,fixed_high,authored,equal,substitution,2,-0.2071318493252202,-0.21655173886988155,50,-0.25493352109341477,-0.15478002866420906,-0.25758294933465675,-0.13026560119469785
spec_bounded_weekly_break_1.0_epw3_fixed_high,bounded,weekly_break_1.0,3,fixed_high,authored,learning_first,free_choice,2,-0.031923718120959794,-0.03204965961365828,50,-0.05413929036060712,-0.013924772540844869,-0.0657402279043073,-0.011762853936156335
spec_bounded_weekly_break_1.0_epw3_fixed_high,bounded,weekly_break_1.0,3,fixed_high,authored,learning_first,scaffolding_nofade,2,0.017499791478138103,0.01649523199721176,50,0.007858046806933916,0.03286782207186592,0.005621858933036811,0.035618421770061276
spec_bounded_weekly_break_1.0_epw3_fixed_high,bounded,weekly_break_1.0,3,fixed_high,authored,learning_first,scaffolding_rapid,2,0.039406127558337826,0.03968695352500588,50,0.02307020362006717,0.05451095107339019,0.01947051095994976,0.05624211298922564
spec_bounded_weekly_break_1.0_epw3_fixed_high,bounded,weekly_break_1.0,3,fixed_high,authored,learning_first,substitution,2,-0.20433922281690783,-0.21241436924643622,50,-0.25563277333795803,-0.15288494907856337,-0.25812699885521373,-0.1258728994080874
spec_bounded_weekly_break_1.0_epw3_fixed_high,bounded,weekly_break_1.0,3,fixed_high,authored,autonomy_first,free_choice,2,-0.03838373043896914,-0.039762825784061845,50,-0.060707202759690486,-0.01744288764218458,-0.06711849610532014,-0.015032123201273338
spec_bounded_weekly_break_1.0_epw3_fixed_high,bounded,weekly_break_1.0,3,fixed_high,authored,autonomy_first,scaffolding_nofade,2,0.01979171420677857,0.019105888553371413,50,0.007948143979680146,0.03851424085835844,0.005499632632189878,0.04151913827836491
spec_bounded_weekly_break_1.0_epw3_fixed_high,bounded,weekly_break_1.0,3,fixed_high,authored,autonomy_first,scaffolding_rapid,2,0.06433389954695054,0.06537405363776413,50,0.03975663915336424,0.08570299917876108,0.03554622694065712,0.08877566141977904
spec_bounded_weekly_break_1.0_epw3_fixed_high,bounded,weekly_break_1.0,3,fixed_high,authored,autonomy_first,substitution,2,-0.23858591816977495,-0.24723473112792568,50,-0.28667986612955887,-0.1811102002985727,-0.2885501685014836,-0.1532585830867454
spec_bounded_weekly_break_1.0_epw1_drawn,bounded,weekly_break_1.0,1,drawn,authored,equal,free_choice,2,-0.042693644421430775,-0.04275880586396988,50,-0.052936685742659584,-0.032082024729814834,-0.05739220674818913,-0.031073976295261506
spec_bounded_weekly_break_1.0_epw1_drawn,bounded,weekly_break_1.0,1,drawn,authored,equal,scaffolding_nofade,2,0.023314155030077107,0.022365452368857584,50,0.017122726087258112,0.02996128761089672,0.01689105010281808,0.030644338456848455
spec_bounded_weekly_break_1.0_epw1_drawn,bounded,weekly_break_1.0,1,drawn,authored,equal,scaffolding_rapid,2,0.036519204870276864,0.036074751313528094,50,0.03021147441764954,0.044122699525768416,0.029769994943905528,0.04450276220051534
spec_bounded_weekly_break_1.0_epw1_drawn,bounded,weekly_break_1.0,1,drawn,authored,equal,substitution,2,-0.15064618508690822,-0.1518473226403096,50,-0.17570874290513963,-0.11923011823677088,-0.18252109295912053,-0.10898364901565669
spec_bounded_weekly_break_1.0_epw1_drawn,bounded,weekly_break_1.0,1,drawn,authored,learning_first,free_choice,2,-0.041900781860232966,-0.04157466031697449,50,-0.052923298488462535,-0.030230824651590556,-0.05698239675397459,-0.029490834347409064
spec_bounded_weekly_break_1.0_epw1_drawn,bounded,weekly_break_1.0,1,drawn,authored,learning_first,scaffolding_nofade,2,0.025242414720179962,0.024992721692816147,50,0.018181910585335723,0.03357919437608653,0.017910205370656834,0.03481056500988367
spec_bounded_weekly_break_1.0_epw1_drawn,bounded,weekly_break_1.0,1,drawn,authored,learning_first,scaffolding_rapid,2,0.03397503966497029,0.03429645608502914,50,0.0270918926791534,0.04224058086519697,0.026223767750355516,0.04327016168653683
spec_bounded_weekly_break_1.0_epw1_drawn,bounded,weekly_break_1.0,1,drawn,authored,learning_first,substitution,2,-0.15099896482019148,-0.1518555060118913,50,-0.17926276373756578,-0.1203553759387785,-0.18517110001906756,-0.11047412521048565
spec_bounded_weekly_break_1.0_epw1_drawn,bounded,weekly_break_1.0,1,drawn,authored,autonomy_first,free_choice,2,-0.04510213085980405,-0.046411312823187764,50,-0.05709906007774028,-0.034073994526166135,-0.06078049580649685,-0.033391360356796414
spec_bounded_weekly_break_1.0_epw1_drawn,bounded,weekly_break_1.0,1,drawn,authored,autonomy_first,scaffolding_nofade,2,0.02728900712532842,0.026409534882322727,50,0.02083747859088796,0.033729344995644624,0.020319162479247307,0.03473128025642993
spec_bounded_weekly_break_1.0_epw1_drawn,bounded,weekly_break_1.0,1,drawn,authored,autonomy_first,scaffolding_rapid,2,0.050185277412018364,0.050484522420300215,50,0.0428805262122607,0.057437592836959206,0.03941595211153345,0.059278400077977904
spec_bounded_weekly_break_1.0_epw1_drawn,bounded,weekly_break_1.0,1,drawn,authored,autonomy_first,substitution,2,-0.16306613681069698,-0.16533802766394928,50,-0.1957958006940823,-0.12750904964982923,-0.1969917601619602,-0.11433304331485444
spec_bounded_weekly_break_1.0_epw1_fixed_low,bounded,weekly_break_1.0,1,fixed_low,authored,equal,free_choice,2,-0.037370736464465475,-0.0374634593268966,50,-0.04645558639454111,-0.029646049623095937,-0.04776153177527185,-0.028685147948640837
spec_bounded_weekly_break_1.0_epw1_fixed_low,bounded,weekly_break_1.0,1,fixed_low,authored,equal,scaffolding_nofade,2,0.023198436300630496,0.02333009819132051,50,0.017101176375306223,0.029510125778569894,0.015784506632163624,0.03016275126977814
spec_bounded_weekly_break_1.0_epw1_fixed_low,bounded,weekly_break_1.0,1,fixed_low,authored,equal,scaffolding_rapid,2,0.034783982839908474,0.034544216785405396,50,0.028432573935877368,0.04134002365275253,0.02791157593153173,0.04218421216849763
spec_bounded_weekly_break_1.0_epw1_fixed_low,bounded,weekly_break_1.0,1,fixed_low,authored,equal,substitution,2,-0.13219839332789607,-0.1323708445253135,50,-0.15902554205792646,-0.1015119198676574,-0.1622379713303628,-0.09447280512944951
spec_bounded_weekly_break_1.0_epw1_fixed_low,bounded,weekly_break_1.0,1,fixed_low,authored,learning_first,free_choice,2,-0.03577466854309918,-0.03632020891414875,50,-0.045539704330830356,-0.027502548461672046,-0.04681306443728352,-0.027293587439538452
spec_bounded_weekly_break_1.0_epw1_fixed_low,bounded,weekly_break_1.0,1,fixed_low,authored,learning_first,scaffolding_nofade,2,0.025141394781756938,0.02471573149652754,50,0.017776825358359578,0.03243876856725055,0.016566342706722362,0.03273272044043007
spec_bounded_weekly_break_1.0_epw1_fixed_low,bounded,weekly_break_1.0,1,fixed_low,authored,learning_first,scaffolding_rapid,2,0.03251495205369685,0.03217949795174758,50,0.025198072063473253,0.039743969148191546,0.023263683385792544,0.04185460487827025
spec_bounded_weekly_break_1.0_epw1_fixed_low,bounded,weekly_break_1.0,1,fixed_low,authored,learning_first,substitution,2,-0.12979284275138916,-0.13084008826781443,50,-0.15314115446356288,-0.09897831411671477,-0.15465160619995888,-0.09252312305894458
spec_bounded_weekly_break_1.0_epw1_fixed_low,bounded,weekly_break_1.0,1,fixed_low,authored,autonomy_first,free_choice,2,-0.03865166192618643,-0.039020008183355236,50,-0.04860666780709184,-0.027641594247447783,-0.04969607970441762,-0.02621483929787578
spec_bounded_weekly_break_1.0_epw1_fixed_low,bounded,weekly_break_1.0,1,fixed_low,authored,autonomy_first,scaffolding_nofade,2,0.026894181972388145,0.026352482615261436,50,0.019734142529951728,0.03370240302731477,0.018725566055085487,0.035097727099596424
spec_bounded_weekly_break_1.0_epw1_fixed_low,bounded,weekly_break_1.0,1,fixed_low,authored,autonomy_first,scaffolding_rapid,2,0.04740679961096493,0.04672970401554476,50,0.03790357369543095,0.054741653427620635,0.036640305846370076,0.0553862691173567
spec_bounded_weekly_break_1.0_epw1_fixed_low,bounded,weekly_break_1.0,1,fixed_low,authored,autonomy_first,substitution,2,-0.14141444670186404,-0.14355443254434938,50,-0.17945543190538585,-0.10048922918867216,-0.18101801316995422,-0.09708093589391378
spec_bounded_weekly_break_1.0_epw1_fixed_high,bounded,weekly_break_1.0,1,fixed_high,authored,equal,free_choice,2,-0.04461900632235182,-0.04630448291913915,50,-0.056155674969286806,-0.033267126624678414,-0.05745658129597159,-0.03309406087176996
spec_bounded_weekly_break_1.0_epw1_fixed_high,bounded,weekly_break_1.0,1,fixed_high,authored,equal,scaffolding_nofade,2,0.024204500378772708,0.02367092504428294,50,0.016281209417646887,0.03222209150229432,0.014785327625184735,0.03351607852994301
spec_bounded_weekly_break_1.0_epw1_fixed_high,bounded,weekly_break_1.0,1,fixed_high,authored,equal,scaffolding_rapid,2,0.039044922563665756,0.03904936708797771,50,0.03046116041960763,0.04739761344766006,0.02827565926459845,0.04808748183396665
spec_bounded_weekly_break_1.0_epw1_fixed_high,bounded,weekly_break_1.0,1,fixed_high,authored,equal,substitution,2,-0.17333068542217692,-0.17546882571942823,50,-0.19609108871065387,-0.13867099797073143,-0.2005110874671869,-0.13452172754126235
spec_bounded_weekly_break_1.0_epw1_fixed_high,bounded,weekly_break_1.0,1,fixed_high,authored,learning_first,free_choice,2,-0.044130141649464806,-0.046203224495545314,50,-0.05660439811282279,-0.03228281651430543,-0.05855383638870962,-0.031235792384617087
spec_bounded_weekly_break_1.0_epw1_fixed_high,bounded,weekly_break_1.0,1,fixed_high,authored,learning_first,scaffolding_nofade,2,0.02599450461238803,0.025315655376701995,50,0.017045893741616403,0.03507315968815049,0.015324540445260843,0.036749040751347266
spec_bounded_weekly_break_1.0_epw1_fixed_high,bounded,weekly_break_1.0,1,fixed_high,authored,learning_first,scaffolding_rapid,2,0.03591513125404599,0.036503652792032285,50,0.026165232354947467,0.04492442572352161,0.022742175786010656,0.045597717067901576
spec_bounded_weekly_break_1.0_epw1_fixed_high,bounded,weekly_break_1.0,1,fixed_high,authored,learning_first,substitution,2,-0.17488315287850043,-0.17701948242045273,50,-0.19899283612936167,-0.14322313325959984,-0.2017378208720535,-0.1335301147807614
spec_bounded_weekly_break_1.0_epw1_fixed_high,bounded,weekly_break_1.0,1,fixed_high,authored,autonomy_first,free_choice,2,-0.04823331279428311,-0.04958599132501347,50,-0.05990764468289196,-0.0368410731385246,-0.06159662248671297,-0.03639304789792229
spec_bounded_weekly_break_1.0_epw1_fixed_high,bounded,weekly_break_1.0,1,fixed_high,authored,autonomy_first,scaffolding_nofade,2,0.028494816679450974,0.027955381050988666,50,0.019832831510623733,0.03747430985636271,0.018431753413551334,0.03839544048660501
spec_bounded_weekly_break_1.0_epw1_fixed_high,bounded,weekly_break_1.0,1,fixed_high,authored,autonomy_first,scaffolding_rapid,2,0.05410128418797308,0.05364248246521441,50,0.04529912735397332,0.061557770036111785,0.04512939228557159,0.06427044438813645
spec_bounded_weekly_break_1.0_epw1_fixed_high,bounded,weekly_break_1.0,1,fixed_high,authored,autonomy_first,substitution,2,-0.19108287648727168,-0.1967727497457527,50,-0.22262753344984038,-0.1441860377964,-0.22604755840224042,-0.13987789018013905
spec_bounded_weekly_break_1.0_epw5_drawn,bounded,weekly_break_1.0,5,drawn,authored,equal,free_choice,2,-0.02521427374741354,-0.023953617013029622,50,-0.040635217132039304,-0.007836261493500321,-0.04343429315194876,-0.007347169707653712
spec_bounded_weekly_break_1.0_epw5_drawn,bounded,weekly_break_1.0,5,drawn,authored,equal,scaffolding_nofade,2,0.011067930064997882,0.009792868985758079,50,0.003559492156396696,0.022874326893112817,0.003134562657895112,0.02452248292907092
spec_bounded_weekly_break_1.0_epw5_drawn,bounded,weekly_break_1.0,5,drawn,authored,equal,scaffolding_rapid,2,0.03940182978551166,0.037983091680345624,50,0.02125626389555308,0.05965557110386855,0.01939572227188757,0.06089957635655409
spec_bounded_weekly_break_1.0_epw5_drawn,bounded,weekly_break_1.0,5,drawn,authored,equal,substitution,2,-0.17113231777375063,-0.17521573307541255,50,-0.23452812550352437,-0.09531468259202516,-0.24533543805724004,-0.08517605012741514
spec_bounded_weekly_break_1.0_epw5_drawn,bounded,weekly_break_1.0,5,drawn,authored,learning_first,free_choice,2,-0.02360083922956155,-0.02170167661280393,50,-0.03831676755712711,-0.007243973647192619,-0.04081798582023735,-0.006695323280608239
spec_bounded_weekly_break_1.0_epw5_drawn,bounded,weekly_break_1.0,5,drawn,authored,learning_first,scaffolding_nofade,2,0.01151153063670059,0.01032296605217577,50,0.004143024353932415,0.023110898273635862,0.0036965791878256823,0.024982691458150335
spec_bounded_weekly_break_1.0_epw5_drawn,bounded,weekly_break_1.0,5,drawn,authored,learning_first,scaffolding_rapid,2,0.035217945301123044,0.033516750609357576,50,0.019773876727076697,0.05520462042806165,0.016829919458208272,0.05674762050869063
spec_bounded_weekly_break_1.0_epw5_drawn,bounded,weekly_break_1.0,5,drawn,authored,learning_first,substitution,2,-0.16538970234259506,-0.16972466576172396,50,-0.22917408401072117,-0.09536481868312169,-0.24178832029064806,-0.08270201696361794
spec_bounded_weekly_break_1.0_epw5_drawn,bounded,weekly_break_1.0,5,drawn,authored,autonomy_first,free_choice,2,-0.029806272005615714,-0.029269297393426486,50,-0.04728954633771539,-0.009762741154094963,-0.05052503121103674,-0.008996433848203908
spec_bounded_weekly_break_1.0_epw5_drawn,bounded,weekly_break_1.0,5,drawn,authored,autonomy_first,scaffolding_nofade,2,0.013693659302353748,0.012290216378401105,50,0.004186539406333813,0.02850035339335062,0.0036453157035247065,0.030413145981963197
spec_bounded_weekly_break_1.0_epw5_drawn,bounded,weekly_break_1.0,5,drawn,authored,autonomy_first,scaffolding_rapid,2,0.058881922447201245,0.057046212250607874,50,0.03274418670311389,0.08473792190062669,0.03147064117928859,0.08720191454061119
spec_bounded_weekly_break_1.0_epw5_drawn,bounded,weekly_break_1.0,5,drawn,authored,autonomy_first,substitution,2,-0.20121042787831553,-0.2077936968566752,50,-0.2703042202546616,-0.11252442500613281,-0.2807483257800323,-0.10201690683232006
spec_bounded_weekly_break_1.0_epw5_fixed_low,bounded,weekly_break_1.0,5,fixed_low,authored,equal,free_choice,2,-0.0248017995976017,-0.02352703107269985,50,-0.04182819185043478,-0.010368823430451935,-0.05325703902559612,-0.008818062602939273
spec_bounded_weekly_break_1.0_epw5_fixed_low,bounded,weekly_break_1.0,5,fixed_low,authored,equal,scaffolding_nofade,2,0.012653507297603632,0.011616083890505982,50,0.004714836672409994,0.026047450083889655,0.003068706655899794,0.026896748464668645
spec_bounded_weekly_break_1.0_epw5_fixed_low,bounded,weekly_break_1.0,5,fixed_low,authored,equal,scaffolding_rapid,2,0.04261150921514782,0.04280541497843578,50,0.02516918615825039,0.06233707769135508,0.022261079990098215,0.06456190733625056
spec_bounded_weekly_break_1.0_epw5_fixed_low,bounded,weekly_break_1.0,5,fixed_low,authored,equal,substitution,2,-0.16126662994423563,-0.16818229307053914,50,-0.21501184636300147,-0.11115462745107356,-0.21986488294296305,-0.08996881481543148
spec_bounded_weekly_break_1.0_epw5_fixed_low,bounded,weekly_break_1.0,5,fixed_low,authored,learning_first,free_choice,2,-0.0230325025238503,-0.021668194689950904,50,-0.03933956181985623,-0.009849596022803064,-0.05000851710233058,-0.008323846106910289
spec_bounded_weekly_break_1.0_epw5_fixed_low,bounded,weekly_break_1.0,5,fixed_low,authored,learning_first,scaffolding_nofade,2,0.013111362653748621,0.011971794707517445,50,0.005231507150702908,0.026291564737779934,0.003586275914435139,0.027223542100289787
spec_bounded_weekly_break_1.0_epw5_fixed_low,bounded,weekly_break_1.0,5,fixed_low,authored,learning_first,scaffolding_rapid,2,0.03896819412479204,0.03951533212373485,50,0.023450327162144874,0.05647038334058393,0.021602005552313862,0.0573015914273172
spec_bounded_weekly_break_1.0_epw5_fixed_low,bounded,weekly_break_1.0,5,fixed_low,authored,learning_first,substitution,2,-0.15460567280451762,-0.159620316285271,50,-0.21095253606210804,-0.10817844265001347,-0.2141692515113256,-0.08732217189233424
spec_bounded_weekly_break_1.0_epw5_fixed_low,bounded,weekly_break_1.0,5,fixed_low,authored,autonomy_first,free_choice,2,-0.029034017496089207,-0.028619872804417815,50,-0.046968819371794854,-0.012491866633150763,-0.0570130241306802,-0.010728793665835788
spec_bounded_weekly_break_1.0_epw5_fixed_low,bounded,weekly_break_1.0,5,fixed_low,authored,autonomy_first,scaffolding_nofade,2,0.015641936287264128,0.014552492707957469,50,0.005648159650456909,0.0324476350611113,0.003627893829363159,0.03341367163075196
spec_bounded_weekly_break_1.0_epw5_fixed_low,bounded,weekly_break_1.0,5,fixed_low,authored,autonomy_first,scaffolding_rapid,2,0.06264350411775585,0.06353493732115893,50,0.03869331084603099,0.0885471316413291,0.03495969444283242,0.0951957834542951
spec_bounded_weekly_break_1.0_epw5_fixed_low,bounded,weekly_break_1.0,5,fixed_low,authored,autonomy_first,substitution,2,-0.1889486271367278,-0.1988561416412045,50,-0.2397025096545867,-0.13122496313575574,-0.24688522898395324,-0.10664784138405997
spec_bounded_weekly_break_1.0_epw5_fixed_high,bounded,weekly_break_1.0,5,fixed_high,authored,equal,free_choice,2,-0.019879002831921552,-0.017110372931503217,50,-0.038173165169955406,-0.006870614370678081,-0.05221161768826249,-0.00575836697368144
spec_bounded_weekly_break_1.0_epw5_fixed_high,bounded,weekly_break_1.0,5,fixed_high,authored,equal,scaffolding_nofade,2,0.008533081216421795,0.006965888448983468,50,0.0026604697727297642,0.019195046909795854,0.0018229580945183527,0.020350321665463914
spec_bounded_weekly_break_1.0_epw5_fixed_high,bounded,weekly_break_1.0,5,fixed_high,authored,equal,scaffolding_rapid,2,0.032838726634661,0.03212812550589836,50,0.01709049476356317,0.053403412192216546,0.015417797118690178,0.05964884112518682
spec_bounded_weekly_break_1.0_epw5_fixed_high,bounded,weekly_break_1.0,5,fixed_high,authored,equal,substitution,2,-0.15934416782697722,-0.16105790211986476,50,-0.2494814765864751,-0.09064987884456886,-0.25983383601507987,-0.07114955164423317
spec_bounded_weekly_break_1.0_epw5_fixed_high,bounded,weekly_break_1.0,5,fixed_high,authored,learning_first,free_choice,2,-0.018615169936071808,-0.016055137452779707,50,-0.03636258939937986,-0.006421063033740329,-0.049444752035723114,-0.005378753725458228
spec_bounded_weekly_break_1.0_epw5_fixed_high,bounded,weekly_break_1.0,5,fixed_high,authored,learning_first,scaffolding_nofade,2,0.008989246410461907,0.0072542695656333854,50,0.0030833743166808762,0.01951055407602848,0.0022453146019855005,0.02072335099248546
spec_bounded_weekly_break_1.0_epw5_fixed_high,bounded,weekly_break_1.0,5,fixed_high,authored,learning_first,scaffolding_rapid,2,0.029161422724131216,0.028457267394963084,50,0.015141419352142369,0.04767543556560138,0.014402391940611308,0.05181277836248494
spec_bounded_weekly_break_1.0_epw5_fixed_high,bounded,weekly_break_1.0,5,fixed_high,authored,learning_first,substitution,2,-0.1545480462996935,-0.15375541412018245,50,-0.24732928086484307,-0.08490730558560432,-0.25715934250388595,-0.06726779457820835
spec_bounded_weekly_break_1.0_epw5_fixed_high,bounded,weekly_break_1.0,5,fixed_high,authored,autonomy_first,free_choice,2,-0.023598808268405425,-0.02082164123334994,50,-0.044200959171449,-0.008360895286457597,-0.0597607871902073,-0.006963156278360354
spec_bounded_weekly_break_1.0_epw5_fixed_high,bounded,weekly_break_1.0,5,fixed_high,authored,autonomy_first,scaffolding_nofade,2,0.010490760846059856,0.008612218383162258,50,0.0031197876033568425,0.024018302854651015,0.0020660522521779036,0.025441265220206274
spec_bounded_weekly_break_1.0_epw5_fixed_high,bounded,weekly_break_1.0,5,fixed_high,authored,autonomy_first,scaffolding_rapid,2,0.04986098109555598,0.04887038162336795,50,0.02771827386178934,0.0775536251591885,0.02552162112728377,0.09004704827295046
spec_bounded_weekly_break_1.0_epw5_fixed_high,bounded,weekly_break_1.0,5,fixed_high,authored,autonomy_first,substitution,2,-0.18795372110603042,-0.19366903996403118,50,-0.2855237481434142,-0.10879546105549283,-0.29313603987807374,-0.08466144403122706
spec_bounded_per_episode_no_breaks_epw3_drawn,bounded,per_episode_no_breaks,3,drawn,authored,equal,free_choice,3,-0.03229405684153124,-0.032551571904977095,50,-0.04704021815816184,-0.013697681917860373,-0.05002567746973554,-0.012831393180830057
spec_bounded_per_episode_no_breaks_epw3_drawn,bounded,per_episode_no_breaks,3,drawn,authored,equal,scaffolding_nofade,3,0.01602788684068173,0.014308612680659683,50,0.006829568909958982,0.027820906070232326,0.0059789034623616245,0.029620394322749967
spec_bounded_per_episode_no_breaks_epw3_drawn,bounded,per_episode_no_breaks,3,drawn,authored,equal,scaffolding_rapid,3,0.04544037323287424,0.04497482503838473,50,0.027804058253581523,0.06320120709409506,0.026687418886848616,0.06404600720107935
spec_bounded_per_episode_no_breaks_epw3_drawn,bounded,per_episode_no_breaks,3,drawn,authored,equal,substitution,3,-0.18805755262320134,-0.19502035484105162,50,-0.2286300547114231,-0.132865779245059,-0.23325395008014171,-0.11890023678474441
spec_bounded_per_episode_no_breaks_epw3_drawn,bounded,per_episode_no_breaks,3,drawn,authored,learning_first,free_choice,3,-0.0304585121331373,-0.03034013498761492,50,-0.044745059425915876,-0.01251913569476334,-0.04759913001079456,-0.012002244416007368
spec_bounded_per_episode_no_breaks_epw3_drawn,bounded,per_episode_no_breaks,3,drawn,authored,learning_first,scaffolding_nofade,3,0.017435120400945022,0.016153404650625473,50,0.007973876415999885,0.03050517297558148,0.0071371096568635705,0.03151491050203731
spec_bounded_per_episode_no_breaks_epw3_drawn,bounded,per_episode_no_breaks,3,drawn,authored,learning_first,scaffolding_rapid,3,0.04103198941710512,0.040467854946714496,50,0.025555836934931103,0.058238015035263,0.022979678197409804,0.06038261760149274
spec_bounded_per_episode_no_breaks_epw3_drawn,bounded,per_episode_no_breaks,3,drawn,authored,learning_first,substitution,3,-0.18378156509684998,-0.19075764818611118,50,-0.22700469914929478,-0.13324894470938267,-0.2289922393480185,-0.11648334168111489
spec_bounded_per_episode_no_breaks_epw3_drawn,bounded,per_episode_no_breaks,3,drawn,authored,autonomy_first,free_choice,3,-0.037000445349193556,-0.03807349603474315,50,-0.052524274888471126,-0.01667381815280053,-0.05548359018155704,-0.015371390450668996
spec_bounded_per_episode_no_breaks_epw3_drawn,bounded,per_episode_no_breaks,3,drawn,authored,autonomy_first,scaffolding_nofade,3,0.018961129860508484,0.016778151651024184,50,0.007860255211575417,0.03172649656084897,0.006808091743680715,0.034897214590442455
spec_bounded_per_episode_no_breaks_epw3_drawn,bounded,per_episode_no_breaks,3,drawn,authored,autonomy_first,scaffolding_rapid,3,0.06639125229578423,0.06573125687378012,50,0.04270904875594631,0.086895594838674,0.042394571729849506,0.08765677668704815
spec_bounded_per_episode_no_breaks_epw3_drawn,bounded,per_episode_no_breaks,3,drawn,authored,autonomy_first,substitution,3,-0.21598609237537633,-0.2252485682610824,50,-0.2605568231817253,-0.1538973951221373,-0.26404868274552956,-0.13965812845793174
spec_bounded_per_episode_no_breaks_epw3_fixed_low,bounded,per_episode_no_breaks,3,fixed_low,authored,equal,free_choice,3,-0.030706301612018008,-0.031053173266748096,50,-0.04548572227248016,-0.015303750282535781,-0.05162762087063692,-0.014252036936914729
spec_bounded_per_episode_no_breaks_epw3_fixed_low,bounded,per_episode_no_breaks,3,fixed_low,authored,equal,scaffolding_nofade,3,0.01725367550745517,0.017201903871718105,50,0.00826731288224943,0.02985971753323773,0.006287727703858525,0.032245388239605065
spec_bounded_per_episode_no_breaks_epw3_fixed_low,bounded,per_episode_no_breaks,3,fixed_low,authored,equal,scaffolding_rapid,3,0.04666529576575369,0.04787911523503807,50,0.029062198034667076,0.060481113094910395,0.024618724703207445,0.06145004883056536
spec_bounded_per_episode_no_breaks_epw3_fixed_low,bounded,per_episode_no_breaks,3,fixed_low,authored,equal,substitution,3,-0.1744838233912512,-0.17978770165198577,50,-0.20367848041961842,-0.1422391887610649,-0.2044715697188917,-0.12733131305980325
spec_bounded_per_episode_no_breaks_epw3_fixed_low,bounded,per_episode_no_breaks,3,fixed_low,authored,learning_first,free_choice,3,-0.028551083733215646,-0.0290204076247502,50,-0.04292259511187604,-0.014376501956750207,-0.04988847447001637,-0.013122347607274024
spec_bounded_per_episode_no_breaks_epw3_fixed_low,bounded,per_episode_no_breaks,3,fixed_low,authored,learning_first,scaffolding_nofade,3,0.01862145612458899,0.018383270280631477,50,0.00961387135397954,0.031091787265546282,0.007369845838161976,0.033848124838266935
spec_bounded_per_episode_no_breaks_epw3_fixed_low,bounded,per_episode_no_breaks,3,fixed_low,authored,learning_first,scaffolding_rapid,3,0.04263764204472646,0.04392272102339776,50,0.027286099142784213,0.05583828261551654,0.022718048496165523,0.0569272794064438
spec_bounded_per_episode_no_breaks_epw3_fixed_low,bounded,per_episode_no_breaks,3,fixed_low,authored,learning_first,substitution,3,-0.16843564717444381,-0.17360280603467126,50,-0.19823513701875056,-0.13796143876501765,-0.20044521826237602,-0.1216576063758179
spec_bounded_per_episode_no_breaks_epw3_fixed_low,bounded,per_episode_no_breaks,3,fixed_low,authored,autonomy_first,free_choice,3,-0.03479355610215591,-0.03512527661031952,50,-0.04891889648557993,-0.017976760780188582,-0.05176747723067466,-0.01693422836380578
spec_bounded_per_episode_no_breaks_epw3_fixed_low,bounded,per_episode_no_breaks,3,fixed_low,authored,autonomy_first,scaffolding_nofade,3,0.020409117648296594,0.0206156938879614,50,0.00958758867853849,0.03548647102173937,0.007297052171859935,0.03795233051328547
spec_bounded_per_episode_no_breaks_epw3_fixed_low,bounded,per_episode_no_breaks,3,fixed_low,authored,autonomy_first,scaffolding_rapid,3,0.06748138369786667,0.06999492420603831,50,0.044870866916389536,0.08444982608411292,0.040159146823255054,0.08582061568322545
spec_bounded_per_episode_no_breaks_epw3_fixed_low,bounded,per_episode_no_breaks,3,fixed_low,authored,autonomy_first,substitution,3,-0.19960407647589784,-0.20362645275320124,50,-0.22720992600469825,-0.16407274264811117,-0.23069265884457543,-0.14829100840331477
spec_bounded_per_episode_no_breaks_epw3_fixed_high,bounded,per_episode_no_breaks,3,fixed_high,authored,equal,free_choice,3,-0.026727328008306735,-0.02542664575638591,50,-0.045029408654858265,-0.011763010354177704,-0.05613847095433685,-0.010157233319560983
spec_bounded_per_episode_no_breaks_epw3_fixed_high,bounded,per_episode_no_breaks,3,fixed_high,authored,equal,scaffolding_nofade,3,0.013232527244191281,0.012354920217377763,50,0.0055459765720476915,0.025667646004825143,0.0038708870578816517,0.027290916956362005
spec_bounded_per_episode_no_breaks_epw3_fixed_high,bounded,per_episode_no_breaks,3,fixed_high,authored,equal,scaffolding_rapid,3,0.03998885027743553,0.04024451196346651,50,0.022144917867246473,0.058867007844034695,0.01891296991896303,0.06089329331564054
spec_bounded_per_episode_no_breaks_epw3_fixed_high,bounded,per_episode_no_breaks,3,fixed_high,authored,equal,substitution,3,-0.18286442435630346,-0.1926655489116817,50,-0.2321486929019869,-0.1302612839518726,-0.24038783688792434,-0.10544109694444354
spec_bounded_per_episode_no_breaks_epw3_fixed_high,bounded,per_episode_no_breaks,3,fixed_high,authored,learning_first,free_choice,3,-0.02526287270067774,-0.023423493967644978,50,-0.04340893000485283,-0.01118785940112494,-0.05514678735662039,-0.009504979529111286
spec_bounded_per_episode_no_breaks_epw3_fixed_high,bounded,per_episode_no_breaks,3,fixed_high,authored,learning_first,scaffolding_nofade,3,0.014556885548522757,0.013513252063460811,50,0.00667503091698186,0.02718599262692453,0.0047916921819869465,0.02914616092322151
spec_bounded_per_episode_no_breaks_epw3_fixed_high,bounded,per_episode_no_breaks,3,fixed_high,authored,learning_first,scaffolding_rapid,3,0.035890966100883465,0.035916294520803194,50,0.020314328792915934,0.052764016932928745,0.01722499779634643,0.05503398846534196
spec_bounded_per_episode_no_breaks_epw3_fixed_high,bounded,per_episode_no_breaks,3,fixed_high,authored,learning_first,substitution,3,-0.1797021962608942,-0.18744080422192144,50,-0.23114942475289832,-0.1295600529215111,-0.2408394348100768,-0.1022443579016148
spec_bounded_per_episode_no_breaks_epw3_fixed_high,bounded,per_episode_no_breaks,3,fixed_high,authored,autonomy_first,free_choice,3,-0.030848746537926283,-0.029713296567067643,50,-0.05006390190225336,-0.013853918892537356,-0.05939446022430187,-0.012013452280878877
spec_bounded_per_episode_no_breaks_epw3_fixed_high,bounded,per_episode_no_breaks,3,fixed_high,authored,autonomy_first,scaffolding_nofade,3,0.015539100876575484,0.014797974819454517,50,0.006236971701703549,0.030474947652473917,0.004308312545999619,0.032529065149068954
spec_bounded_per_episode_no_breaks_epw3_fixed_high,bounded,per_episode_no_breaks,3,fixed_high,authored,autonomy_first,scaffolding_rapid,3,0.059298541437774396,0.05947836267982042,50,0.035587011406895484,0.08324862045631362,0.03197379476753435,0.08908525297058287
spec_bounded_per_episode_no_breaks_epw3_fixed_high,bounded,per_episode_no_breaks,3,fixed_high,authored,autonomy_first,substitution,3,-0.21101939435078115,-0.22254283882593115,50,-0.2611693355271612,-0.15049321197481644,-0.2710150713509207,-0.12248693758897065
spec_bounded_per_episode_no_breaks_epw1_drawn,bounded,per_episode_no_breaks,1,drawn,authored,equal,free_choice,3,-0.025089814779416516,-0.02519103178530316,50,-0.0346134368027626,-0.01248762791381462,-0.036009847970279146,-0.01089164284365453
spec_bounded_per_episode_no_breaks_epw1_drawn,bounded,per_episode_no_breaks,1,drawn,authored,equal,scaffolding_nofade,3,0.012098646382514379,0.010678376026940845,50,0.005606207736466895,0.02096471044708699,0.004917878114723255,0.021747706678753403
spec_bounded_per_episode_no_breaks_epw1_drawn,bounded,per_episode_no_breaks,1,drawn,authored,equal,scaffolding_rapid,3,0.029295440832219535,0.02952467242345601,50,0.018321529448714104,0.04097092023574016,0.017049262337631432,0.04226920160747137
spec_bounded_per_episode_no_breaks_epw1_drawn,bounded,per_episode_no_breaks,1,drawn,authored,equal,substitution,3,-0.15579723245691443,-0.15789659495439742,50,-0.1896920925728476,-0.10724826851095814,-0.1930077781906213,-0.10006481361831641
spec_bounded_per_episode_no_breaks_epw1_drawn,bounded,per_episode_no_breaks,1,drawn,authored,learning_first,free_choice,3,-0.02307171195848802,-0.02298352147238404,50,-0.0322904250028825,-0.011025485167351672,-0.032999348076715944,-0.009904365837061791
spec_bounded_per_episode_no_breaks_epw1_drawn,bounded,per_episode_no_breaks,1,drawn,authored,learning_first,scaffolding_nofade,3,0.013210954418475019,0.011353507828896731,50,0.00642405736988571,0.022949503120368184,0.0058194864527451136,0.023702485176452345
spec_bounded_per_episode_no_breaks_epw1_drawn,bounded,per_episode_no_breaks,1,drawn,authored,learning_first,scaffolding_rapid,3,0.023959097316807693,0.023648560793523087,50,0.013936938846037887,0.035059797582120356,0.01371583066761309,0.03637439360121609
spec_bounded_per_episode_no_breaks_epw1_drawn,bounded,per_episode_no_breaks,1,drawn,authored,learning_first,substitution,3,-0.14970533849789042,-0.15193243783405996,50,-0.1849516445325874,-0.10556330171629713,-0.1915758918496436,-0.0948447979277603
spec_bounded_per_episode_no_breaks_epw1_drawn,bounded,per_episode_no_breaks,1,drawn,authored,autonomy_first,free_choice,3,-0.028805754731179363,-0.028701923697742222,50,-0.038348018432182135,-0.014937017125179098,-0.040324780336210675,-0.012986981939930453
spec_bounded_per_episode_no_breaks_epw1_drawn,bounded,per_episode_no_breaks,1,drawn,authored,autonomy_first,scaffolding_nofade,3,0.014361525805075106,0.013009022048845216,50,0.006558771983448399,0.024016073206059814,0.005671329911478084,0.025272451099044947
spec_bounded_per_episode_no_breaks_epw1_drawn,bounded,per_episode_no_breaks,1,drawn,authored,autonomy_first,scaffolding_rapid,3,0.04606485024418682,0.04685165008905012,50,0.03129582719227519,0.060979532795963534,0.02884475499382542,0.06257626207834456
spec_bounded_per_episode_no_breaks_epw1_drawn,bounded,per_episode_no_breaks,1,drawn,authored,autonomy_first,substitution,3,-0.17726611905286635,-0.17962738269127013,50,-0.21124853416259057,-0.1230158971371408,-0.21470382633844712,-0.11741964608880424
spec_bounded_per_episode_no_breaks_epw1_fixed_low,bounded,per_episode_no_breaks,1,fixed_low,authored,equal,free_choice,3,-0.023691665877632172,-0.02378245182708387,50,-0.033774701270348005,-0.013125095946596594,-0.040725468767367226,-0.012260490815177588
spec_bounded_per_episode_no_breaks_epw1_fixed_low,bounded,per_episode_no_breaks,1,fixed_low,authored,equal,scaffolding_nofade,3,0.0131155278230025,0.012601747098399677,50,0.006438484345711663,0.02248539048362168,0.005372150374245065,0.024089413079181922
spec_bounded_per_episode_no_breaks_epw1_fixed_low,bounded,per_episode_no_breaks,1,fixed_low,authored,equal,scaffolding_rapid,3,0.02954254961641835,0.030431645008120796,50,0.015846112198652302,0.03888451062234671,0.01456702328432131,0.03972332984215107
spec_bounded_per_episode_no_breaks_epw1_fixed_low,bounded,per_episode_no_breaks,1,fixed_low,authored,equal,substitution,3,-0.1440754046428783,-0.14719391841155205,50,-0.17455704047635465,-0.10854425210296838,-0.17974812384808314,-0.10524285558087222
spec_bounded_per_episode_no_breaks_epw1_fixed_low,bounded,per_episode_no_breaks,1,fixed_low,authored,learning_first,free_choice,3,-0.021384559173502574,-0.021176345382244412,50,-0.0312593769214696,-0.011360269633247533,-0.03785162156807933,-0.010784866685531266
spec_bounded_per_episode_no_breaks_epw1_fixed_low,bounded,per_episode_no_breaks,1,fixed_low,authored,learning_first,scaffolding_nofade,3,0.014263208442781547,0.01382045049214593,50,0.007547374574118606,0.02406964869896727,0.0061863006494794984,0.025886006108462308
spec_bounded_per_episode_no_breaks_epw1_fixed_low,bounded,per_episode_no_breaks,1,fixed_low,authored,learning_first,scaffolding_rapid,3,0.02437650954288255,0.024542316041830173,50,0.01224787755283953,0.03465410803225269,0.010556828876397058,0.03534211216515958
spec_bounded_per_episode_no_breaks_epw1_fixed_low,bounded,per_episode_no_breaks,1,fixed_low,authored,learning_first,substitution,3,-0.1362478133660349,-0.13785265882977799,50,-0.16942292108764748,-0.10138042393507202,-0.1734349904447409,-0.09632300404634078
spec_bounded_per_episode_no_breaks_epw1_fixed_low,bounded,per_episode_no_breaks,1,fixed_low,authored,autonomy_first,free_choice,3,-0.026864186619993475,-0.027541098052812588,50,-0.03669844854298052,-0.0157948418488559,-0.04110959407675772,-0.014376545006604001
spec_bounded_per_episode_no_breaks_epw1_fixed_low,bounded,per_episode_no_breaks,1,fixed_low,authored,autonomy_first,scaffolding_nofade,3,0.015520945459333637,0.015132712891552259,50,0.007468024175519258,0.026468546245693295,0.006302230467499332,0.028571927364178334
spec_bounded_per_episode_no_breaks_epw1_fixed_low,bounded,per_episode_no_breaks,1,fixed_low,authored,autonomy_first,scaffolding_rapid,3,0.046101788956363715,0.047103094381737584,50,0.02922890048464947,0.05780047597170172,0.027298811284632737,0.05987237084602063
spec_bounded_per_episode_no_breaks_epw1_fixed_low,bounded,per_episode_no_breaks,1,fixed_low,authored,autonomy_first,substitution,3,-0.16286524283120618,-0.1659759785658764,50,-0.19262874927356277,-0.12326488448248876,-0.19509349433377776,-0.1216491529262891
spec_bounded_per_episode_no_breaks_epw1_fixed_high,bounded,per_episode_no_breaks,1,fixed_high,authored,equal,free_choice,3,-0.021466480843518463,-0.020731150963910493,50,-0.03355519685619567,-0.01045667120709786,-0.04283752515418992,-0.0096457321775292
spec_bounded_per_episode_no_breaks_epw1_fixed_high,bounded,per_episode_no_breaks,1,fixed_high,authored,equal,scaffolding_nofade,3,0.010046653178132523,0.009386202769292518,50,0.004554720111751316,0.019068053349021476,0.0036456411640206424,0.019581087328034565
spec_bounded_per_episode_no_breaks_epw1_fixed_high,bounded,per_episode_no_breaks,1,fixed_high,authored,equal,scaffolding_rapid,3,0.026323945260436306,0.026848919987603016,50,0.013167241473010825,0.037436343740392126,0.012054756575821772,0.03903433816978843
spec_bounded_per_episode_no_breaks_epw1_fixed_high,bounded,per_episode_no_breaks,1,fixed_high,authored,equal,substitution,3,-0.1522253473475793,-0.15712612534569687,50,-0.2061803918725535,-0.10442011553371428,-0.209618281349832,-0.09525502243482166
spec_bounded_per_episode_no_breaks_epw1_fixed_high,bounded,per_episode_no_breaks,1,fixed_high,authored,learning_first,free_choice,3,-0.019850635038303043,-0.019237012297773547,50,-0.031731202089767145,-0.00943632609000136,-0.04100817461687683,-0.008580297384711794
spec_bounded_per_episode_no_breaks_epw1_fixed_high,bounded,per_episode_no_breaks,1,fixed_high,authored,learning_first,scaffolding_nofade,3,0.011074073931185703,0.010255132236774288,50,0.005402561944439143,0.02067941043941838,0.004353813132377801,0.021334953787049898
spec_bounded_per_episode_no_breaks_epw1_fixed_high,bounded,per_episode_no_breaks,1,fixed_high,authored,learning_first,scaffolding_rapid,3,0.021411552109875505,0.02146333781227749,50,0.010249581745753524,0.03146688939560348,0.008463728317202627,0.033527359759404865
spec_bounded_per_episode_no_breaks_epw1_fixed_high,bounded,per_episode_no_breaks,1,fixed_high,authored,learning_first,substitution,3,-0.14763709405819095,-0.15191102723022454,50,-0.20550139529008896,-0.10040646530426528,-0.20865851479557626,-0.08951099127893274
spec_bounded_per_episode_no_breaks_epw1_fixed_high,bounded,per_episode_no_breaks,1,fixed_high,authored,autonomy_first,free_choice,3,-0.024933598612385217,-0.024391804081563072,50,-0.0377756550727479,-0.012605882497701941,-0.04540291047749905,-0.011598435719544732
spec_bounded_per_episode_no_breaks_epw1_fixed_high,bounded,per_episode_no_breaks,1,fixed_high,authored,autonomy_first,scaffolding_nofade,3,0.011874691248327941,0.011260526684458406,50,0.005250288115881846,0.02249581358821506,0.004210520555151916,0.02332688393811523
spec_bounded_per_episode_no_breaks_epw1_fixed_high,bounded,per_episode_no_breaks,1,fixed_high,authored,autonomy_first,scaffolding_rapid,3,0.04210076573916008,0.04281982461509346,50,0.024940963757901176,0.0562143424801769,0.023329916371278132,0.06159451776037438
spec_bounded_per_episode_no_breaks_epw1_fixed_high,bounded,per_episode_no_breaks,1,fixed_high,authored,autonomy_first,substitution,3,-0.17422488066604358,-0.17975020875591163,50,-0.22593122114378572,-0.11957889217058383,-0.23017405690712442,-0.11072997376367308
spec_bounded_per_episode_no_breaks_epw5_drawn,bounded,per_episode_no_breaks,5,drawn,authored,equal,free_choice,3,-0.03503412796750366,-0.03598505441187656,50,-0.05154574092535797,-0.013396626938940353,-0.0532453638631468,-0.01232210927091482
spec_bounded_per_episode_no_breaks_epw5_drawn,bounded,per_episode_no_breaks,5,drawn,authored,equal,scaffolding_nofade,3,0.0161017996238099,0.014095412490185906,50,0.006475699685604411,0.028900719929334958,0.0057884863507168365,0.029461583365269165
spec_bounded_per_episode_no_breaks_epw5_drawn,bounded,per_episode_no_breaks,5,drawn,authored,equal,scaffolding_rapid,3,0.047589308688139056,0.04673680683506179,50,0.029179439291148957,0.06411677263619216,0.02767664874688883,0.0662749007762646
spec_bounded_per_episode_no_breaks_epw5_drawn,bounded,per_episode_no_breaks,5,drawn,authored,equal,substitution,3,-0.19117242881381624,-0.19683009050419903,50,-0.23436940503215295,-0.1344023178962945,-0.24205651776413653,-0.1191157198080368
spec_bounded_per_episode_no_breaks_epw5_drawn,bounded,per_episode_no_breaks,5,drawn,authored,learning_first,free_choice,3,-0.03329665041800328,-0.034157051538256274,50,-0.04947145722211982,-0.01262653876214742,-0.051573615715936494,-0.011225097733814568
spec_bounded_per_episode_no_breaks_epw5_drawn,bounded,per_episode_no_breaks,5,drawn,authored,learning_first,scaffolding_nofade,3,0.016990156398316844,0.015178590850441112,50,0.007286548902465583,0.030871495033782198,0.00664763376202335,0.03110049135220843
spec_bounded_per_episode_no_breaks_epw5_drawn,bounded,per_episode_no_breaks,5,drawn,authored,learning_first,scaffolding_rapid,3,0.04313726853212493,0.042706603709644644,50,0.027130463622672355,0.06052731687874885,0.023915967252449585,0.061691244399233444
spec_bounded_per_episode_no_breaks_epw5_drawn,bounded,per_episode_no_breaks,5,drawn,authored,learning_first,substitution,3,-0.18681921849519775,-0.19242844981713447,50,-0.2334868415051691,-0.1339203256327235,-0.238230122357619,-0.11588653823845817
spec_bounded_per_episode_no_breaks_epw5_drawn,bounded,per_episode_no_breaks,5,drawn,authored,autonomy_first,free_choice,3,-0.0403113455457024,-0.041629752227275774,50,-0.056726461089641196,-0.016172462626969045,-0.05979489107626964,-0.01522848774012189
spec_bounded_per_episode_no_breaks_epw5_drawn,bounded,per_episode_no_breaks,5,drawn,authored,autonomy_first,scaffolding_nofade,3,0.019548693735860382,0.0174142127698731,50,0.007712047667795886,0.03355943075541758,0.006809290768275908,0.03551406516453047
spec_bounded_per_episode_no_breaks_epw5_drawn,bounded,per_episode_no_breaks,5,drawn,authored,autonomy_first,scaffolding_rapid,3,0.06939358287368809,0.06891232772107088,50,0.04398358474337694,0.09079837445664476,0.04364960098362644,0.09167429486626663
spec_bounded_per_episode_no_breaks_epw5_drawn,bounded,per_episode_no_breaks,5,drawn,authored,autonomy_first,substitution,3,-0.22089010315139201,-0.22698083443443973,50,-0.266921539051777,-0.1575997093162145,-0.27482294902017085,-0.1413510467250536
spec_bounded_per_episode_no_breaks_epw5_fixed_low,bounded,per_episode_no_breaks,5,fixed_low,authored,equal,free_choice,3,-0.0329750877668482,-0.03341673193749156,50,-0.0489772158724969,-0.016441737867814117,-0.05592689449416662,-0.01399373590962586
spec_bounded_per_episode_no_breaks_epw5_fixed_low,bounded,per_episode_no_breaks,5,fixed_low,authored,equal,scaffolding_nofade,3,0.01740687135635972,0.016902169218312946,50,0.007838121624965362,0.03109087412279537,0.005411865291216036,0.03290550575324062
spec_bounded_per_episode_no_breaks_epw5_fixed_low,bounded,per_episode_no_breaks,5,fixed_low,authored,equal,scaffolding_rapid,3,0.04950741327710692,0.05101650890484637,50,0.0324561090747657,0.06286683674029145,0.028663756947708882,0.0658291878712953
spec_bounded_per_episode_no_breaks_epw5_fixed_low,bounded,per_episode_no_breaks,5,fixed_low,authored,equal,substitution,3,-0.1768369906829931,-0.18122292969131243,50,-0.20592597553565262,-0.1430882620704152,-0.20880325178448733,-0.12443041798701096
spec_bounded_per_episode_no_breaks_epw5_fixed_low,bounded,per_episode_no_breaks,5,fixed_low,authored,learning_first,free_choice,3,-0.030893043532243675,-0.03129449523654043,50,-0.046553234799660746,-0.01549335586648876,-0.05464070490591958,-0.012857933181572785
spec_bounded_per_episode_no_breaks_epw5_fixed_low,bounded,per_episode_no_breaks,5,fixed_low,authored,learning_first,scaffolding_nofade,3,0.018263698357321147,0.017623010100300242,50,0.008711292015197294,0.031816810563485634,0.006208792758467624,0.033922939313882856
spec_bounded_per_episode_no_breaks_epw5_fixed_low,bounded,per_episode_no_breaks,5,fixed_low,authored,learning_first,scaffolding_rapid,3,0.045586532613493595,0.04731173102658356,50,0.03126858869132695,0.058431498148117524,0.02744002273085227,0.06011888367384322
spec_bounded_per_episode_no_breaks_epw5_fixed_low,bounded,per_episode_no_breaks,5,fixed_low,authored,learning_first,substitution,3,-0.17083334991069463,-0.17587897110109052,50,-0.20083586969962872,-0.13913144682775136,-0.20400939763617854,-0.11844556747946255
spec_bounded_per_episode_no_breaks_epw5_fixed_low,bounded,per_episode_no_breaks,5,fixed_low,authored,autonomy_first,free_choice,3,-0.03751219029841666,-0.038639738632162454,50,-0.053355473835040114,-0.0194984853384472,-0.05573086759482019,-0.016906595144406445
spec_bounded_per_episode_no_breaks_epw5_fixed_low,bounded,per_episode_no_breaks,5,fixed_low,authored,autonomy_first,scaffolding_nofade,3,0.0210885200875779,0.020962145474338452,50,0.00933031074734822,0.03742746703172812,0.006446746018100771,0.039920656137438705
spec_bounded_per_episode_no_breaks_epw5_fixed_low,bounded,per_episode_no_breaks,5,fixed_low,authored,autonomy_first,scaffolding_rapid,3,0.07134916075032258,0.07415808946275876,50,0.04914300445929782,0.08966166998652947,0.04491975539229829,0.09101022463585173
spec_bounded_per_episode_no_breaks_epw5_fixed_low,bounded,per_episode_no_breaks,5,fixed_low,authored,autonomy_first,substitution,3,-0.2034600338806358,-0.20784918205459152,50,-0.23073809072919937,-0.1676877490422982,-0.23155610103716884,-0.14690800336930676
spec_bounded_per_episode_no_breaks_epw5_fixed_high,bounded,per_episode_no_breaks,5,fixed_high,authored,equal,free_choice,3,-0.029146510129331022,-0.028164057059041916,50,-0.05057331293798912,-0.011902395942241129,-0.062396847613372754,-0.009957768475798292
spec_bounded_per_episode_no_breaks_epw5_fixed_high,bounded,per_episode_no_breaks,5,fixed_high,authored,equal,scaffolding_nofade,3,0.013322686409724118,0.01249879714687283,50,0.0049678425026233874,0.02744951518160786,0.0032687908987773344,0.02819503969188216
spec_bounded_per_episode_no_breaks_epw5_fixed_high,bounded,per_episode_no_breaks,5,fixed_high,authored,equal,scaffolding_rapid,3,0.041658483463465776,0.042252860449938465,50,0.023385249351466842,0.061447064730447296,0.020577885978565004,0.0643457685261815
spec_bounded_per_episode_no_breaks_epw5_fixed_high,bounded,per_episode_no_breaks,5,fixed_high,authored,equal,substitution,3,-0.18636021984658055,-0.195460429314203,50,-0.2393626944498312,-0.12925389031029322,-0.24880252020388602,-0.10069972545349143
spec_bounded_per_episode_no_breaks_epw5_fixed_high,bounded,per_episode_no_breaks,5,fixed_high,authored,learning_first,free_choice,3,-0.02772253484174211,-0.02673062867270505,50,-0.049227074877674575,-0.011246411198524778,-0.06113560555853164,-0.00931095391307777
spec_bounded_per_episode_no_breaks_epw5_fixed_high,bounded,per_episode_no_breaks,5,fixed_high,authored,learning_first,scaffolding_nofade,3,0.014130498854792195,0.013016220522641678,50,0.005639081268768191,0.028233316472609505,0.003861524006372116,0.029239788187888652
spec_bounded_per_episode_no_breaks_epw5_fixed_high,bounded,per_episode_no_breaks,5,fixed_high,authored,learning_first,scaffolding_rapid,3,0.037427252151707224,0.038236669285370034,50,0.02125849326138569,0.0557746775413128,0.01907069562386303,0.05721166735827281
spec_bounded_per_episode_no_breaks_epw5_fixed_high,bounded,per_episode_no_breaks,5,fixed_high,authored,learning_first,substitution,3,-0.1829132694409856,-0.19060047311605643,50,-0.2399312977078966,-0.126151075227854,-0.2495176264245988,-0.09798780821904506
spec_bounded_per_episode_no_breaks_epw5_fixed_high,bounded,per_episode_no_breaks,5,fixed_high,authored,autonomy_first,free_choice,3,-0.03380560814809755,-0.0332659553894315,50,-0.0564713913434817,-0.014253241922457959,-0.06654862976163174,-0.012075727467663859
spec_bounded_per_episode_no_breaks_epw5_fixed_high,bounded,per_episode_no_breaks,5,fixed_high,authored,autonomy_first,scaffolding_nofade,3,0.016120437556990098,0.015298216401105211,50,0.005830352955044109,0.03333405683556527,0.0037621394701196423,0.03452362035042968
spec_bounded_per_episode_no_breaks_epw5_fixed_high,bounded,per_episode_no_breaks,5,fixed_high,authored,autonomy_first,scaffolding_rapid,3,0.061612138759851776,0.06231008327577511,50,0.03718397535735931,0.0870771920368627,0.03362553964097002,0.09431423404674182
spec_bounded_per_episode_no_breaks_epw5_fixed_high,bounded,per_episode_no_breaks,5,fixed_high,authored,autonomy_first,substitution,3,-0.21649034087552319,-0.22856140459144791,50,-0.2714407502738331,-0.15116148076101255,-0.28102337862685217,-0.11883289275345077
spec_brief_weekly_break_0.25_epw3_drawn,brief,weekly_break_0.25,3,drawn,authored,equal,free_choice,3,-0.07305416598669191,-0.07239646513475832,50,-0.09204127124017271,-0.047478019961098364,-0.09492404098787628,-0.04338739831829072
spec_brief_weekly_break_0.25_epw3_drawn,brief,weekly_break_0.25,3,drawn,authored,equal,scaffolding_nofade,3,0.010862626205705196,0.01001310049614873,50,0.005820436514216537,0.018828383970285266,0.005295779832411342,0.022057376153566757
spec_brief_weekly_break_0.25_epw3_drawn,brief,weekly_break_0.25,3,drawn,authored,equal,scaffolding_rapid,3,0.2268015448665844,0.2265475074902426,50,0.20446929212857853,0.24433452567856995,0.19621221440288367,0.24504672682409856
spec_brief_weekly_break_0.25_epw3_drawn,brief,weekly_break_0.25,3,drawn,authored,equal,substitution,3,-0.14414305553866427,-0.14319152350740041,50,-0.16996872597258572,-0.10669386552789542,-0.17365885695296526,-0.09675612883132417
spec_brief_weekly_break_0.25_epw3_drawn,brief,weekly_break_0.25,3,drawn,authored,learning_first,free_choice,3,-0.08052056363014103,-0.08074025390886587,50,-0.1047167942211038,-0.048093935592000064,-0.10755947756839893,-0.044455660320536515
spec_brief_weekly_break_0.25_epw3_drawn,brief,weekly_break_0.25,3,drawn,authored,learning_first,scaffolding_nofade,3,0.014793436686701151,0.013259962192185929,50,0.007791892469785528,0.025656510286728003,0.006805390977775523,0.029497254029200542
spec_brief_weekly_break_0.25_epw3_drawn,brief,weekly_break_0.25,3,drawn,authored,learning_first,scaffolding_rapid,3,0.11392975543073712,0.11237808783697223,50,0.09640161137127334,0.1365317932963445,0.09148020354832014,0.14351154056034188
spec_brief_weekly_break_0.25_epw3_drawn,brief,weekly_break_0.25,3,drawn,authored,learning_first,substitution,3,-0.16219012576360212,-0.16276596730949291,50,-0.19767859399036716,-0.10765426566719184,-0.20437738593465943,-0.09842141488488407
spec_brief_weekly_break_0.25_epw3_drawn,brief,weekly_break_0.25,3,drawn,authored,autonomy_first,free_choice,3,-0.06797142753082014,-0.07003629959840801,50,-0.0819344508785931,-0.04544385576137454,-0.08457221622756554,-0.044980477258090464
spec_brief_weekly_break_0.25_epw3_drawn,brief,weekly_break_0.25,3,drawn,authored,autonomy_first,scaffolding_nofade,3,0.011168207556903368,0.010605984201741147,50,0.0060767367923702685,0.01801154738035488,0.0056941300270576,0.021534494064386872
spec_brief_weekly_break_0.25_epw3_drawn,brief,weekly_break_0.25,3,drawn,authored,autonomy_first,scaffolding_rapid,3,0.3601684702184453,0.3647782789528343,50,0.31925516558004996,0.3853527536034095,0.3150662307329223,0.38804994106406115
spec_brief_weekly_break_0.25_epw3_drawn,brief,weekly_break_0.25,3,drawn,authored,autonomy_first,substitution,3,-0.1338187502557522,-0.13524921372433085,50,-0.15477675289171416,-0.10504224808392,-0.15616997267416186,-0.10222438033099333
spec_brief_weekly_break_0.25_epw3_fixed_low,brief,weekly_break_0.25,3,fixed_low,authored,equal,free_choice,3,-0.07071320007877778,-0.07097673600295754,50,-0.08888465167011228,-0.055197777078400866,-0.09209130667674177,-0.052979287261028
spec_brief_weekly_break_0.25_epw3_fixed_low,brief,weekly_break_0.25,3,fixed_low,authored,equal,scaffolding_nofade,3,0.011574129283865905,0.010787585911656222,50,0.005520092977030727,0.01930063375113338,0.004691499884646723,0.022685200557163616
spec_brief_weekly_break_0.25_epw3_fixed_low,brief,weekly_break_0.25,3,fixed_low,authored,equal,scaffolding_rapid,3,0.230352542091807,0.22977358357966415,50,0.20496541876266003,0.2540073948784772,0.20063855183749826,0.25602637836035214
spec_brief_weekly_break_0.25_epw3_fixed_low,brief,weekly_break_0.25,3,fixed_low,authored,equal,substitution,3,-0.13644497298880692,-0.13659495603446847,50,-0.16258270421978968,-0.11055003969993096,-0.16607425469735715,-0.10654352289364895
spec_brief_weekly_break_0.25_epw3_fixed_low,brief,weekly_break_0.25,3,fixed_low,authored,learning_first,free_choice,3,-0.07689867905221924,-0.07896248325264144,50,-0.09889496109905835,-0.055987960962997595,-0.1002286739288568,-0.05375245861556498
spec_brief_weekly_break_0.25_epw3_fixed_low,brief,weekly_break_0.25,3,fixed_low,authored,learning_first,scaffolding_nofade,3,0.01570737312060705,0.014698709911444917,50,0.0074897585623646965,0.025898216682312392,0.006139371027294605,0.030591140372437816
spec_brief_weekly_break_0.25_epw3_fixed_low,brief,weekly_break_0.25,3,fixed_low,authored,learning_first,scaffolding_rapid,3,0.12126218722532793,0.12097804090859693,50,0.09580854887335305,0.14913317921366884,0.09517048940416566,0.1510603250173011
spec_brief_weekly_break_0.25_epw3_fixed_low,brief,weekly_break_0.25,3,fixed_low,authored,learning_first,substitution,3,-0.1513326155985003,-0.15326313321027074,50,-0.18183423861303077,-0.12181257640767877,-0.18465791878107188,-0.11414358402797149
spec_brief_weekly_break_0.25_epw3_fixed_low,brief,weekly_break_0.25,3,fixed_low,authored,autonomy_first,free_choice,3,-0.06465035661673295,-0.06448816592234341,50,-0.07874615581128397,-0.05221813866819014,-0.08097999015532677,-0.05039306747247681
spec_brief_weekly_break_0.25_epw3_fixed_low,brief,weekly_break_0.25,3,fixed_low,authored,autonomy_first,scaffolding_nofade,3,0.011688083535262309,0.010975320306761818,50,0.005653695891020232,0.018965003506552527,0.005193723691326301,0.020100341436247206
spec_brief_weekly_break_0.25_epw3_fixed_low,brief,weekly_break_0.25,3,fixed_low,authored,autonomy_first,scaffolding_rapid,3,0.36213817338162285,0.36444893130748257,50,0.3211624323707907,0.3942740955336361,0.3098909072689701,0.39910159829150077
spec_brief_weekly_break_0.25_epw3_fixed_low,brief,weekly_break_0.25,3,fixed_low,authored,autonomy_first,substitution,3,-0.12434667401838967,-0.12461449707127711,50,-0.14576754662281227,-0.10335546359492585,-0.14839679576865278,-0.10148609522480145
spec_brief_weekly_break_0.25_epw3_fixed_high,brief,weekly_break_0.25,3,fixed_high,authored,equal,free_choice,3,-0.06622907013431974,-0.06547464178389527,50,-0.10286040200777215,-0.04118806778409034,-0.10943014570008883,-0.03848406926216031
spec_brief_weekly_break_0.25_epw3_fixed_high,brief,weekly_break_0.25,3,fixed_high,authored,equal,scaffolding_nofade,3,0.008960445957538693,0.008319984753256092,50,0.0030255962900226497,0.01827658253734565,0.0028116398149892604,0.0199056324167568
spec_brief_weekly_break_0.25_epw3_fixed_high,brief,weekly_break_0.25,3,fixed_high,authored,equal,scaffolding_rapid,3,0.22651696767540508,0.22818569182484089,50,0.20697593865345426,0.24524551162990285,0.19999217725907126,0.24689616506214823
spec_brief_weekly_break_0.25_epw3_fixed_high,brief,weekly_break_0.25,3,fixed_high,authored,equal,substitution,3,-0.13521113019160133,-0.1377004397834306,50,-0.18240171631433783,-0.09598227709531046,-0.1928794040505057,-0.08868454291297581
spec_brief_weekly_break_0.25_epw3_fixed_high,brief,weekly_break_0.25,3,fixed_high,authored,learning_first,free_choice,3,-0.07175525446528075,-0.07072357166817408,50,-0.11580221033132951,-0.0383445272852973,-0.12321986349574317,-0.03791821273472542
spec_brief_weekly_break_0.25_epw3_fixed_high,brief,weekly_break_0.25,3,fixed_high,authored,learning_first,scaffolding_nofade,3,0.012030541031450522,0.011441573646948321,50,0.003885834538242248,0.0241898827479352,0.003532791210359725,0.026326511284289388
spec_brief_weekly_break_0.25_epw3_fixed_high,brief,weekly_break_0.25,3,fixed_high,authored,learning_first,scaffolding_rapid,3,0.1062576125919408,0.10513060400336868,50,0.08526293072843226,0.1295044429245253,0.08403079616322266,0.1323431371572571
spec_brief_weekly_break_0.25_epw3_fixed_high,brief,weekly_break_0.25,3,fixed_high,authored,learning_first,substitution,3,-0.1504283633727418,-0.15118517810636198,50,-0.21348532655543875,-0.10015346382295068,-0.2207691717791722,-0.09083026481771653
spec_brief_weekly_break_0.25_epw3_fixed_high,brief,weekly_break_0.25,3,fixed_high,authored,autonomy_first,free_choice,3,-0.06333311147477542,-0.061555182754003485,50,-0.09068105014871686,-0.041688778362521266,-0.093383044500961,-0.034769942618496204
spec_brief_weekly_break_0.25_epw3_fixed_high,brief,weekly_break_0.25,3,fixed_high,authored,autonomy_first,scaffolding_nofade,3,0.0092477839226091,0.008748586968812927,50,0.0033324145562045517,0.018719347180625998,0.003116842572976704,0.020390355568254352
spec_brief_weekly_break_0.25_epw3_fixed_high,brief,weekly_break_0.25,3,fixed_high,authored,autonomy_first,scaffolding_rapid,3,0.363017755020791,0.36783630115621935,50,0.32904163190018915,0.3871296977339688,0.3251406687272487,0.3875415712127351
spec_brief_weekly_break_0.25_epw3_fixed_high,brief,weekly_break_0.25,3,fixed_high,authored,autonomy_first,substitution,3,-0.12942727347618277,-0.12947647165130804,50,-0.1586228352820848,-0.09526390941318351,-0.16552717461636623,-0.08851682109398028
spec_brief_weekly_break_0.25_epw1_drawn,brief,weekly_break_0.25,1,drawn,authored,equal,free_choice,3,-0.06450398370072581,-0.06400256489272431,50,-0.07981655001450544,-0.04677886674617336,-0.0809983987270895,-0.0435373006903844
spec_brief_weekly_break_0.25_epw1_drawn,brief,weekly_break_0.25,1,drawn,authored,equal,scaffolding_nofade,3,0.014742501022755842,0.014335877240100768,50,0.011289784330333735,0.019324435937419213,0.010581479460558442,0.020680639401635288
spec_brief_weekly_break_0.25_epw1_drawn,brief,weekly_break_0.25,1,drawn,authored,equal,scaffolding_rapid,3,0.11632602972788453,0.11628963960018598,50,0.08072231808136589,0.1539963420393567,0.07204561430653202,0.16297265001133215
spec_brief_weekly_break_0.25_epw1_drawn,brief,weekly_break_0.25,1,drawn,authored,equal,substitution,3,-0.12195426687926977,-0.11854024261720245,50,-0.1507881091890618,-0.08779272544698358,-0.15642313995078846,-0.08201163402534872
spec_brief_weekly_break_0.25_epw1_drawn,brief,weekly_break_0.25,1,drawn,authored,learning_first,free_choice,3,-0.07269182713377038,-0.07164898254832819,50,-0.09027197422052073,-0.05285896605069012,-0.09201866948596751,-0.05039241221478441
spec_brief_weekly_break_0.25_epw1_drawn,brief,weekly_break_0.25,1,drawn,authored,learning_first,scaffolding_nofade,3,0.02056247329816209,0.019806231955883817,50,0.015292993981549732,0.02733985714660052,0.014554926148074129,0.029265851358747316
spec_brief_weekly_break_0.25_epw1_drawn,brief,weekly_break_0.25,1,drawn,authored,learning_first,scaffolding_rapid,3,0.07777762615146991,0.07888297004542558,50,0.058189445071322184,0.09459091723552425,0.05290579426964095,0.09952250993032041
spec_brief_weekly_break_0.25_epw1_drawn,brief,weekly_break_0.25,1,drawn,authored,learning_first,substitution,3,-0.139697200128732,-0.13721674333049344,50,-0.17447633715366162,-0.09993400722285642,-0.17700585508004016,-0.09557910803487783
spec_brief_weekly_break_0.25_epw1_drawn,brief,weekly_break_0.25,1,drawn,authored,autonomy_first,free_choice,3,-0.05437757510764772,-0.05350751258292026,50,-0.07034786167330014,-0.03621850064313045,-0.0710241970615112,-0.035419691273901474
spec_brief_weekly_break_0.25_epw1_drawn,brief,weekly_break_0.25,1,drawn,authored,autonomy_first,scaffolding_nofade,3,0.014236116947570383,0.013886907486596269,50,0.010885781258771482,0.01839348528184248,0.010648788608110719,0.019227568518958325
spec_brief_weekly_break_0.25_epw1_drawn,brief,weekly_break_0.25,1,drawn,authored,autonomy_first,scaffolding_rapid,3,0.17482414197643462,0.1762454850448465,50,0.11752416299489922,0.23756148366592844,0.10359932282625223,0.25086802071136644
spec_brief_weekly_break_0.25_epw1_drawn,brief,weekly_break_0.25,1,drawn,authored,autonomy_first,substitution,3,-0.10538835732672223,-0.10243745279932205,50,-0.1428024554775459,-0.07188391674668004,-0.1449586464596873,-0.07007295088751425
spec_brief_weekly_break_0.25_epw1_fixed_low,brief,weekly_break_0.25,1,fixed_low,authored,equal,free_choice,3,-0.058228759991289486,-0.05761671173235413,50,-0.07180398079063266,-0.04632681464631495,-0.07817850923654031,-0.04304830556737091
spec_brief_weekly_break_0.25_epw1_fixed_low,brief,weekly_break_0.25,1,fixed_low,authored,equal,scaffolding_nofade,3,0.014247826366784204,0.014214236427974631,50,0.009990537861634596,0.018916711585867326,0.008738963830680051,0.01938547424657013
spec_brief_weekly_break_0.25_epw1_fixed_low,brief,weekly_break_0.25,1,fixed_low,authored,equal,scaffolding_rapid,3,0.11070038733907751,0.11179984128206805,50,0.06600872516499734,0.15393088656442147,0.06281073810362289,0.1618995090135323
spec_brief_weekly_break_0.25_epw1_fixed_low,brief,weekly_break_0.25,1,fixed_low,authored,equal,substitution,3,-0.1083921445097785,-0.10608880756594934,50,-0.13857280894074744,-0.08383086251288772,-0.14210865350103805,-0.07448329131334894
spec_brief_weekly_break_0.25_epw1_fixed_low,brief,weekly_break_0.25,1,fixed_low,authored,learning_first,free_choice,3,-0.06370312683414017,-0.06296472753773297,50,-0.07892007491129173,-0.0485061271752011,-0.08577435389596605,-0.04457808843031007
spec_brief_weekly_break_0.25_epw1_fixed_low,brief,weekly_break_0.25,1,fixed_low,authored,learning_first,scaffolding_nofade,3,0.019974306464132584,0.02014828959883267,50,0.014422455229158502,0.02556208566956536,0.012444900863865944,0.026436593633811584
spec_brief_weekly_break_0.25_epw1_fixed_low,brief,weekly_break_0.25,1,fixed_low,authored,learning_first,scaffolding_rapid,3,0.07469750011801182,0.07727377126648223,50,0.05119714671416973,0.09301813623710663,0.049233352085252105,0.09933613505086744
spec_brief_weekly_break_0.25_epw1_fixed_low,brief,weekly_break_0.25,1,fixed_low,authored,learning_first,substitution,3,-0.12105614106925344,-0.11870235313626401,50,-0.15285557706821173,-0.09119686588963195,-0.1558249878427195,-0.079841586680295
spec_brief_weekly_break_0.25_epw1_fixed_low,brief,weekly_break_0.25,1,fixed_low,authored,autonomy_first,free_choice,3,-0.04669172088528753,-0.04403747846672423,50,-0.06250271601068208,-0.030858530573300236,-0.06639591340057069,-0.028070428704959776
spec_brief_weekly_break_0.25_epw1_fixed_low,brief,weekly_break_0.25,1,fixed_low,authored,autonomy_first,scaffolding_nofade,3,0.013347900214231182,0.013054781372721532,50,0.009131327644574055,0.017287734568681115,0.008682797036572586,0.018334724272323744
spec_brief_weekly_break_0.25_epw1_fixed_low,brief,weekly_break_0.25,1,fixed_low,authored,autonomy_first,scaffolding_rapid,3,0.1657747081147303,0.16735497624275453,50,0.09457898823777516,0.24191019331899555,0.08895641858492374,0.25032542395689816
spec_brief_weekly_break_0.25_epw1_fixed_low,brief,weekly_break_0.25,1,fixed_low,authored,autonomy_first,substitution,3,-0.08969849840886374,-0.0853782130727579,50,-0.12741339814945413,-0.06000157201782388,-0.12985030107629786,-0.05510065195688881
spec_brief_weekly_break_0.25_epw1_fixed_high,brief,weekly_break_0.25,1,fixed_high,authored,equal,free_choice,3,-0.07326889735496665,-0.0729878312766485,50,-0.08756299554128376,-0.06008812552576739,-0.09424633813006951,-0.05815234326929816
spec_brief_weekly_break_0.25_epw1_fixed_high,brief,weekly_break_0.25,1,fixed_high,authored,equal,scaffolding_nofade,3,0.016144466343513596,0.015985760533007404,50,0.010899550557386787,0.02080999169508626,0.010141192066150604,0.021248309730187407
spec_brief_weekly_break_0.25_epw1_fixed_high,brief,weekly_break_0.25,1,fixed_high,authored,equal,scaffolding_rapid,3,0.1415048979961843,0.14768072723299686,50,0.09522750438528318,0.17930530658235957,0.0867661550980986,0.1928235585828259
spec_brief_weekly_break_0.25_epw1_fixed_high,brief,weekly_break_0.25,1,fixed_high,authored,equal,substitution,3,-0.14210725510945546,-0.13888206661010785,50,-0.176296853318759,-0.11346634204612971,-0.17845676652170744,-0.10503561480163427
spec_brief_weekly_break_0.25_epw1_fixed_high,brief,weekly_break_0.25,1,fixed_high,authored,learning_first,free_choice,3,-0.08358174810726919,-0.08222830372010606,50,-0.10097222359925796,-0.06848480037038916,-0.1088768734386824,-0.06778159441001036
spec_brief_weekly_break_0.25_epw1_fixed_high,brief,weekly_break_0.25,1,fixed_high,authored,learning_first,scaffolding_nofade,3,0.021960142238187354,0.02206487976183505,50,0.014641601098268777,0.028259763542788287,0.013981837298131952,0.02853968903139003
spec_brief_weekly_break_0.25_epw1_fixed_high,brief,weekly_break_0.25,1,fixed_high,authored,learning_first,scaffolding_rapid,3,0.09099372404398279,0.09247225679306917,50,0.06828825117885093,0.11068931303273381,0.06416133638980273,0.11399739963746819
spec_brief_weekly_break_0.25_epw1_fixed_high,brief,weekly_break_0.25,1,fixed_high,authored,learning_first,substitution,3,-0.16432481616591665,-0.16179922876501124,50,-0.19908184615874236,-0.12963150919886776,-0.20270918127188886,-0.12271148898631747
spec_brief_weekly_break_0.25_epw1_fixed_high,brief,weekly_break_0.25,1,fixed_high,authored,autonomy_first,free_choice,3,-0.0656539143503975,-0.0640740515332211,50,-0.08614373685162685,-0.05160367082925152,-0.08758525395834059,-0.05027748541386368
spec_brief_weekly_break_0.25_epw1_fixed_high,brief,weekly_break_0.25,1,fixed_high,authored,autonomy_first,scaffolding_nofade,3,0.016061366047768855,0.015918254407732292,50,0.011021539951571884,0.020327463654409562,0.010755769892539633,0.020722077446785465
spec_brief_weekly_break_0.25_epw1_fixed_high,brief,weekly_break_0.25,1,fixed_high,authored,autonomy_first,scaffolding_rapid,3,0.21402311184512002,0.2182038043596172,50,0.1392675343340987,0.28275300904306266,0.1289112347031513,0.29920385977991065
spec_brief_weekly_break_0.25_epw1_fixed_high,brief,weekly_break_0.25,1,fixed_high,authored,autonomy_first,substitution,3,-0.1295922436799397,-0.1262450598263801,50,-0.16881040953546983,-0.09264175540049853,-0.17614318227783785,-0.09037076983851358
spec_brief_weekly_break_0.25_epw5_drawn,brief,weekly_break_0.25,5,drawn,authored,equal,free_choice,3,-0.041193523533930874,-0.039311407066667206,50,-0.0658417758168817,-0.025826788772824988,-0.06970396548552366,-0.024669296718847208
spec_brief_weekly_break_0.25_epw5_drawn,brief,weekly_break_0.25,5,drawn,authored,equal,scaffolding_nofade,3,0.005034630910653526,0.0039028992364314227,50,0.0015595311152102557,0.01098897846234274,0.0015449921386360595,0.011693415302456186
spec_brief_weekly_break_0.25_epw5_drawn,brief,weekly_break_0.25,5,drawn,authored,equal,scaffolding_rapid,3,0.237941463522706,0.2384645508234995,50,0.22033875761002597,0.2571091218247216,0.21621285178622687,0.25788558270998296
spec_brief_weekly_break_0.25_epw5_drawn,brief,weekly_break_0.25,5,drawn,authored,equal,substitution,3,-0.08719902097722866,-0.0866260644263585,50,-0.12931646754240628,-0.053828081047598494,-0.1370455296031647,-0.050169143526631405
spec_brief_weekly_break_0.25_epw5_drawn,brief,weekly_break_0.25,5,drawn,authored,learning_first,free_choice,3,-0.044203740167542555,-0.04283836073634735,50,-0.075088948069603,-0.020289123362520662,-0.07988821299219503,-0.018386750952899922
spec_brief_weekly_break_0.25_epw5_drawn,brief,weekly_break_0.25,5,drawn,authored,learning_first,scaffolding_nofade,3,0.006820163539404195,0.005284317583298287,50,0.0021481334386650717,0.014955407325559585,0.001584894278794323,0.015987421862375773
spec_brief_weekly_break_0.25_epw5_drawn,brief,weekly_break_0.25,5,drawn,authored,learning_first,scaffolding_rapid,3,0.10257744824514664,0.1017260390747311,50,0.08863658709425218,0.12034000807185435,0.08655083016899785,0.12535219151424903
spec_brief_weekly_break_0.25_epw5_drawn,brief,weekly_break_0.25,5,drawn,authored,learning_first,substitution,3,-0.09675817249707137,-0.09550438335040856,50,-0.15217473624802122,-0.04738855601226236,-0.16440240447943624,-0.043547670481392346
spec_brief_weekly_break_0.25_epw5_drawn,brief,weekly_break_0.25,5,drawn,authored,autonomy_first,free_choice,3,-0.039480475683427226,-0.037525062774498616,50,-0.060967136400770276,-0.024654342602323843,-0.0637166196839724,-0.01900640497387903
spec_brief_weekly_break_0.25_epw5_drawn,brief,weekly_break_0.25,5,drawn,authored,autonomy_first,scaffolding_nofade,3,0.005375639949260153,0.004443535744959846,50,0.0017182248242615943,0.01141832850755695,0.0015483864043434026,0.0122229363469268
spec_brief_weekly_break_0.25_epw5_drawn,brief,weekly_break_0.25,5,drawn,authored,autonomy_first,scaffolding_rapid,3,0.38360080960333265,0.3873942264552648,50,0.35689934233481163,0.40516454379588834,0.3520895813504324,0.40760819405820115
spec_brief_weekly_break_0.25_epw5_drawn,brief,weekly_break_0.25,5,drawn,authored,autonomy_first,substitution,3,-0.08243013277011375,-0.08116383670808072,50,-0.11507819352489901,-0.0527434347870695,-0.11906463197284153,-0.042402128623025795
spec_brief_weekly_break_0.25_epw5_fixed_low,brief,weekly_break_0.25,5,fixed_low,authored,equal,free_choice,3,-0.04281331050968271,-0.04035318376260244,50,-0.07347698838332373,-0.019637168739510068,-0.07700995149415843,-0.019238340244062575
spec_brief_weekly_break_0.25_epw5_fixed_low,brief,weekly_break_0.25,5,fixed_low,authored,equal,scaffolding_nofade,3,0.005625686472166702,0.004761548251032208,50,0.0015510163228213438,0.012062934613369483,0.00139676551393299,0.013109109527127037
spec_brief_weekly_break_0.25_epw5_fixed_low,brief,weekly_break_0.25,5,fixed_low,authored,equal,scaffolding_rapid,3,0.2428833679121403,0.24333251912341408,50,0.22250407964705005,0.2613152884085655,0.21719154731497342,0.2624064604217663
spec_brief_weekly_break_0.25_epw5_fixed_low,brief,weekly_break_0.25,5,fixed_low,authored,equal,substitution,3,-0.08774442040523713,-0.08892204910833576,50,-0.1423769908814373,-0.04204158193214815,-0.15188700938456062,-0.04057187267819693
spec_brief_weekly_break_0.25_epw5_fixed_low,brief,weekly_break_0.25,5,fixed_low,authored,learning_first,free_choice,3,-0.046250708133671194,-0.04226920021235605,50,-0.08340435812547711,-0.019478172659603128,-0.08834385545982171,-0.016989874354837654
spec_brief_weekly_break_0.25_epw5_fixed_low,brief,weekly_break_0.25,5,fixed_low,authored,learning_first,scaffolding_nofade,3,0.007624465492593077,0.00657762912476869,50,0.0022239263640833245,0.016179427706640843,0.002006452560437599,0.01768687697917027
spec_brief_weekly_break_0.25_epw5_fixed_low,brief,weekly_break_0.25,5,fixed_low,authored,learning_first,scaffolding_rapid,3,0.10864057447755475,0.10758229867468744,50,0.09072317380741292,0.1307345871744013,0.08945395068759943,0.13383011286538773
spec_brief_weekly_break_0.25_epw5_fixed_low,brief,weekly_break_0.25,5,fixed_low,authored,learning_first,substitution,3,-0.09722994402089044,-0.09797173610094967,50,-0.16170628577878535,-0.04312634692109173,-0.17396956286489687,-0.03965456375872667
spec_brief_weekly_break_0.25_epw5_fixed_low,brief,weekly_break_0.25,5,fixed_low,authored,autonomy_first,free_choice,3,-0.041059896922084456,-0.04009389209803597,50,-0.0663387601506697,-0.01941613636456654,-0.06735286107278225,-0.017779438712601698
spec_brief_weekly_break_0.25_epw5_fixed_low,brief,weekly_break_0.25,5,fixed_low,authored,autonomy_first,scaffolding_nofade,3,0.005882618716796123,0.005144875534519477,50,0.0014104104398142356,0.012325785204829373,0.00136021275466155,0.013761370496154352
spec_brief_weekly_break_0.25_epw5_fixed_low,brief,weekly_break_0.25,5,fixed_low,authored,autonomy_first,scaffolding_rapid,3,0.38874620484334427,0.3905462290534749,50,0.3605799412163736,0.41255733105085973,0.35462304555258234,0.4155204643591921
spec_brief_weekly_break_0.25_epw5_fixed_low,brief,weekly_break_0.25,5,fixed_low,authored,autonomy_first,substitution,3,-0.08248718527683926,-0.08385346962611578,50,-0.12450994220555694,-0.04188821091523219,-0.13020337482071323,-0.041186642258137444
spec_brief_weekly_break_0.25_epw5_fixed_high,brief,weekly_break_0.25,5,fixed_high,authored,equal,free_choice,3,-0.03387586259165254,-0.030141768284498976,50,-0.061827574922083975,-0.01607435491826394,-0.06261964528374116,-0.012809665712065535
spec_brief_weekly_break_0.25_epw5_fixed_high,brief,weekly_break_0.25,5,fixed_high,authored,equal,scaffolding_nofade,3,0.00366113590993521,0.0026902097313744244,50,0.0009634679015956715,0.008740972820117179,0.0009176697411049061,0.010183173477399715
spec_brief_weekly_break_0.25_epw5_fixed_high,brief,weekly_break_0.25,5,fixed_high,authored,equal,scaffolding_rapid,3,0.23557588248003497,0.23740641639476806,50,0.2100763956344944,0.2486138656745521,0.20743656517028253,0.252730248991713
spec_brief_weekly_break_0.25_epw5_fixed_high,brief,weekly_break_0.25,5,fixed_high,authored,equal,substitution,3,-0.072165403842474,-0.06620762456456991,50,-0.12835279151645956,-0.03305387361545411,-0.13180594366924675,-0.029018624909681892
spec_brief_weekly_break_0.25_epw5_fixed_high,brief,weekly_break_0.25,5,fixed_high,authored,learning_first,free_choice,3,-0.03479533307368206,-0.03178510862415867,50,-0.06927937838577708,-0.01245616024354846,-0.0721931254920799,-0.010959506245448659
spec_brief_weekly_break_0.25_epw5_fixed_high,brief,weekly_break_0.25,5,fixed_high,authored,learning_first,scaffolding_nofade,3,0.004901475378578275,0.0036464008423401067,50,0.001207065083496246,0.01184145900574265,0.0011361281588837303,0.0132995389327009
spec_brief_weekly_break_0.25_epw5_fixed_high,brief,weekly_break_0.25,5,fixed_high,authored,learning_first,scaffolding_rapid,3,0.09802212591163124,0.0977131537795708,50,0.08364966229289394,0.1134697435381488,0.0814096707765343,0.11470359085110926
spec_brief_weekly_break_0.25_epw5_fixed_high,brief,weekly_break_0.25,5,fixed_high,authored,learning_first,substitution,3,-0.07776956632905792,-0.07061412196355302,50,-0.14817585201326655,-0.030670240888682452,-0.15336332878120545,-0.027790517952980764
spec_brief_weekly_break_0.25_epw5_fixed_high,brief,weekly_break_0.25,5,fixed_high,authored,autonomy_first,free_choice,3,-0.03350706304895125,-0.03294589857865564,50,-0.055229693867537864,-0.01815663139069062,-0.055805946454343607,-0.011096905250854747
spec_brief_weekly_break_0.25_epw5_fixed_high,brief,weekly_break_0.25,5,fixed_high,authored,autonomy_first,scaffolding_nofade,3,0.0038850718408184968,0.0030148722235795607,50,0.0009082139646050627,0.009249812860194738,0.0008815805723297778,0.010949462971088791
spec_brief_weekly_break_0.25_epw5_fixed_high,brief,weekly_break_0.25,5,fixed_high,authored,autonomy_first,scaffolding_rapid,3,0.3807705873244619,0.3844871255079374,50,0.34393966824713545,0.3984792653507519,0.3388903364269914,0.40362794501165894
spec_brief_weekly_break_0.25_epw5_fixed_high,brief,weekly_break_0.25,5,fixed_high,authored,autonomy_first,substitution,3,-0.07014973218057909,-0.07207402000860713,50,-0.1157302304721557,-0.035953673670858534,-0.11896548545470313,-0.028030829767419815
spec_brief_weekly_break_0.1_epw3_drawn,brief,weekly_break_0.1,3,drawn,authored,equal,free_choice,3,-0.07126318332463784,-0.06983802556742358,50,-0.09040769740048561,-0.04766186577710029,-0.09426529762767219,-0.043360752627057436
spec_brief_weekly_break_0.1_epw3_drawn,brief,weekly_break_0.1,3,drawn,authored,equal,scaffolding_nofade,3,0.010466659030874823,0.009547757237274874,50,0.004775080879593444,0.01763798384715145,0.004650478595927782,0.02052924953816194
spec_brief_weekly_break_0.1_epw3_drawn,brief,weekly_break_0.1,3,drawn,authored,equal,scaffolding_rapid,3,0.22664151495756382,0.22621108330163736,50,0.2046557200897409,0.243423693118402,0.19831568357921395,0.2443625587980364
spec_brief_weekly_break_0.1_epw3_drawn,brief,weekly_break_0.1,3,drawn,authored,equal,substitution,3,-0.14105742069831798,-0.13950038255224523,50,-0.16849649436887576,-0.1027512121998217,-0.17013483974590576,-0.09445251316502717
spec_brief_weekly_break_0.1_epw3_drawn,brief,weekly_break_0.1,3,drawn,authored,learning_first,free_choice,3,-0.07825831035151026,-0.0780574597956642,50,-0.10241900240082266,-0.04800653709618961,-0.1066943005411196,-0.043347406800767506
spec_brief_weekly_break_0.1_epw3_drawn,brief,weekly_break_0.1,3,drawn,authored,learning_first,scaffolding_nofade,3,0.014262210185964437,0.013043735962959054,50,0.006190612378733001,0.02432418821205906,0.0056755019695455475,0.02767829323313372
spec_brief_weekly_break_0.1_epw3_drawn,brief,weekly_break_0.1,3,drawn,authored,learning_first,scaffolding_rapid,3,0.11266255804860542,0.11151265655161527,50,0.09609017053493295,0.13677749962454594,0.08971927847475207,0.14176478362773381
spec_brief_weekly_break_0.1_epw3_drawn,brief,weekly_break_0.1,3,drawn,authored,learning_first,substitution,3,-0.15816507155090653,-0.15752683453978233,50,-0.19584009745944725,-0.10246739419770855,-0.19794711840013257,-0.09582282569270323
spec_brief_weekly_break_0.1_epw3_drawn,brief,weekly_break_0.1,3,drawn,authored,autonomy_first,free_choice,3,-0.06649731038023891,-0.06796791695551938,50,-0.08079058193821313,-0.045519097841389,-0.08392685742374713,-0.04357433286884203
spec_brief_weekly_break_0.1_epw3_drawn,brief,weekly_break_0.1,3,drawn,authored,autonomy_first,scaffolding_nofade,3,0.01074463562454883,0.01006513712232732,50,0.005395512672084102,0.01669627309238581,0.004920341497696102,0.01992379224238833
spec_brief_weekly_break_0.1_epw3_drawn,brief,weekly_break_0.1,3,drawn,authored,autonomy_first,scaffolding_rapid,3,0.3603806450169148,0.3638059617720128,50,0.32063385977469266,0.38566315473905494,0.3111511608665853,0.3870390599871022
spec_brief_weekly_break_0.1_epw3_drawn,brief,weekly_break_0.1,3,drawn,authored,autonomy_first,substitution,3,-0.13160278837387315,-0.13345097326426458,50,-0.1525131466888586,-0.10097322097160513,-0.15260243502553802,-0.09781879949418887
spec_brief_weekly_break_0.1_epw3_fixed_low,brief,weekly_break_0.1,3,fixed_low,authored,equal,free_choice,3,-0.06945771615818276,-0.06841585257362955,50,-0.08782542141471707,-0.05438547526658314,-0.0921511060876823,-0.05162180019153154
spec_brief_weekly_break_0.1_epw3_fixed_low,brief,weekly_break_0.1,3,fixed_low,authored,equal,scaffolding_nofade,3,0.010963404732396369,0.010580272652287798,50,0.0046333924522279826,0.01739843047458099,0.004378290506724353,0.021404165267095543
spec_brief_weekly_break_0.1_epw3_fixed_low,brief,weekly_break_0.1,3,fixed_low,authored,equal,scaffolding_rapid,3,0.2307868267118255,0.23013597280087283,50,0.20556397068095936,0.2528401460132192,0.2022371797439621,0.2575415424284168
spec_brief_weekly_break_0.1_epw3_fixed_low,brief,weekly_break_0.1,3,fixed_low,authored,equal,substitution,3,-0.13451613099543852,-0.1334633910724078,50,-0.16022667201193178,-0.10544749481430263,-0.1648347052842595,-0.10265407908104741
spec_brief_weekly_break_0.1_epw3_fixed_low,brief,weekly_break_0.1,3,fixed_low,authored,learning_first,free_choice,3,-0.0753087306503215,-0.07463217365796282,50,-0.09681966190703334,-0.05268464917434216,-0.09980700104937257,-0.05151254158220988
spec_brief_weekly_break_0.1_epw3_fixed_low,brief,weekly_break_0.1,3,fixed_low,authored,learning_first,scaffolding_nofade,3,0.014920014668771941,0.01440228954215389,50,0.006319405697640022,0.023589107934875744,0.005756703752160887,0.02895560437997997
spec_brief_weekly_break_0.1_epw3_fixed_low,brief,weekly_break_0.1,3,fixed_low,authored,learning_first,scaffolding_rapid,3,0.12027735951942958,0.12064679365748741,50,0.09587372815985726,0.14531838614050818,0.09462569698937737,0.14757894207909036
spec_brief_weekly_break_0.1_epw3_fixed_low,brief,weekly_break_0.1,3,fixed_low,authored,learning_first,substitution,3,-0.14877723173362906,-0.14882311100285955,50,-0.17986599299481604,-0.11640042806141945,-0.18337808350780962,-0.10843141287485605
spec_brief_weekly_break_0.1_epw3_fixed_low,brief,weekly_break_0.1,3,fixed_low,authored,autonomy_first,free_choice,3,-0.06384080767539353,-0.06365037127188312,50,-0.07650768402364289,-0.05175676640623443,-0.07963599943149424,-0.050914477288352585
spec_brief_weekly_break_0.1_epw3_fixed_low,brief,weekly_break_0.1,3,fixed_low,authored,autonomy_first,scaffolding_nofade,3,0.011020038246706727,0.01060752936819613,50,0.004964812735909726,0.017253917985247617,0.004915778385174022,0.020113080032394783
spec_brief_weekly_break_0.1_epw3_fixed_low,brief,weekly_break_0.1,3,fixed_low,authored,autonomy_first,scaffolding_rapid,3,0.36332923124705274,0.36558802673296487,50,0.32252389754724825,0.3948932587403561,0.31111119922115577,0.39742589064958844
spec_brief_weekly_break_0.1_epw3_fixed_low,brief,weekly_break_0.1,3,fixed_low,authored,autonomy_first,substitution,3,-0.12344289836669795,-0.12489404737398115,50,-0.14381105890892754,-0.10137793388028704,-0.14704291586880733,-0.10061468335681656
spec_brief_weekly_break_0.1_epw3_fixed_high,brief,weekly_break_0.1,3,fixed_high,authored,equal,free_choice,3,-0.06476717158069008,-0.06334753460123135,50,-0.10105023745745925,-0.04040934995570739,-0.10731676365260157,-0.03682434046850469
spec_brief_weekly_break_0.1_epw3_fixed_high,brief,weekly_break_0.1,3,fixed_high,authored,equal,scaffolding_nofade,3,0.008685916106545549,0.007740048019007191,50,0.0028885703914641636,0.017270634532066096,0.0026471134948209854,0.017413958299664776
spec_brief_weekly_break_0.1_epw3_fixed_high,brief,weekly_break_0.1,3,fixed_high,authored,equal,scaffolding_rapid,3,0.22617341733511068,0.22750563304597238,50,0.20628357038030548,0.24509825762016363,0.20055289894262937,0.245654771092056
spec_brief_weekly_break_0.1_epw3_fixed_high,brief,weekly_break_0.1,3,fixed_high,authored,equal,substitution,3,-0.13128600127288037,-0.1343064581236987,50,-0.18028331997507321,-0.08934097486647571,-0.19081444583419507,-0.08539241981260247
spec_brief_weekly_break_0.1_epw3_fixed_high,brief,weekly_break_0.1,3,fixed_high,authored,learning_first,free_choice,3,-0.06980642353939275,-0.06934861333707705,50,-0.11282013524958732,-0.037389421923842286,-0.1212280507681242,-0.03685904507473708
spec_brief_weekly_break_0.1_epw3_fixed_high,brief,weekly_break_0.1,3,fixed_high,authored,learning_first,scaffolding_nofade,3,0.011662139328303057,0.010361972910098797,50,0.0037943228229591944,0.022754722770948397,0.003364962502832933,0.02341464096515575
spec_brief_weekly_break_0.1_epw3_fixed_high,brief,weekly_break_0.1,3,fixed_high,authored,learning_first,scaffolding_rapid,3,0.1052977173768094,0.10394721574786792,50,0.08524814371261019,0.12771458833971525,0.08421197960619131,0.1303779357107139
spec_brief_weekly_break_0.1_epw3_fixed_high,brief,weekly_break_0.1,3,fixed_high,authored,learning_first,substitution,3,-0.14520323097328308,-0.1496973623755577,50,-0.21059967173352004,-0.09237684090170825,-0.21803242035447792,-0.0836905410124954
spec_brief_weekly_break_0.1_epw3_fixed_high,brief,weekly_break_0.1,3,fixed_high,authored,autonomy_first,free_choice,3,-0.06216579157789627,-0.060310023064245606,50,-0.08789179746123194,-0.0412785747210268,-0.09317146040739233,-0.03395618199716424
spec_brief_weekly_break_0.1_epw3_fixed_high,brief,weekly_break_0.1,3,fixed_high,authored,autonomy_first,scaffolding_nofade,3,0.008966783973734498,0.008305775936797646,50,0.003236974089681851,0.017479357428989623,0.002878202197736529,0.017799172196050917
spec_brief_weekly_break_0.1_epw3_fixed_high,brief,weekly_break_0.1,3,fixed_high,authored,autonomy_first,scaffolding_rapid,3,0.3627825645113002,0.3677401198736364,50,0.331659232449487,0.386424414533694,0.3277575570195603,0.3871635941298802
spec_brief_weekly_break_0.1_epw3_fixed_high,brief,weekly_break_0.1,3,fixed_high,authored,autonomy_first,substitution,3,-0.12626788028623254,-0.1281323534947675,50,-0.15768716645093428,-0.0921899206642563,-0.15946485968371454,-0.08193828707203957
spec_brief_weekly_break_0.1_epw1_drawn,brief,weekly_break_0.1,1,drawn,authored,equal,free_choice,3,-0.0648656644072301,-0.06409905645066191,50,-0.08025711889163556,-0.04765902134158549,-0.08148621194243526,-0.04393457064403148
spec_brief_weekly_break_0.1_epw1_drawn,brief,weekly_break_0.1,1,drawn,authored,equal,scaffolding_nofade,3,0.01463489593700811,0.01425478199654353,50,0.011212682691880207,0.01896129281705284,0.010682434889041383,0.020631572619590928
spec_brief_weekly_break_0.1_epw1_drawn,brief,weekly_break_0.1,1,drawn,authored,equal,scaffolding_rapid,3,0.11966913040502437,0.1200021923040232,50,0.08502518176052941,0.15595165966722838,0.07470839881186717,0.16634637569312613
spec_brief_weekly_break_0.1_epw1_drawn,brief,weekly_break_0.1,1,drawn,authored,equal,substitution,3,-0.12313331483137095,-0.12018767769369312,50,-0.15139656891676812,-0.08855698399415592,-0.1578680462420256,-0.08294508540119215
spec_brief_weekly_break_0.1_epw1_drawn,brief,weekly_break_0.1,1,drawn,authored,learning_first,free_choice,3,-0.07292566732041825,-0.07229485259035337,50,-0.0903656943288451,-0.05374696487131502,-0.09276607647992749,-0.05072071746484707
spec_brief_weekly_break_0.1_epw1_drawn,brief,weekly_break_0.1,1,drawn,authored,learning_first,scaffolding_nofade,3,0.020362857015714986,0.01959819014066278,50,0.015222723498174646,0.026866967516227053,0.014435444585012601,0.029087583009650125
spec_brief_weekly_break_0.1_epw1_drawn,brief,weekly_break_0.1,1,drawn,authored,learning_first,scaffolding_rapid,3,0.07934664390193422,0.08027254836354034,50,0.05950395356107826,0.09533211167654988,0.054541447761600505,0.10111444936505967
spec_brief_weekly_break_0.1_epw1_drawn,brief,weekly_break_0.1,1,drawn,authored,learning_first,substitution,3,-0.14065041549177962,-0.13846883612027533,50,-0.17596031600497014,-0.10055404714146834,-0.17853536775504408,-0.09638545548347797
spec_brief_weekly_break_0.1_epw1_drawn,brief,weekly_break_0.1,1,drawn,authored,autonomy_first,free_choice,3,-0.05520610777926404,-0.054890911448322144,50,-0.07136292112089615,-0.0374136348286384,-0.0726717581128303,-0.0360459116428203
spec_brief_weekly_break_0.1_epw1_drawn,brief,weekly_break_0.1,1,drawn,authored,autonomy_first,scaffolding_nofade,3,0.014195403259179958,0.0139351824941217,50,0.011039899671833508,0.018265796469881673,0.010790537523998058,0.01923048355893861
spec_brief_weekly_break_0.1_epw1_drawn,brief,weekly_break_0.1,1,drawn,authored,autonomy_first,scaffolding_rapid,3,0.1802128841727262,0.18055230894139396,50,0.12412778881345035,0.2408960081125138,0.10785134266881682,0.2560736587680286
spec_brief_weekly_break_0.1_epw1_drawn,brief,weekly_break_0.1,1,drawn,authored,autonomy_first,substitution,3,-0.10740286180686591,-0.10480245136366687,50,-0.14401490339814355,-0.07311099346540753,-0.146247488009126,-0.07138709537582262
spec_brief_weekly_break_0.1_epw1_fixed_low,brief,weekly_break_0.1,1,fixed_low,authored,equal,free_choice,3,-0.05865635884321941,-0.05841356203944651,50,-0.0715409163118717,-0.0468923806998737,-0.0788281278743722,-0.04358225755011363
spec_brief_weekly_break_0.1_epw1_fixed_low,brief,weekly_break_0.1,1,fixed_low,authored,equal,scaffolding_nofade,3,0.01416142315156281,0.014139286140696561,50,0.009974789912956765,0.018667185342761277,0.008706578371064335,0.019026084317126903
spec_brief_weekly_break_0.1_epw1_fixed_low,brief,weekly_break_0.1,1,fixed_low,authored,equal,scaffolding_rapid,3,0.11445505520309884,0.1163922640388386,50,0.07042412229187038,0.15719145301511447,0.06673450323068562,0.16506818575192433
spec_brief_weekly_break_0.1_epw1_fixed_low,brief,weekly_break_0.1,1,fixed_low,authored,equal,substitution,3,-0.10959795112014456,-0.10714219708430592,50,-0.1403509947466721,-0.08525967236418518,-0.1434350636873322,-0.07525766665766156
spec_brief_weekly_break_0.1_epw1_fixed_low,brief,weekly_break_0.1,1,fixed_low,authored,learning_first,free_choice,3,-0.06406066681170076,-0.06350513315591325,50,-0.07941801411437252,-0.049496352338584446,-0.08646142606149114,-0.04520694491516857
spec_brief_weekly_break_0.1_epw1_fixed_low,brief,weekly_break_0.1,1,fixed_low,authored,learning_first,scaffolding_nofade,3,0.0197983134990436,0.01988085674839788,50,0.014327773495459889,0.024983903585602707,0.012426012086492112,0.025980642739028705
spec_brief_weekly_break_0.1_epw1_fixed_low,brief,weekly_break_0.1,1,fixed_low,authored,learning_first,scaffolding_rapid,3,0.07657211291911106,0.0795517900985705,50,0.05321480412023771,0.09499240178845503,0.05258491256093854,0.10136770015182273
spec_brief_weekly_break_0.1_epw1_fixed_low,brief,weekly_break_0.1,1,fixed_low,authored,learning_first,substitution,3,-0.12210290391949996,-0.11953562363344146,50,-0.15390569322196515,-0.09257440185332108,-0.1573070929667118,-0.08058230673115245
spec_brief_weekly_break_0.1_epw1_fixed_low,brief,weekly_break_0.1,1,fixed_low,authored,autonomy_first,free_choice,3,-0.04755113574804013,-0.04502381568790816,50,-0.06348004464135766,-0.03191610577984163,-0.06786395154986692,-0.028614114125578762
spec_brief_weekly_break_0.1_epw1_fixed_low,brief,weekly_break_0.1,1,fixed_low,authored,autonomy_first,scaffolding_nofade,3,0.013351634570764916,0.01349434752941579,50,0.009351694466664015,0.01713494001638255,0.008691488133106436,0.018051102927685806
spec_brief_weekly_break_0.1_epw1_fixed_low,brief,weekly_break_0.1,1,fixed_low,authored,autonomy_first,scaffolding_rapid,3,0.17174683363148055,0.17467990276748624,50,0.09988724965124997,0.24680929172846086,0.09671610394403055,0.2547691865182561
spec_brief_weekly_break_0.1_epw1_fixed_low,brief,weekly_break_0.1,1,fixed_low,authored,autonomy_first,substitution,3,-0.09164396899545288,-0.08692559813973683,50,-0.1304695031009257,-0.06145954684616627,-0.13215095461757181,-0.056116237540709414
spec_brief_weekly_break_0.1_epw1_fixed_high,brief,weekly_break_0.1,1,fixed_high,authored,equal,free_choice,3,-0.07345948852323494,-0.07386829524008778,50,-0.08696426256592056,-0.06013691310084592,-0.09321866294255486,-0.05820626920451685
spec_brief_weekly_break_0.1_epw1_fixed_high,brief,weekly_break_0.1,1,fixed_high,authored,equal,scaffolding_nofade,3,0.01597843371431877,0.015608054535888663,50,0.010893711231410667,0.02035232427049144,0.010323537418012287,0.02048714882705535
spec_brief_weekly_break_0.1_epw1_fixed_high,brief,weekly_break_0.1,1,fixed_high,authored,equal,scaffolding_rapid,3,0.1446740195024451,0.15150655993767714,50,0.09696883586964991,0.18131966622759907,0.0892222863086503,0.19472103249144052
spec_brief_weekly_break_0.1_epw1_fixed_high,brief,weekly_break_0.1,1,fixed_high,authored,equal,substitution,3,-0.14331772553744687,-0.14070731312278345,50,-0.17617721621636437,-0.11540219626640791,-0.1785620746735341,-0.1068243793369293
spec_brief_weekly_break_0.1_epw1_fixed_high,brief,weekly_break_0.1,1,fixed_high,authored,learning_first,free_choice,3,-0.08355186639914759,-0.08188044392787056,50,-0.10009564584244154,-0.06906530261731897,-0.10755108477565686,-0.067590376695562
spec_brief_weekly_break_0.1_epw1_fixed_high,brief,weekly_break_0.1,1,fixed_high,authored,learning_first,scaffolding_nofade,3,0.021662313360012925,0.02145671159236772,50,0.014511388341725532,0.027600956685928185,0.014222150866496659,0.028230818616808748
spec_brief_weekly_break_0.1_epw1_fixed_high,brief,weekly_break_0.1,1,fixed_high,authored,learning_first,scaffolding_rapid,3,0.09223147890694618,0.0927714174651213,50,0.06913229249316397,0.11091459581373224,0.06507145951685844,0.11446357079855822
spec_brief_weekly_break_0.1_epw1_fixed_high,brief,weekly_break_0.1,1,fixed_high,authored,learning_first,substitution,3,-0.16516105754625815,-0.16319258464131647,50,-0.19934767530068645,-0.13189059720987864,-0.2014228699824025,-0.12520904169462851
spec_brief_weekly_break_0.1_epw1_fixed_high,brief,weekly_break_0.1,1,fixed_high,authored,autonomy_first,free_choice,3,-0.06638900306787679,-0.0651777218541243,50,-0.08584604843988158,-0.05231449787825374,-0.08711051369585317,-0.051849388697673124
spec_brief_weekly_break_0.1_epw1_fixed_high,brief,weekly_break_0.1,1,fixed_high,authored,autonomy_first,scaffolding_nofade,3,0.015975270422991156,0.01572787071811665,50,0.011152802417554784,0.020215638518456577,0.010510781585851286,0.020469934120531424
spec_brief_weekly_break_0.1_epw1_fixed_high,brief,weekly_break_0.1,1,fixed_high,authored,autonomy_first,scaffolding_rapid,3,0.2192179146017775,0.22487713084983116,50,0.14238179649213994,0.2861553899204712,0.13283506139263696,0.30258904823331345
spec_brief_weekly_break_0.1_epw1_fixed_high,brief,weekly_break_0.1,1,fixed_high,authored,autonomy_first,substitution,3,-0.13182967577180058,-0.12910247229624697,50,-0.17122957368147584,-0.0957188555956759,-0.1764850043664365,-0.09344303785702944
spec_brief_weekly_break_0.1_epw5_drawn,brief,weekly_break_0.1,5,drawn,authored,equal,free_choice,3,-0.03961915358053537,-0.037437741026753985,50,-0.06333009849926773,-0.0247976252291664,-0.06718516088642534,-0.023925796310161233
spec_brief_weekly_break_0.1_epw5_drawn,brief,weekly_break_0.1,5,drawn,authored,equal,scaffolding_nofade,3,0.00466852006977852,0.0039450811383447346,50,0.0014554344651369004,0.009711685556124807,0.0012162363634644108,0.01050352913898257
spec_brief_weekly_break_0.1_epw5_drawn,brief,weekly_break_0.1,5,drawn,authored,equal,scaffolding_rapid,3,0.23736849162130141,0.23761375573865096,50,0.21970598907378613,0.2546538414714087,0.21439179537446645,0.2553277994390761
spec_brief_weekly_break_0.1_epw5_drawn,brief,weekly_break_0.1,5,drawn,authored,equal,substitution,3,-0.08349132170357101,-0.08175083324327813,50,-0.12539228922247847,-0.05086751782595737,-0.13345646872403055,-0.04706704599636643
spec_brief_weekly_break_0.1_epw5_drawn,brief,weekly_break_0.1,5,drawn,authored,learning_first,free_choice,3,-0.04215809322082292,-0.041061503791583846,50,-0.07099879661611237,-0.01922450751595295,-0.07649365094043371,-0.018194815711195127
spec_brief_weekly_break_0.1_epw5_drawn,brief,weekly_break_0.1,5,drawn,authored,learning_first,scaffolding_nofade,3,0.006351607470281699,0.005396431743917038,50,0.0017825307980970802,0.013361550792416941,0.0015347045983861239,0.014494849580111505
spec_brief_weekly_break_0.1_epw5_drawn,brief,weekly_break_0.1,5,drawn,authored,learning_first,scaffolding_rapid,3,0.10161746333811678,0.1012225021408053,50,0.08867502313755872,0.1195878253924325,0.08549064182879926,0.12547573521009583
spec_brief_weekly_break_0.1_epw5_drawn,brief,weekly_break_0.1,5,drawn,authored,learning_first,substitution,3,-0.0919927621659612,-0.09022177102513318,50,-0.1448458423297297,-0.04561211841647611,-0.15720031637666934,-0.04271501584690026
spec_brief_weekly_break_0.1_epw5_drawn,brief,weekly_break_0.1,5,drawn,authored,autonomy_first,free_choice,3,-0.03801156704538337,-0.03649360676105707,50,-0.058733209094163755,-0.023363252480935334,-0.06141319554060692,-0.018602109995964487
spec_brief_weekly_break_0.1_epw5_drawn,brief,weekly_break_0.1,5,drawn,authored,autonomy_first,scaffolding_nofade,3,0.004946641659306988,0.00441386652936886,50,0.0014155333176451511,0.00988100840975523,0.0011911916410764739,0.010863324650879465
spec_brief_weekly_break_0.1_epw5_drawn,brief,weekly_break_0.1,5,drawn,authored,autonomy_first,scaffolding_rapid,3,0.3829705266983305,0.3876836375761993,50,0.3570982612640806,0.40298473944816976,0.34966315719389757,0.40565711942817406
spec_brief_weekly_break_0.1_epw5_drawn,brief,weekly_break_0.1,5,drawn,authored,autonomy_first,substitution,3,-0.07915757210015198,-0.07745295244002098,50,-0.11105051322237647,-0.04987080035137852,-0.1162752363140971,-0.03948340612712507
spec_brief_weekly_break_0.1_epw5_fixed_low,brief,weekly_break_0.1,5,fixed_low,authored,equal,free_choice,3,-0.0411403809580142,-0.03934160943844263,50,-0.07043122514142229,-0.019906065130530465,-0.07196572478688926,-0.01850049470973386
spec_brief_weekly_break_0.1_epw5_fixed_low,brief,weekly_break_0.1,5,fixed_low,authored,equal,scaffolding_nofade,3,0.005298050041124736,0.004625138864272766,50,0.0015156376911974385,0.011932312564326608,0.0013955046872670385,0.01263832846017827
spec_brief_weekly_break_0.1_epw5_fixed_low,brief,weekly_break_0.1,5,fixed_low,authored,equal,scaffolding_rapid,3,0.24228412154587134,0.2426597928978294,50,0.22091395551193713,0.2589757586724389,0.21545013885644235,0.26072352499113505
spec_brief_weekly_break_0.1_epw5_fixed_low,brief,weekly_break_0.1,5,fixed_low,authored,equal,substitution,3,-0.08426550985893126,-0.08387133644584549,50,-0.13584612971214313,-0.04066704776843156,-0.14534300787085053,-0.03982732905945144
spec_brief_weekly_break_0.1_epw5_fixed_low,brief,weekly_break_0.1,5,fixed_low,authored,learning_first,free_choice,3,-0.04410988733783403,-0.04279623584195148,50,-0.07874526368038956,-0.018599875597875883,-0.08174412136701338,-0.017712011568117903
spec_brief_weekly_break_0.1_epw5_fixed_low,brief,weekly_break_0.1,5,fixed_low,authored,learning_first,scaffolding_nofade,3,0.0071991841320954795,0.006061847218055723,50,0.0022282591596875846,0.016161586455255637,0.0019845533584240335,0.016838856214154187
spec_brief_weekly_break_0.1_epw5_fixed_low,brief,weekly_break_0.1,5,fixed_low,authored,learning_first,scaffolding_rapid,3,0.10751756068090725,0.107070853493689,50,0.08977723558430141,0.1293641165317537,0.08817652720890456,0.13047316152075175
spec_brief_weekly_break_0.1_epw5_fixed_low,brief,weekly_break_0.1,5,fixed_low,authored,learning_first,substitution,3,-0.09284021670514035,-0.09251512866593743,50,-0.15611952474797408,-0.04127316347291418,-0.16634511756999637,-0.03835318962584682
spec_brief_weekly_break_0.1_epw5_fixed_low,brief,weekly_break_0.1,5,fixed_low,authored,autonomy_first,free_choice,3,-0.0395002797592219,-0.039624833619772475,50,-0.0629890373295931,-0.019201012863275576,-0.06382841020987066,-0.016821542243547177
spec_brief_weekly_break_0.1_epw5_fixed_low,brief,weekly_break_0.1,5,fixed_low,authored,autonomy_first,scaffolding_nofade,3,0.005503142427297341,0.0050232846749189205,50,0.0013894671921170318,0.012242053125934516,0.0013357852908421196,0.013375126977858923
spec_brief_weekly_break_0.1_epw5_fixed_low,brief,weekly_break_0.1,5,fixed_low,authored,autonomy_first,scaffolding_rapid,3,0.38815741112357793,0.39088539309242587,50,0.35765733483677914,0.40995343176267496,0.3528485539757302,0.41111179371390427
spec_brief_weekly_break_0.1_epw5_fixed_low,brief,weekly_break_0.1,5,fixed_low,authored,autonomy_first,substitution,3,-0.07948616724421967,-0.08089199417772831,50,-0.11913959624188285,-0.04059787500236619,-0.125181459336976,-0.03773741414375404
spec_brief_weekly_break_0.1_epw5_fixed_high,brief,weekly_break_0.1,5,fixed_high,authored,equal,free_choice,3,-0.03274078987272092,-0.02998379899161055,50,-0.059420036834401266,-0.01640973824422473,-0.060817279902981004,-0.012469963087293676
spec_brief_weekly_break_0.1_epw5_fixed_high,brief,weekly_break_0.1,5,fixed_high,authored,equal,scaffolding_nofade,3,0.0033823756588694646,0.0025492518913276026,50,0.000963953818773748,0.008413540601159935,0.0009085564596560267,0.009339875992847224
spec_brief_weekly_break_0.1_epw5_fixed_high,brief,weekly_break_0.1,5,fixed_high,authored,equal,scaffolding_rapid,3,0.23475900842244016,0.23721154917161325,50,0.2090561667322204,0.24746922924444664,0.2062287982232729,0.2515984281868666
spec_brief_weekly_break_0.1_epw5_fixed_high,brief,weekly_break_0.1,5,fixed_high,authored,equal,substitution,3,-0.06903334667831205,-0.06449264592704249,50,-0.11981030073605727,-0.030777752144904937,-0.12579543330341444,-0.027518508477666553
spec_brief_weekly_break_0.1_epw5_fixed_high,brief,weekly_break_0.1,5,fixed_high,authored,learning_first,free_choice,3,-0.03318004867348543,-0.030745280530752768,50,-0.06675724432141474,-0.011960955495586833,-0.06888584402710954,-0.010708161839914947
spec_brief_weekly_break_0.1_epw5_fixed_high,brief,weekly_break_0.1,5,fixed_high,authored,learning_first,scaffolding_nofade,3,0.004538676297546487,0.003443301413356109,50,0.0011869034551849856,0.011316960209590422,0.0011353212264960974,0.012281601620957242
spec_brief_weekly_break_0.1_epw5_fixed_high,brief,weekly_break_0.1,5,fixed_high,authored,learning_first,scaffolding_rapid,3,0.09717915084866027,0.09703277226614075,50,0.08335862889999353,0.11194051628830981,0.08106739859986825,0.11353328899111388
spec_brief_weekly_break_0.1_epw5_fixed_high,brief,weekly_break_0.1,5,fixed_high,authored,learning_first,substitution,3,-0.07355568914292225,-0.06515819336613488,50,-0.1356870774019092,-0.03024751508754651,-0.14611686055269282,-0.026571675525000574
spec_brief_weekly_break_0.1_epw5_fixed_high,brief,weekly_break_0.1,5,fixed_high,authored,autonomy_first,free_choice,3,-0.03255686581247992,-0.0330557867245011,50,-0.05396308869067135,-0.018293047902658535,-0.055854511179900215,-0.011175375268442495
spec_brief_weekly_break_0.1_epw5_fixed_high,brief,weekly_break_0.1,5,fixed_high,authored,autonomy_first,scaffolding_nofade,3,0.003564156590325926,0.0028380397557447286,50,0.0009352435056531954,0.008958762000533301,0.000895972103431789,0.00991237880768525
spec_brief_weekly_break_0.1_epw5_fixed_high,brief,weekly_break_0.1,5,fixed_high,authored,autonomy_first,scaffolding_rapid,3,0.379658964193804,0.38359169336040955,50,0.3419765052399027,0.39694937875142183,0.33659017301321653,0.4024689985896445
spec_brief_weekly_break_0.1_epw5_fixed_high,brief,weekly_break_0.1,5,fixed_high,authored,autonomy_first,substitution,3,-0.06749116737202762,-0.0677888105627722,50,-0.10934413270494889,-0.034182042957847415,-0.11628689253891322,-0.026276393005373593
spec_brief_weekly_break_1.0_epw3_drawn,brief,weekly_break_1.0,3,drawn,authored,equal,free_choice,3,-0.08070099237371192,-0.08005946027857533,50,-0.09925092399196211,-0.05486105573441553,-0.10198066703284689,-0.05163465770168632
spec_brief_weekly_break_1.0_epw3_drawn,brief,weekly_break_1.0,3,drawn,authored,equal,scaffolding_nofade,3,0.012898499556788297,0.012023223488759963,50,0.0062473624421702486,0.020497381997775704,0.005252400123075286,0.023690705275863356
spec_brief_weekly_break_1.0_epw3_drawn,brief,weekly_break_1.0,3,drawn,authored,equal,scaffolding_rapid,3,0.22769990246939173,0.22962342385851792,50,0.203826236219451,0.24905326044617143,0.1989890238921548,0.249508094672055
spec_brief_weekly_break_1.0_epw3_drawn,brief,weekly_break_1.0,3,drawn,authored,equal,substitution,3,-0.15846970576882766,-0.157805140914574,50,-0.18356509136333118,-0.11977730283473864,-0.1927897226470413,-0.10943004996975703
spec_brief_weekly_break_1.0_epw3_drawn,brief,weekly_break_1.0,3,drawn,authored,learning_first,free_choice,3,-0.09020437003488288,-0.08996538894431153,50,-0.11388687551997966,-0.05681591612150642,-0.11516823202058651,-0.05585473111914081
spec_brief_weekly_break_1.0_epw3_drawn,brief,weekly_break_1.0,3,drawn,authored,learning_first,scaffolding_nofade,3,0.01745491217923594,0.01620350835892,50,0.008007066475877286,0.027780236922578628,0.0070843037865767474,0.031887369443462925
spec_brief_weekly_break_1.0_epw3_drawn,brief,weekly_break_1.0,3,drawn,authored,learning_first,scaffolding_rapid,3,0.11914479242469316,0.1175080319365056,50,0.09790911684749443,0.14260207507465333,0.09507283319750905,0.14439883556810373
spec_brief_weekly_break_1.0_epw3_drawn,brief,weekly_break_1.0,3,drawn,authored,learning_first,substitution,3,-0.18084952704217386,-0.18120536429864453,50,-0.21597016239254246,-0.13186555666456587,-0.22904001999021292,-0.11920644457331563
spec_brief_weekly_break_1.0_epw3_drawn,brief,weekly_break_1.0,3,drawn,authored,autonomy_first,free_choice,3,-0.07422503282421056,-0.07532487906992061,50,-0.08826794628617522,-0.05584694454206694,-0.08916820598135208,-0.053790503425249006
spec_brief_weekly_break_1.0_epw3_drawn,brief,weekly_break_1.0,3,drawn,authored,autonomy_first,scaffolding_nofade,3,0.013465965122666313,0.012485595344671495,50,0.006612709854218863,0.020960058189765433,0.005264723731063296,0.023479875304326745
spec_brief_weekly_break_1.0_epw3_drawn,brief,weekly_break_1.0,3,drawn,authored,autonomy_first,scaffolding_rapid,3,0.35963073187743594,0.3663086663151838,50,0.31369787466056853,0.3868741481330776,0.3075367815357715,0.38744285095816966
spec_brief_weekly_break_1.0_epw3_drawn,brief,weekly_break_1.0,3,drawn,authored,autonomy_first,substitution,3,-0.14431216195592353,-0.1452866202576317,50,-0.16776713586303973,-0.11450339797435428,-0.16991307129012298,-0.11335399228242324
spec_brief_weekly_break_1.0_epw3_fixed_low,brief,weekly_break_1.0,3,fixed_low,authored,equal,free_choice,3,-0.07632014465418999,-0.0756267846296661,50,-0.09481609085066967,-0.06190515833481556,-0.09639056640517321,-0.06104215553631935
spec_brief_weekly_break_1.0_epw3_fixed_low,brief,weekly_break_1.0,3,fixed_low,authored,equal,scaffolding_nofade,3,0.013107466871171642,0.012553704028201836,50,0.0068294290770092485,0.021855371749513443,0.006259540856830357,0.02249194581937593
spec_brief_weekly_break_1.0_epw3_fixed_low,brief,weekly_break_1.0,3,fixed_low,authored,equal,scaffolding_rapid,3,0.23002408188825496,0.23400523109620872,50,0.2011762411496842,0.2515024638959681,0.19728668859225917,0.25388187168582343
spec_brief_weekly_break_1.0_epw3_fixed_low,brief,weekly_break_1.0,3,fixed_low,authored,equal,substitution,3,-0.14573482921901018,-0.14640424579260353,50,-0.17026482061922701,-0.12311898498955898,-0.1729203004109003,-0.11634270551720798
spec_brief_weekly_break_1.0_epw3_fixed_low,brief,weekly_break_1.0,3,fixed_low,authored,learning_first,free_choice,3,-0.08399631690306418,-0.08277610040099836,50,-0.10372211054775614,-0.06585810041747478,-0.10680948774128814,-0.06461733179363172
spec_brief_weekly_break_1.0_epw3_fixed_low,brief,weekly_break_1.0,3,fixed_low,authored,learning_first,scaffolding_nofade,3,0.017800904920289386,0.016871662078642984,50,0.008987549116805264,0.029772930999304347,0.008839624377567475,0.030256614762185788
spec_brief_weekly_break_1.0_epw3_fixed_low,brief,weekly_break_1.0,3,fixed_low,authored,learning_first,scaffolding_rapid,3,0.12635106320321612,0.12905082307226873,50,0.103089998998662,0.149562419135746,0.10184667720396354,0.15177978642643097
spec_brief_weekly_break_1.0_epw3_fixed_low,brief,weekly_break_1.0,3,fixed_low,authored,learning_first,substitution,3,-0.163481878827,-0.16381700800188873,50,-0.18945309388179543,-0.1322232475283393,-0.1951394929863248,-0.12916540341319768
spec_brief_weekly_break_1.0_epw3_fixed_low,brief,weekly_break_1.0,3,fixed_low,authored,autonomy_first,free_choice,3,-0.06835709126761354,-0.06822708024505884,50,-0.08315567419262164,-0.058096474896956095,-0.08604926909749049,-0.05774776332062301
spec_brief_weekly_break_1.0_epw3_fixed_low,brief,weekly_break_1.0,3,fixed_low,authored,autonomy_first,scaffolding_nofade,3,0.013281949877153648,0.012176919672444716,50,0.007679178136807674,0.020953953371126287,0.00641985696015133,0.022357250925121315
spec_brief_weekly_break_1.0_epw3_fixed_low,brief,weekly_break_1.0,3,fixed_low,authored,autonomy_first,scaffolding_rapid,3,0.3593305391444776,0.36681555975152697,50,0.30386350387579353,0.394070074395256,0.2987675528844902,0.3962204562484592
spec_brief_weekly_break_1.0_epw3_fixed_low,brief,weekly_break_1.0,3,fixed_low,authored,autonomy_first,substitution,3,-0.1292714661049742,-0.12933721873617274,50,-0.14864755713262812,-0.11110444331836733,-0.15101735251882678,-0.10998951049062246
spec_brief_weekly_break_1.0_epw3_fixed_high,brief,weekly_break_1.0,3,fixed_high,authored,equal,free_choice,3,-0.07429456681555476,-0.0719956470341469,50,-0.10953522016942373,-0.04614420291986076,-0.11424036512572944,-0.04470289410779151
spec_brief_weekly_break_1.0_epw3_fixed_high,brief,weekly_break_1.0,3,fixed_high,authored,equal,scaffolding_nofade,3,0.010662350557053099,0.010175381402042995,50,0.003394703665671976,0.020833025527883943,0.0027437142914648947,0.023444297527119105
spec_brief_weekly_break_1.0_epw3_fixed_high,brief,weekly_break_1.0,3,fixed_high,authored,equal,scaffolding_rapid,3,0.23041749970152242,0.23269163851199504,50,0.2096378997589317,0.24986222846988024,0.20387613779113395,0.2504499454585222
spec_brief_weekly_break_1.0_epw3_fixed_high,brief,weekly_break_1.0,3,fixed_high,authored,equal,substitution,3,-0.15206542423246203,-0.1519499633764375,50,-0.19411165477183107,-0.10920497686651597,-0.20371598416378078,-0.10716352383860311
spec_brief_weekly_break_1.0_epw3_fixed_high,brief,weekly_break_1.0,3,fixed_high,authored,learning_first,free_choice,3,-0.08236006305296587,-0.08082299101965512,50,-0.12403678385782656,-0.04780869929492037,-0.13003976917707102,-0.04548029376690962
spec_brief_weekly_break_1.0_epw3_fixed_high,brief,weekly_break_1.0,3,fixed_high,authored,learning_first,scaffolding_nofade,3,0.014275444342709973,0.013738369827062905,50,0.004860206127179343,0.027577369041847634,0.0035972910312644687,0.03127139161262895
spec_brief_weekly_break_1.0_epw3_fixed_high,brief,weekly_break_1.0,3,fixed_high,authored,learning_first,scaffolding_rapid,3,0.11216722271990612,0.11190670807607117,50,0.08882393939791398,0.1376254345656848,0.08715066521591604,0.13922852000506436
spec_brief_weekly_break_1.0_epw3_fixed_high,brief,weekly_break_1.0,3,fixed_high,authored,learning_first,substitution,3,-0.17298937695958053,-0.1748513033481099,50,-0.22689772014749798,-0.11788765214114788,-0.23662240802352402,-0.11348827401134487
spec_brief_weekly_break_1.0_epw3_fixed_high,brief,weekly_break_1.0,3,fixed_high,authored,autonomy_first,free_choice,3,-0.07011793976767525,-0.06814170899945145,50,-0.09355847386016664,-0.04779963975394048,-0.09762609920995034,-0.0420245827412883
spec_brief_weekly_break_1.0_epw3_fixed_high,brief,weekly_break_1.0,3,fixed_high,authored,autonomy_first,scaffolding_nofade,3,0.01113866483404268,0.010991277452458491,50,0.00333096352517402,0.021006709674780414,0.0030690472034925103,0.02447949432822657
spec_brief_weekly_break_1.0_epw3_fixed_high,brief,weekly_break_1.0,3,fixed_high,authored,autonomy_first,scaffolding_rapid,3,0.36750973804183173,0.3705426212324728,50,0.33386183034855815,0.3907736003555808,0.3300662806787567,0.3935536970213937
spec_brief_weekly_break_1.0_epw3_fixed_high,brief,weekly_break_1.0,3,fixed_high,authored,autonomy_first,substitution,3,-0.1426035287121556,-0.14410600740461765,50,-0.17260910292256101,-0.10803788734190678,-0.1746014200239772,-0.10641646155069634
spec_brief_weekly_break_1.0_epw1_drawn,brief,weekly_break_1.0,1,drawn,authored,equal,free_choice,3,-0.06324223927501159,-0.06210208390882056,50,-0.07961615913884991,-0.045070624021900464,-0.0801102260343036,-0.042685181185792835
spec_brief_weekly_break_1.0_epw1_drawn,brief,weekly_break_1.0,1,drawn,authored,equal,scaffolding_nofade,3,0.01524549307524551,0.014572344546709994,50,0.011265962701950414,0.020489319277778997,0.010564763779014254,0.022029736488515604
spec_brief_weekly_break_1.0_epw1_drawn,brief,weekly_break_1.0,1,drawn,authored,equal,scaffolding_rapid,3,0.10397861348985908,0.10410568931647737,50,0.06663544064935,0.14942009192384567,0.06112665938975875,0.15433871801539406
spec_brief_weekly_break_1.0_epw1_drawn,brief,weekly_break_1.0,1,drawn,authored,equal,substitution,3,-0.11716012989781417,-0.11432521556273305,50,-0.14480543814410834,-0.08554854911604838,-0.14673661886986253,-0.0808368964880442
spec_brief_weekly_break_1.0_epw1_drawn,brief,weekly_break_1.0,1,drawn,authored,learning_first,free_choice,3,-0.0719426463139928,-0.07047664564162692,50,-0.09002668751838587,-0.05116780610733662,-0.09131130964931927,-0.049957655410400134
spec_brief_weekly_break_1.0_epw1_drawn,brief,weekly_break_1.0,1,drawn,authored,learning_first,scaffolding_nofade,3,0.021526763809636345,0.020550572372340835,50,0.015677773001254284,0.02928066444394805,0.015273934919998473,0.031219533760157778
spec_brief_weekly_break_1.0_epw1_drawn,brief,weekly_break_1.0,1,drawn,authored,learning_first,scaffolding_rapid,3,0.0724596514498594,0.07371896103136032,50,0.05032477492123137,0.09418935481671964,0.04689821608217847,0.09626916363018864
spec_brief_weekly_break_1.0_epw1_drawn,brief,weekly_break_1.0,1,drawn,authored,learning_first,substitution,3,-0.13578336379295267,-0.13324235758681618,50,-0.16789376656003238,-0.09964795099740133,-0.17094660023126665,-0.09454770648175163
spec_brief_weekly_break_1.0_epw1_drawn,brief,weekly_break_1.0,1,drawn,authored,autonomy_first,free_choice,3,-0.05124900423882627,-0.05042460818917227,50,-0.06699640367851432,-0.0337759032041257,-0.06835209442023761,-0.03328385988398583
spec_brief_weekly_break_1.0_epw1_drawn,brief,weekly_break_1.0,1,drawn,authored,autonomy_first,scaffolding_nofade,3,0.014427679021204363,0.014206671297258895,50,0.01080278136634077,0.01919203960705151,0.010295620828063092,0.020430053847441506
spec_brief_weekly_break_1.0_epw1_drawn,brief,weekly_break_1.0,1,drawn,authored,autonomy_first,scaffolding_rapid,3,0.15464738685143678,0.15295764760007305,50,0.09548559004529307,0.22754492194503306,0.08649878671621357,0.2361133117672566
spec_brief_weekly_break_1.0_epw1_drawn,brief,weekly_break_1.0,1,drawn,authored,autonomy_first,substitution,3,-0.09721189182825492,-0.09314940230703875,50,-0.13419367823469586,-0.06814469478318624,-0.1360033865156572,-0.0667787183596306
spec_brief_weekly_break_1.0_epw1_fixed_low,brief,weekly_break_1.0,1,fixed_low,authored,equal,free_choice,3,-0.05633773555711261,-0.055506828984026264,50,-0.07108291434396843,-0.04435425849902505,-0.07537138862250058,-0.04055241647930465
spec_brief_weekly_break_1.0_epw1_fixed_low,brief,weekly_break_1.0,1,fixed_low,authored,equal,scaffolding_nofade,3,0.014644972356111993,0.014173874561977851,50,0.009901000921165836,0.019617629317361288,0.008831896620256442,0.01996374181636865
spec_brief_weekly_break_1.0_epw1_fixed_low,brief,weekly_break_1.0,1,fixed_low,authored,equal,scaffolding_rapid,3,0.09616728242438771,0.09328613279696438,50,0.05479567694918097,0.1392861946393516,0.050773348251736565,0.14753274741021297
spec_brief_weekly_break_1.0_epw1_fixed_low,brief,weekly_break_1.0,1,fixed_low,authored,equal,substitution,3,-0.10332352801821207,-0.10167937469297908,50,-0.13081272858219223,-0.07761530871939228,-0.1362815621393454,-0.0695703299367244
spec_brief_weekly_break_1.0_epw1_fixed_low,brief,weekly_break_1.0,1,fixed_low,authored,learning_first,free_choice,3,-0.06205767878557482,-0.061418529020380225,50,-0.07715437538592909,-0.04681768892206281,-0.08286702242920892,-0.04193382507590511
spec_brief_weekly_break_1.0_epw1_fixed_low,brief,weekly_break_1.0,1,fixed_low,authored,learning_first,scaffolding_nofade,3,0.020783871224991417,0.02017148346707422,50,0.014664051332598467,0.027012159105448335,0.012600358675845637,0.027384402765757657
spec_brief_weekly_break_1.0_epw1_fixed_low,brief,weekly_break_1.0,1,fixed_low,authored,learning_first,scaffolding_rapid,3,0.06747650585308207,0.06752675665041366,50,0.04507109427518129,0.08726720794713673,0.043303264306640867,0.09253625327549904
spec_brief_weekly_break_1.0_epw1_fixed_low,brief,weekly_break_1.0,1,fixed_low,authored,learning_first,substitution,3,-0.11660559103365543,-0.11451999447089518,50,-0.14613048838297377,-0.0862731819023999,-0.15100114550786112,-0.07571814685408225
spec_brief_weekly_break_1.0_epw1_fixed_low,brief,weekly_break_1.0,1,fixed_low,authored,autonomy_first,free_choice,3,-0.04307849209690562,-0.041016884911836596,50,-0.059416809243094906,-0.028937362117812532,-0.059823011428167976,-0.02551354342822602
spec_brief_weekly_break_1.0_epw1_fixed_low,brief,weekly_break_1.0,1,fixed_low,authored,autonomy_first,scaffolding_nofade,3,0.013436774285692323,0.013223513506992168,50,0.0093448952244416,0.01735772009577084,0.008442895865419003,0.017897906018766688
spec_brief_weekly_break_1.0_epw1_fixed_low,brief,weekly_break_1.0,1,fixed_low,authored,autonomy_first,scaffolding_rapid,3,0.1425658243634821,0.13724461662961052,50,0.07681157928864943,0.21816762457895925,0.06782635273508249,0.22794309908941982
spec_brief_weekly_break_1.0_epw1_fixed_low,brief,weekly_break_1.0,1,fixed_low,authored,autonomy_first,substitution,3,-0.08164706724391968,-0.07681914496281894,50,-0.11469005370387096,-0.05504720566030799,-0.11721259054899846,-0.05118862407832545
spec_brief_weekly_break_1.0_epw1_fixed_high,brief,weekly_break_1.0,1,fixed_high,authored,equal,free_choice,3,-0.07258659588791472,-0.0720202482606059,50,-0.09161192662087664,-0.05814352867778754,-0.09222423613597384,-0.05487473328185689
spec_brief_weekly_break_1.0_epw1_fixed_high,brief,weekly_break_1.0,1,fixed_high,authored,equal,scaffolding_nofade,3,0.017025120015220982,0.01669048183263401,50,0.011731235090242374,0.022646737968560305,0.010687257401922355,0.02331609314050981
spec_brief_weekly_break_1.0_epw1_fixed_high,brief,weekly_break_1.0,1,fixed_high,authored,equal,scaffolding_rapid,3,0.1304192263721661,0.13461458557725714,50,0.08790975935755299,0.17170752680107823,0.07849066987430779,0.18248697468491287
spec_brief_weekly_break_1.0_epw1_fixed_high,brief,weekly_break_1.0,1,fixed_high,authored,equal,substitution,3,-0.13730510232907586,-0.1338641984503915,50,-0.1745678611421543,-0.10420074238857616,-0.17625677616980903,-0.09197383150511904
spec_brief_weekly_break_1.0_epw1_fixed_high,brief,weekly_break_1.0,1,fixed_high,authored,learning_first,free_choice,3,-0.08368835701345433,-0.0834793109294325,50,-0.10488483477370542,-0.06542270821982156,-0.10857278814607035,-0.06334289944979656
spec_brief_weekly_break_1.0_epw1_fixed_high,brief,weekly_break_1.0,1,fixed_high,authored,learning_first,scaffolding_nofade,3,0.023426738946888424,0.023102086542642765,50,0.016141189876926025,0.030778595816943335,0.014803891008425997,0.031177362401981556
spec_brief_weekly_break_1.0_epw1_fixed_high,brief,weekly_break_1.0,1,fixed_high,authored,learning_first,scaffolding_rapid,3,0.08740443429303234,0.08992101393568167,50,0.06644112573338165,0.10784724171576865,0.06402984070293816,0.11173622718409566
spec_brief_weekly_break_1.0_epw1_fixed_high,brief,weekly_break_1.0,1,fixed_high,authored,learning_first,substitution,3,-0.1609807819844221,-0.15769779537344397,50,-0.1998961973635291,-0.11868412981344076,-0.20610993412673465,-0.10771263754923259
spec_brief_weekly_break_1.0_epw1_fixed_high,brief,weekly_break_1.0,1,fixed_high,authored,autonomy_first,free_choice,3,-0.06285008146223463,-0.060631719811601925,50,-0.08628085368607326,-0.04631341042709263,-0.08824755099382547,-0.04217766431445426
spec_brief_weekly_break_1.0_epw1_fixed_high,brief,weekly_break_1.0,1,fixed_high,authored,autonomy_first,scaffolding_nofade,3,0.01663688651849137,0.016177840617997808,50,0.011173639876562032,0.021700823565041456,0.011051711670906263,0.02214304154867197
spec_brief_weekly_break_1.0_epw1_fixed_high,brief,weekly_break_1.0,1,fixed_high,authored,autonomy_first,scaffolding_rapid,3,0.19525979257629403,0.1979910572738729,50,0.12561894117045647,0.26952560867971187,0.11126773021480865,0.2810362284362581
spec_brief_weekly_break_1.0_epw1_fixed_high,brief,weekly_break_1.0,1,fixed_high,authored,autonomy_first,substitution,3,-0.1207425652929623,-0.11750420192688335,50,-0.16478925207904183,-0.08174955935280252,-0.16848264824784018,-0.07447574687762731
spec_brief_weekly_break_1.0_epw5_drawn,brief,weekly_break_1.0,5,drawn,authored,equal,free_choice,3,-0.0487506899375978,-0.04462281922327829,50,-0.08054488439064592,-0.026608143563004817,-0.08420266248275107,-0.023609571828544215
spec_brief_weekly_break_1.0_epw5_drawn,brief,weekly_break_1.0,5,drawn,authored,equal,scaffolding_nofade,3,0.006048436654907285,0.0048535710655310225,50,0.0017154457431439308,0.013726257574903132,0.001438945271734437,0.015363146302520943
spec_brief_weekly_break_1.0_epw5_drawn,brief,weekly_break_1.0,5,drawn,authored,equal,scaffolding_rapid,3,0.24087638403228595,0.24115636451397865,50,0.2247172750791064,0.2603103842938336,0.2222323188976948,0.26317077748206313
spec_brief_weekly_break_1.0_epw5_drawn,brief,weekly_break_1.0,5,drawn,authored,equal,substitution,3,-0.10664685413727815,-0.1013078692077338,50,-0.16249396941785677,-0.06125580230153227,-0.1648533393573788,-0.05108959875128518
spec_brief_weekly_break_1.0_epw5_drawn,brief,weekly_break_1.0,5,drawn,authored,learning_first,free_choice,3,-0.054065313667884425,-0.04830306215803036,50,-0.09437320063313187,-0.023419809871666003,-0.10022570046775175,-0.018308454941781464
spec_brief_weekly_break_1.0_epw5_drawn,brief,weekly_break_1.0,5,drawn,authored,learning_first,scaffolding_nofade,3,0.008116312901467615,0.00674078007779282,50,0.0020789293469035564,0.01860550317184515,0.0016411341615426992,0.02046022190843496
spec_brief_weekly_break_1.0_epw5_drawn,brief,weekly_break_1.0,5,drawn,authored,learning_first,scaffolding_rapid,3,0.10648696248665918,0.10464401465691832,50,0.08942039243780837,0.13217210759711243,0.08848968335501475,0.1344656706460188
spec_brief_weekly_break_1.0_epw5_drawn,brief,weekly_break_1.0,5,drawn,authored,learning_first,substitution,3,-0.1216216037059851,-0.11464262985235185,50,-0.18946949597549204,-0.05570548350606686,-0.1966288058922194,-0.0491345413866651
spec_brief_weekly_break_1.0_epw5_drawn,brief,weekly_break_1.0,5,drawn,authored,autonomy_first,free_choice,3,-0.046830159032934124,-0.04450708415004011,50,-0.07319013271015622,-0.02801076150025181,-0.07957403252221096,-0.023556712209739657
spec_brief_weekly_break_1.0_epw5_drawn,brief,weekly_break_1.0,5,drawn,authored,autonomy_first,scaffolding_nofade,3,0.006544578143466191,0.005495568263138045,50,0.001998928026208316,0.014880104133234656,0.0016941530524380891,0.01615848707171735
spec_brief_weekly_break_1.0_epw5_drawn,brief,weekly_break_1.0,5,drawn,authored,autonomy_first,scaffolding_rapid,3,0.38715537481342877,0.39066570902465264,50,0.36214432747585795,0.40610724978673135,0.35123652785824755,0.40771520887892676
spec_brief_weekly_break_1.0_epw5_drawn,brief,weekly_break_1.0,5,drawn,authored,autonomy_first,substitution,3,-0.10018820824950612,-0.09622924277819211,50,-0.1438662568726327,-0.0602779849109121,-0.1472010021302963,-0.05204055707906581
spec_brief_weekly_break_1.0_epw5_fixed_low,brief,weekly_break_1.0,5,fixed_low,authored,equal,free_choice,3,-0.0502574073447794,-0.04897986824979219,50,-0.0823920827884346,-0.022406524357275224,-0.08668483029106917,-0.020818378335449236
spec_brief_weekly_break_1.0_epw5_fixed_low,brief,weekly_break_1.0,5,fixed_low,authored,equal,scaffolding_nofade,3,0.0074732604097743184,0.006069720599396128,50,0.002165123759438443,0.017359748964851353,0.0016384215171140366,0.01938012222266894
spec_brief_weekly_break_1.0_epw5_fixed_low,brief,weekly_break_1.0,5,fixed_low,authored,equal,scaffolding_rapid,3,0.24609773011187908,0.24698487472582886,50,0.229931067971713,0.2638967360371268,0.2265537292368603,0.26496621166180545
spec_brief_weekly_break_1.0_epw5_fixed_low,brief,weekly_break_1.0,5,fixed_low,authored,equal,substitution,3,-0.10416211334898647,-0.10687940967873415,50,-0.16106188033994143,-0.05293070432345662,-0.16484319567429181,-0.05075994821280553
spec_brief_weekly_break_1.0_epw5_fixed_low,brief,weekly_break_1.0,5,fixed_low,authored,learning_first,free_choice,3,-0.05584311906033472,-0.0532868913194129,50,-0.09383743763230853,-0.0239418190600683,-0.09987225726954625,-0.02215463690730775
spec_brief_weekly_break_1.0_epw5_fixed_low,brief,weekly_break_1.0,5,fixed_low,authored,learning_first,scaffolding_nofade,3,0.009969532875354148,0.008005652547102136,50,0.0027227036996470785,0.02287557998748901,0.00242034190877058,0.02554426707071577
spec_brief_weekly_break_1.0_epw5_fixed_low,brief,weekly_break_1.0,5,fixed_low,authored,learning_first,scaffolding_rapid,3,0.11388403444032237,0.11149418127048882,50,0.09477830830587833,0.13716352464502793,0.09341457896134912,0.13832516580340212
spec_brief_weekly_break_1.0_epw5_fixed_low,brief,weekly_break_1.0,5,fixed_low,authored,learning_first,substitution,3,-0.11794813301892212,-0.11989690457742008,50,-0.18324386991373692,-0.05537965770167279,-0.19024063076241518,-0.053918656399307506
spec_brief_weekly_break_1.0_epw5_fixed_low,brief,weekly_break_1.0,5,fixed_low,authored,autonomy_first,free_choice,3,-0.048174263414774605,-0.04606740733116643,50,-0.07646645169852717,-0.022168894327258975,-0.07969744998001027,-0.0206200542730888
spec_brief_weekly_break_1.0_epw5_fixed_low,brief,weekly_break_1.0,5,fixed_low,authored,autonomy_first,scaffolding_nofade,3,0.00802396995457319,0.006561707489081654,50,0.0022434417310778086,0.018602899641007864,0.0016810713517811686,0.020867963465959594
spec_brief_weekly_break_1.0_epw5_fixed_low,brief,weekly_break_1.0,5,fixed_low,authored,autonomy_first,scaffolding_rapid,3,0.39211927104804595,0.3927910447004379,50,0.36729484982072574,0.4147187180873319,0.3627627288888071,0.4161824560787074
spec_brief_weekly_break_1.0_epw5_fixed_low,brief,weekly_break_1.0,5,fixed_low,authored,autonomy_first,substitution,3,-0.0972300119550953,-0.0996136135592587,50,-0.13748741318599253,-0.05145557586658203,-0.140345875956686,-0.04890113195867385
spec_brief_weekly_break_1.0_epw5_fixed_high,brief,weekly_break_1.0,5,fixed_high,authored,equal,free_choice,3,-0.03981470016536024,-0.03448870742654514,50,-0.0761430142294903,-0.015705509181471553,-0.08205097626427188,-0.014195524137613491
spec_brief_weekly_break_1.0_epw5_fixed_high,brief,weekly_break_1.0,5,fixed_high,authored,equal,scaffolding_nofade,3,0.004567648944806698,0.0035999834057484584,50,0.0009271801931214817,0.01080528285650347,0.0008680861974086818,0.012202412741893869
spec_brief_weekly_break_1.0_epw5_fixed_high,brief,weekly_break_1.0,5,fixed_high,authored,equal,scaffolding_rapid,3,0.2391840761137867,0.23998860653367493,50,0.21788647998034008,0.25446247187278004,0.215103382300356,0.25614787225288177
spec_brief_weekly_break_1.0_epw5_fixed_high,brief,weekly_break_1.0,5,fixed_high,authored,equal,substitution,3,-0.09037546943792023,-0.08418312803695056,50,-0.1684854099993031,-0.03609283623840524,-0.17669309123502722,-0.03265803136620758
spec_brief_weekly_break_1.0_epw5_fixed_high,brief,weekly_break_1.0,5,fixed_high,authored,learning_first,free_choice,3,-0.04304096689972629,-0.03676949545698815,50,-0.08823642018789286,-0.015078601548825689,-0.09327232364852722,-0.01308254364268895
spec_brief_weekly_break_1.0_epw5_fixed_high,brief,weekly_break_1.0,5,fixed_high,authored,learning_first,scaffolding_nofade,3,0.006066562409349449,0.004832789697097508,50,0.0013056881703522396,0.014236216025365196,0.0012780044330889838,0.016201692895002315
spec_brief_weekly_break_1.0_epw5_fixed_high,brief,weekly_break_1.0,5,fixed_high,authored,learning_first,scaffolding_rapid,3,0.10133690769589342,0.099408364558842,50,0.08721725431221457,0.11941786987614142,0.08494164869637469,0.11963675416762069
spec_brief_weekly_break_1.0_epw5_fixed_high,brief,weekly_break_1.0,5,fixed_high,authored,learning_first,substitution,3,-0.10175409472907367,-0.09280286828897849,50,-0.19566847314269803,-0.036777655351379626,-0.20756965068923827,-0.0312865361101126
spec_brief_weekly_break_1.0_epw5_fixed_high,brief,weekly_break_1.0,5,fixed_high,authored,autonomy_first,free_choice,3,-0.038924657139180606,-0.034166512947241615,50,-0.07139328529865314,-0.01754052596371062,-0.07595460708296095,-0.013504322973051645
spec_brief_weekly_break_1.0_epw5_fixed_high,brief,weekly_break_1.0,5,fixed_high,authored,autonomy_first,scaffolding_nofade,3,0.004934544112454658,0.003805023643074955,50,0.0009433035183422958,0.011670748467038609,0.0008705660319856277,0.013154064495811862
spec_brief_weekly_break_1.0_epw5_fixed_high,brief,weekly_break_1.0,5,fixed_high,authored,autonomy_first,scaffolding_rapid,3,0.3858059481913626,0.38913884066165816,50,0.35634468402954234,0.40525057489337596,0.35121140081814206,0.41044327647391404
spec_brief_weekly_break_1.0_epw5_fixed_high,brief,weekly_break_1.0,5,fixed_high,authored,autonomy_first,substitution,3,-0.08638272033515182,-0.08772305671617134,50,-0.15041624127945383,-0.03858280079044104,-0.15955523289747256,-0.03115922731718995
spec_brief_per_episode_no_breaks_epw3_drawn,brief,per_episode_no_breaks,3,drawn,authored,equal,free_choice,3,-0.06998035565777574,-0.06903478947370296,50,-0.08973804577187561,-0.04678028117532124,-0.091453129846694,-0.04189491165301222
spec_brief_per_episode_no_breaks_epw3_drawn,brief,per_episode_no_breaks,3,drawn,authored,equal,scaffolding_nofade,3,0.01035667519989432,0.009075953263058975,50,0.005154590406522458,0.01719982141741702,0.0046742352983938406,0.01970444168731483
spec_brief_per_episode_no_breaks_epw3_drawn,brief,per_episode_no_breaks,3,drawn,authored,equal,scaffolding_rapid,3,0.2272551289298685,0.22706514531183564,50,0.20493398174913457,0.24406373793988057,0.19985781209799477,0.24518078470906873
spec_brief_per_episode_no_breaks_epw3_drawn,brief,per_episode_no_breaks,3,drawn,authored,equal,substitution,3,-0.13912450752688169,-0.1383012588443046,50,-0.16743533073026487,-0.10086813946061546,-0.16947268181181338,-0.09290352936220561
spec_brief_per_episode_no_breaks_epw3_drawn,brief,per_episode_no_breaks,3,drawn,authored,learning_first,free_choice,3,-0.07664481641802712,-0.07692228322706064,50,-0.10161019008495566,-0.04559112162363589,-0.10393274789932125,-0.041855798108757634
spec_brief_per_episode_no_breaks_epw3_drawn,brief,per_episode_no_breaks,3,drawn,authored,learning_first,scaffolding_nofade,3,0.014101932274150268,0.01243144624375813,50,0.006451531917236586,0.023734895482398908,0.005851416202440171,0.026997304104200183
spec_brief_per_episode_no_breaks_epw3_drawn,brief,per_episode_no_breaks,3,drawn,authored,learning_first,scaffolding_rapid,3,0.11247736150920971,0.1130466994150541,50,0.0970194508904477,0.1365646915763593,0.08859947602296254,0.14083864950463715
spec_brief_per_episode_no_breaks_epw3_drawn,brief,per_episode_no_breaks,3,drawn,authored,learning_first,substitution,3,-0.1556057437323266,-0.1550406048343916,50,-0.19291795238678874,-0.09934508012714369,-0.1960030510373351,-0.09152603494595303
spec_brief_per_episode_no_breaks_epw3_drawn,brief,per_episode_no_breaks,3,drawn,authored,autonomy_first,free_choice,3,-0.06541019709472344,-0.06637503023712343,50,-0.08014716604211518,-0.04485072069649597,-0.08083393131099857,-0.041414182762522025
spec_brief_per_episode_no_breaks_epw3_drawn,brief,per_episode_no_breaks,3,drawn,authored,autonomy_first,scaffolding_nofade,3,0.01064381579000943,0.009464282155504496,50,0.005538412424848971,0.016320653395134114,0.0052043368856572935,0.019725357837557186
spec_brief_per_episode_no_breaks_epw3_drawn,brief,per_episode_no_breaks,3,drawn,authored,autonomy_first,scaffolding_rapid,3,0.36150954954865516,0.3639928806619048,50,0.32253547467140736,0.3857089452179841,0.3099664927919437,0.3863846013704324
spec_brief_per_episode_no_breaks_epw3_drawn,brief,per_episode_no_breaks,3,drawn,authored,autonomy_first,substitution,3,-0.13027428815778,-0.13236844796758196,50,-0.15098768637239374,-0.09868023760158705,-0.15294455546659416,-0.09463252243470792
spec_brief_per_episode_no_breaks_epw3_fixed_low,brief,per_episode_no_breaks,3,fixed_low,authored,equal,free_choice,3,-0.06833783746023513,-0.06675811476195784,50,-0.0887152349344465,-0.05320018705611726,-0.09253959525969127,-0.05102537711041489
spec_brief_per_episode_no_breaks_epw3_fixed_low,brief,per_episode_no_breaks,3,fixed_low,authored,equal,scaffolding_nofade,3,0.010790409003290433,0.010314035218609876,50,0.004790170804418791,0.017254456598831517,0.004409403621284715,0.020136583074329084
spec_brief_per_episode_no_breaks_epw3_fixed_low,brief,per_episode_no_breaks,3,fixed_low,authored,equal,scaffolding_rapid,3,0.23118152131575734,0.23105851983506104,50,0.2077036406075712,0.25218019851497886,0.20471065808103392,0.2565494434643253
spec_brief_per_episode_no_breaks_epw3_fixed_low,brief,per_episode_no_breaks,3,fixed_low,authored,equal,substitution,3,-0.13305330097427398,-0.13060886884761325,50,-0.15997354377010567,-0.10295788443228147,-0.1645538603958116,-0.10017226159949984
spec_brief_per_episode_no_breaks_epw3_fixed_low,brief,per_episode_no_breaks,3,fixed_low,authored,learning_first,free_choice,3,-0.07390543644778888,-0.07309515312628748,50,-0.09756571724008321,-0.05132230559775628,-0.10151396089288134,-0.04986228906978169
spec_brief_per_episode_no_breaks_epw3_fixed_low,brief,per_episode_no_breaks,3,fixed_low,authored,learning_first,scaffolding_nofade,3,0.014685688841986278,0.014066479561396311,50,0.00636159557194645,0.02328981391589416,0.00579202636158804,0.027383025214613704
spec_brief_per_episode_no_breaks_epw3_fixed_low,brief,per_episode_no_breaks,3,fixed_low,authored,learning_first,scaffolding_rapid,3,0.11973973110167936,0.11977514072898661,50,0.09647446105346796,0.14310659536228856,0.09481642488771987,0.14569477577502493
spec_brief_per_episode_no_breaks_epw3_fixed_low,brief,per_episode_no_breaks,3,fixed_low,authored,learning_first,substitution,3,-0.14686224393236622,-0.14610067463203313,50,-0.17828802528999443,-0.11083507834786095,-0.18313687740969,-0.10505843703636544
spec_brief_per_episode_no_breaks_epw3_fixed_low,brief,per_episode_no_breaks,3,fixed_low,authored,autonomy_first,free_choice,3,-0.0629681442204404,-0.06326791122356218,50,-0.07806934765326291,-0.05154882186000773,-0.07950177126514847,-0.050334884952121316
spec_brief_per_episode_no_breaks_epw3_fixed_low,brief,per_episode_no_breaks,3,fixed_low,authored,autonomy_first,scaffolding_nofade,3,0.010864912941939288,0.010305356654492257,50,0.005250160933643209,0.016672413149241814,0.00479611503541248,0.01974421217455401
spec_brief_per_episode_no_breaks_epw3_fixed_low,brief,per_episode_no_breaks,3,fixed_low,authored,autonomy_first,scaffolding_rapid,3,0.3642416525013173,0.3669479069970874,50,0.3255216294447489,0.3947539774472111,0.31269668704713216,0.3959563097619062
spec_brief_per_episode_no_breaks_epw3_fixed_low,brief,per_episode_no_breaks,3,fixed_low,authored,autonomy_first,substitution,3,-0.12264258307617841,-0.12323879130797538,50,-0.1440329662024582,-0.1006726775102052,-0.14710129598481606,-0.09823525868316645
spec_brief_per_episode_no_breaks_epw3_fixed_high,brief,per_episode_no_breaks,3,fixed_high,authored,equal,free_choice,3,-0.06362567873510612,-0.06260517387423489,50,-0.09860103132125668,-0.03908274029005137,-0.10451389329494376,-0.03575755797131913
spec_brief_per_episode_no_breaks_epw3_fixed_high,brief,per_episode_no_breaks,3,fixed_high,authored,equal,scaffolding_nofade,3,0.00833397533466022,0.0074956266383049116,50,0.0032137478745934435,0.016759001996331496,0.002813878201333434,0.017037327480700058
spec_brief_per_episode_no_breaks_epw3_fixed_high,brief,per_episode_no_breaks,3,fixed_high,authored,equal,scaffolding_rapid,3,0.22575804587007237,0.2272276931695325,50,0.2042594915559119,0.24405480983160854,0.19953740801260178,0.24531492141355202
spec_brief_per_episode_no_breaks_epw3_fixed_high,brief,per_episode_no_breaks,3,fixed_high,authored,equal,substitution,3,-0.12907569720356082,-0.13231534500922992,50,-0.179165035141613,-0.08621694024169467,-0.18878694720781714,-0.08088685621033145
spec_brief_per_episode_no_breaks_epw3_fixed_high,brief,per_episode_no_breaks,3,fixed_high,authored,learning_first,free_choice,3,-0.06830256518737687,-0.06780984427467474,50,-0.10961692835113149,-0.0358479329515344,-0.11799029433635261,-0.03560557299940173
spec_brief_per_episode_no_breaks_epw3_fixed_high,brief,per_episode_no_breaks,3,fixed_high,authored,learning_first,scaffolding_nofade,3,0.011209198915682957,0.010262252224826922,50,0.004065712979463781,0.02213213739356319,0.003432058412605951,0.022870017982538973
spec_brief_per_episode_no_breaks_epw3_fixed_high,brief,per_episode_no_breaks,3,fixed_high,authored,learning_first,scaffolding_rapid,3,0.10443422817407849,0.10355693113481956,50,0.08518893514652187,0.1270924626036498,0.08260950755056327,0.1287262816508503
spec_brief_per_episode_no_breaks_epw3_fixed_high,brief,per_episode_no_breaks,3,fixed_high,authored,learning_first,substitution,3,-0.14220952702707726,-0.14671634875452869,50,-0.2084095456377962,-0.08819132545644805,-0.21649126731895432,-0.08007687299706852
spec_brief_per_episode_no_breaks_epw3_fixed_high,brief,per_episode_no_breaks,3,fixed_high,authored,autonomy_first,free_choice,3,-0.06122450846536622,-0.06098538944202787,50,-0.08574260902387053,-0.04054469876869792,-0.09110586468105979,-0.033257921490022005
spec_brief_per_episode_no_breaks_epw3_fixed_high,brief,per_episode_no_breaks,3,fixed_high,authored,autonomy_first,scaffolding_nofade,3,0.008574954942706287,0.008113680180730401,50,0.003484420905948585,0.01691843551828135,0.003222562603723851,0.01729574464376522
spec_brief_per_episode_no_breaks_epw3_fixed_high,brief,per_episode_no_breaks,3,fixed_high,authored,autonomy_first,scaffolding_rapid,3,0.36239649086687853,0.36630788194377933,50,0.33232841226176796,0.3860972408904693,0.3272118271690323,0.3868537911600157
spec_brief_per_episode_no_breaks_epw3_fixed_high,brief,per_episode_no_breaks,3,fixed_high,authored,autonomy_first,substitution,3,-0.12458909627402598,-0.1270434929920652,50,-0.15579688331978447,-0.09115752081234083,-0.15631754055259542,-0.07692789198074497
spec_brief_per_episode_no_breaks_epw1_drawn,brief,per_episode_no_breaks,1,drawn,authored,equal,free_choice,3,-0.07263903795919494,-0.0729630069809326,50,-0.08723576945648895,-0.049693482075897445,-0.08761570733466208,-0.04576279608578207
spec_brief_per_episode_no_breaks_epw1_drawn,brief,per_episode_no_breaks,1,drawn,authored,equal,scaffolding_nofade,3,0.010656547976207926,0.009774391270156776,50,0.006450466867445769,0.016344432288560418,0.006242505470106133,0.017109996352418708
spec_brief_per_episode_no_breaks_epw1_drawn,brief,per_episode_no_breaks,1,drawn,authored,equal,scaffolding_rapid,3,0.19123750580826382,0.1920911598571177,50,0.17103463349032302,0.21286985450829238,0.1631555348636412,0.21720527376279253
spec_brief_per_episode_no_breaks_epw1_drawn,brief,per_episode_no_breaks,1,drawn,authored,equal,substitution,3,-0.1648607689164789,-0.16525586447517013,50,-0.19101731714018202,-0.12312044171851369,-0.19476314927282876,-0.12088209639439627
spec_brief_per_episode_no_breaks_epw1_drawn,brief,per_episode_no_breaks,1,drawn,authored,learning_first,free_choice,3,-0.07494850679830382,-0.07587926957263916,50,-0.09254701739709081,-0.04712020973122896,-0.09349089091157688,-0.044108882867239046
spec_brief_per_episode_no_breaks_epw1_drawn,brief,per_episode_no_breaks,1,drawn,authored,learning_first,scaffolding_nofade,3,0.013389590248573868,0.011587825390333671,50,0.007590885897988862,0.021429712194867886,0.007110447697093607,0.022574923916480392
spec_brief_per_episode_no_breaks_epw1_drawn,brief,per_episode_no_breaks,1,drawn,authored,learning_first,scaffolding_rapid,3,0.09947481431019053,0.0995367829154504,50,0.08076894096897647,0.12468797716964748,0.07310025446592716,0.1267884757143703
spec_brief_per_episode_no_breaks_epw1_drawn,brief,per_episode_no_breaks,1,drawn,authored,learning_first,substitution,3,-0.1715767335346162,-0.1724775695265477,50,-0.2063371818753269,-0.1193306670835582,-0.2118965955963786,-0.11538387135724398
spec_brief_per_episode_no_breaks_epw1_drawn,brief,per_episode_no_breaks,1,drawn,authored,autonomy_first,free_choice,3,-0.07260077242823641,-0.07284153789794892,50,-0.08367065978033861,-0.055854765262231904,-0.08540715500197264,-0.05249509194179185
spec_brief_per_episode_no_breaks_epw1_drawn,brief,per_episode_no_breaks,1,drawn,authored,autonomy_first,scaffolding_nofade,3,0.011829097457426899,0.01146760464381738,50,0.0076991898054655,0.01582823214387479,0.007137403385687878,0.01709358118457359
spec_brief_per_episode_no_breaks_epw1_drawn,brief,per_episode_no_breaks,1,drawn,authored,autonomy_first,scaffolding_rapid,3,0.3034452957516259,0.3054505781237954,50,0.268184981521999,0.33387045366490425,0.26520113170451115,0.3393679159826776
spec_brief_per_episode_no_breaks_epw1_drawn,brief,per_episode_no_breaks,1,drawn,authored,autonomy_first,substitution,3,-0.1686662163565023,-0.1713615040579646,50,-0.18820681749759088,-0.13738921940842724,-0.190056101404611,-0.1353621178627814
spec_brief_per_episode_no_breaks_epw1_fixed_low,brief,per_episode_no_breaks,1,fixed_low,authored,equal,free_choice,3,-0.07039183739702562,-0.06965889385335994,50,-0.08406794501422447,-0.055438050707720274,-0.08768805106957064,-0.055113394819997254
spec_brief_per_episode_no_breaks_epw1_fixed_low,brief,per_episode_no_breaks,1,fixed_low,authored,equal,scaffolding_nofade,3,0.011354741191824119,0.01099173899269807,50,0.006718823593298071,0.017121326173412745,0.006243235037247625,0.01897459691573122
spec_brief_per_episode_no_breaks_epw1_fixed_low,brief,per_episode_no_breaks,1,fixed_low,authored,equal,scaffolding_rapid,3,0.19577318892020387,0.1955998768857051,50,0.1706514117206138,0.21772483108191001,0.1631240240193563,0.21943912388807074
spec_brief_per_episode_no_breaks_epw1_fixed_low,brief,per_episode_no_breaks,1,fixed_low,authored,equal,substitution,3,-0.15635707713118543,-0.15696057789298568,50,-0.17882713200227984,-0.13314938724634062,-0.18470979243183966,-0.1299885972250283
spec_brief_per_episode_no_breaks_epw1_fixed_low,brief,per_episode_no_breaks,1,fixed_low,authored,learning_first,free_choice,3,-0.071634800021711,-0.0710253442109632,50,-0.08920909863768896,-0.05336300309683415,-0.09232334985268123,-0.0513205574950025
spec_brief_per_episode_no_breaks_epw1_fixed_low,brief,per_episode_no_breaks,1,fixed_low,authored,learning_first,scaffolding_nofade,3,0.014315875246391583,0.013980837489244911,50,0.007840013143935665,0.022012163386215356,0.007045363103118871,0.024769439169745715
spec_brief_per_episode_no_breaks_epw1_fixed_low,brief,per_episode_no_breaks,1,fixed_low,authored,learning_first,scaffolding_rapid,3,0.1064416718487332,0.10708104091090209,50,0.08409587309092882,0.12644436152366276,0.08342490480895103,0.13269262708710505
spec_brief_per_episode_no_breaks_epw1_fixed_low,brief,per_episode_no_breaks,1,fixed_low,authored,learning_first,substitution,3,-0.1602863312289266,-0.16075701684445576,50,-0.18560482684591878,-0.1296496564528658,-0.1897539666567075,-0.12638696148142886
spec_brief_per_episode_no_breaks_epw1_fixed_low,brief,per_episode_no_breaks,1,fixed_low,authored,autonomy_first,free_choice,3,-0.06886349309445855,-0.06875316760335365,50,-0.07605174675241454,-0.058444100045791314,-0.07799302202380752,-0.05805193193498569
spec_brief_per_episode_no_breaks_epw1_fixed_low,brief,per_episode_no_breaks,1,fixed_low,authored,autonomy_first,scaffolding_nofade,3,0.012406084284477125,0.012279038448098308,50,0.007927015539774356,0.0175354941925578,0.007636241150369566,0.018641315208343896
spec_brief_per_episode_no_breaks_epw1_fixed_low,brief,per_episode_no_breaks,1,fixed_low,authored,autonomy_first,scaffolding_rapid,3,0.30746258951957384,0.30758468841412967,50,0.26416499856258757,0.34076757291491333,0.25986697192913344,0.3497317177031057
spec_brief_per_episode_no_breaks_epw1_fixed_low,brief,per_episode_no_breaks,1,fixed_low,authored,autonomy_first,substitution,3,-0.15790514564278169,-0.15727993971099177,50,-0.18232192926377963,-0.13568934165650653,-0.18306809035954139,-0.13018521600066052
spec_brief_per_episode_no_breaks_epw1_fixed_high,brief,per_episode_no_breaks,1,fixed_high,authored,equal,free_choice,3,-0.06616850758068103,-0.06681796538472391,50,-0.09268855794835586,-0.04399027778626038,-0.10003956548387233,-0.04250044551803444
spec_brief_per_episode_no_breaks_epw1_fixed_high,brief,per_episode_no_breaks,1,fixed_high,authored,equal,scaffolding_nofade,3,0.008934894841297765,0.00888227153976997,50,0.004036486502970804,0.015296147123138927,0.0034456913008477537,0.01637663206522077
spec_brief_per_episode_no_breaks_epw1_fixed_high,brief,per_episode_no_breaks,1,fixed_high,authored,equal,scaffolding_rapid,3,0.18515696829064549,0.18728193111982475,50,0.158275225985157,0.20391428178856602,0.15648189968821713,0.20456066590588978
spec_brief_per_episode_no_breaks_epw1_fixed_high,brief,per_episode_no_breaks,1,fixed_high,authored,equal,substitution,3,-0.159503791672844,-0.1595356346530202,50,-0.19719601496220268,-0.1215287445515049,-0.20101939992296575,-0.11778968461903716
spec_brief_per_episode_no_breaks_epw1_fixed_high,brief,per_episode_no_breaks,1,fixed_high,authored,learning_first,free_choice,3,-0.06691170600220668,-0.0685504728742977,50,-0.09934038250694216,-0.038434594815929715,-0.10761184845602506,-0.03710370358077928
spec_brief_per_episode_no_breaks_epw1_fixed_high,brief,per_episode_no_breaks,1,fixed_high,authored,learning_first,scaffolding_nofade,3,0.010862309778054201,0.010380657140678429,50,0.004601886169459353,0.01934137237287196,0.0037347136450222324,0.020567882474557764
spec_brief_per_episode_no_breaks_epw1_fixed_high,brief,per_episode_no_breaks,1,fixed_high,authored,learning_first,scaffolding_rapid,3,0.08995254790026148,0.09061734265447649,50,0.06812990323398292,0.11492668042305416,0.06594890567643179,0.11605740575793765
spec_brief_per_episode_no_breaks_epw1_fixed_high,brief,per_episode_no_breaks,1,fixed_high,authored,learning_first,substitution,3,-0.16292699416420844,-0.1661677942721284,50,-0.21727103537112064,-0.11107373573454499,-0.22176218855586197,-0.10512966085223596
spec_brief_per_episode_no_breaks_epw1_fixed_high,brief,per_episode_no_breaks,1,fixed_high,authored,autonomy_first,free_choice,3,-0.06848215419070795,-0.06917302169149034,50,-0.08818934030276325,-0.050840997194428375,-0.08933464004367128,-0.048152753027995335
spec_brief_per_episode_no_breaks_epw1_fixed_high,brief,per_episode_no_breaks,1,fixed_high,authored,autonomy_first,scaffolding_nofade,3,0.010082613694176784,0.010293834616662209,50,0.004794043913204865,0.016558407820576836,0.004411605786103961,0.017938674826179914
spec_brief_per_episode_no_breaks_epw1_fixed_high,brief,per_episode_no_breaks,1,fixed_high,authored,autonomy_first,scaffolding_rapid,3,0.29678068317623746,0.3024374582379903,50,0.2591655908697745,0.3229439223972323,0.25729629574194746,0.3258507371187835
spec_brief_per_episode_no_breaks_epw1_fixed_high,brief,per_episode_no_breaks,1,fixed_high,authored,autonomy_first,substitution,3,-0.1687747039396305,-0.16990595051451657,50,-0.1927310484277295,-0.1400737835262488,-0.19469289302131584,-0.13926131020637272
spec_brief_per_episode_no_breaks_epw5_drawn,brief,per_episode_no_breaks,5,drawn,authored,equal,free_choice,3,-0.0660375704033184,-0.06558360137169611,50,-0.08880111058149383,-0.04217790316799001,-0.08953925205960457,-0.036180981567274076
spec_brief_per_episode_no_breaks_epw5_drawn,brief,per_episode_no_breaks,5,drawn,authored,equal,scaffolding_nofade,3,0.009770281339398047,0.008388125209590955,50,0.00412077563603868,0.018448904018727997,0.003963704256734117,0.020912703323571424
spec_brief_per_episode_no_breaks_epw5_drawn,brief,per_episode_no_breaks,5,drawn,authored,equal,scaffolding_rapid,3,0.23417046454417847,0.2364806357844107,50,0.21224720602906533,0.2490527967340965,0.20724049817935963,0.25389281531671903
spec_brief_per_episode_no_breaks_epw5_drawn,brief,per_episode_no_breaks,5,drawn,authored,equal,substitution,3,-0.12907331150775492,-0.12588514146318175,50,-0.1624894981716995,-0.08773284890779907,-0.16607719160485773,-0.07814622182532947
spec_brief_per_episode_no_breaks_epw5_drawn,brief,per_episode_no_breaks,5,drawn,authored,learning_first,free_choice,3,-0.07463289719369054,-0.07448242229125779,50,-0.1027118644270216,-0.0423441639571777,-0.10385120046048049,-0.0365089254080062
spec_brief_per_episode_no_breaks_epw5_drawn,brief,per_episode_no_breaks,5,drawn,authored,learning_first,scaffolding_nofade,3,0.013377664209881355,0.011476150996738772,50,0.005709272358285907,0.024740605931313935,0.005097415861629944,0.028236685158894704
spec_brief_per_episode_no_breaks_epw5_drawn,brief,per_episode_no_breaks,5,drawn,authored,learning_first,scaffolding_rapid,3,0.11306513336543704,0.11263511431483737,50,0.0966194220021786,0.13569916617501235,0.09394215439795542,0.1389577389715498
spec_brief_per_episode_no_breaks_epw5_drawn,brief,per_episode_no_breaks,5,drawn,authored,learning_first,substitution,3,-0.1492108926414465,-0.14566751812995643,50,-0.18997676566131722,-0.09079929747470963,-0.19066581200508867,-0.08488984171812819
spec_brief_per_episode_no_breaks_epw5_drawn,brief,per_episode_no_breaks,5,drawn,authored,autonomy_first,free_choice,3,-0.06040557210780908,-0.06083671683235085,50,-0.07777372881973289,-0.03925534689808652,-0.07801906469044606,-0.03569369364444989
spec_brief_per_episode_no_breaks_epw5_drawn,brief,per_episode_no_breaks,5,drawn,authored,autonomy_first,scaffolding_nofade,3,0.010179565162356715,0.009159810832329987,50,0.004285413596762783,0.01779257983526688,0.004047538532250647,0.020448762281367945
spec_brief_per_episode_no_breaks_epw5_drawn,brief,per_episode_no_breaks,5,drawn,authored,autonomy_first,scaffolding_rapid,3,0.3740146573376832,0.379307294222537,50,0.3400070738325004,0.39849416901121887,0.3281908512453146,0.40284446326381695
spec_brief_per_episode_no_breaks_epw5_drawn,brief,per_episode_no_breaks,5,drawn,authored,autonomy_first,substitution,3,-0.11697902035939059,-0.1169452639676463,50,-0.1398809341152258,-0.08705708101077618,-0.14706554124017746,-0.07926557726241308
spec_brief_per_episode_no_breaks_epw5_fixed_low,brief,per_episode_no_breaks,5,fixed_low,authored,equal,free_choice,3,-0.06344505332266408,-0.06331924940384928,50,-0.08574191109579177,-0.04401602919712362,-0.09116567418627944,-0.041443692467324246
spec_brief_per_episode_no_breaks_epw5_fixed_low,brief,per_episode_no_breaks,5,fixed_low,authored,equal,scaffolding_nofade,3,0.010618306922436552,0.010139332105465164,50,0.00392894306637423,0.020051834323342475,0.0038674367588250277,0.021461931066190633
spec_brief_per_episode_no_breaks_epw5_fixed_low,brief,per_episode_no_breaks,5,fixed_low,authored,equal,scaffolding_rapid,3,0.23858136649339698,0.24148703889298956,50,0.21615561331028266,0.2573825603444183,0.21425329137061083,0.26062098249819415
spec_brief_per_episode_no_breaks_epw5_fixed_low,brief,per_episode_no_breaks,5,fixed_low,authored,equal,substitution,3,-0.12218101309273788,-0.12154953543971769,50,-0.15500832631352254,-0.08747687066081711,-0.16118855103620802,-0.08518860611591528
spec_brief_per_episode_no_breaks_epw5_fixed_low,brief,per_episode_no_breaks,5,fixed_low,authored,learning_first,free_choice,3,-0.07076041879680439,-0.07171803698030188,50,-0.09638922388342903,-0.04506908704651709,-0.1004477311667441,-0.04340321157673843
spec_brief_per_episode_no_breaks_epw5_fixed_low,brief,per_episode_no_breaks,5,fixed_low,authored,learning_first,scaffolding_nofade,3,0.014504475536038598,0.013807240010356079,50,0.0057968328642429194,0.026848314633093773,0.0056260947921360546,0.029167418440110476
spec_brief_per_episode_no_breaks_epw5_fixed_low,brief,per_episode_no_breaks,5,fixed_low,authored,learning_first,scaffolding_rapid,3,0.12077681839209492,0.12375455386146689,50,0.09816888124163442,0.13992610714219614,0.09579595996902275,0.14351223954762593
spec_brief_per_episode_no_breaks_epw5_fixed_low,brief,per_episode_no_breaks,5,fixed_low,authored,learning_first,substitution,3,-0.13923788321398992,-0.13877303056759976,50,-0.17474415646227381,-0.0982332809401663,-0.18115062056537706,-0.0922954876739442
spec_brief_per_episode_no_breaks_epw5_fixed_low,brief,per_episode_no_breaks,5,fixed_low,authored,autonomy_first,free_choice,3,-0.0567233818357076,-0.05925932924742844,50,-0.07184852963353978,-0.04107344682051221,-0.07521490753710902,-0.04000955488664887
spec_brief_per_episode_no_breaks_epw5_fixed_low,brief,per_episode_no_breaks,5,fixed_low,authored,autonomy_first,scaffolding_nofade,3,0.010922418167854941,0.010522549769464033,50,0.004013931241903352,0.020022705784045653,0.0038673323195848497,0.02227673947245016
spec_brief_per_episode_no_breaks_epw5_fixed_low,brief,per_episode_no_breaks,5,fixed_low,authored,autonomy_first,scaffolding_rapid,3,0.377494964285953,0.38213777764133183,50,0.33724510400720903,0.40217619692161577,0.3326352633635961,0.40318746802023303
spec_brief_per_episode_no_breaks_epw5_fixed_low,brief,per_episode_no_breaks,5,fixed_low,authored,autonomy_first,substitution,3,-0.10844937470657708,-0.10957410618232757,50,-0.1296229833627445,-0.08073928623937016,-0.13461040019179812,-0.07873554078861277
spec_brief_per_episode_no_breaks_epw5_fixed_high,brief,per_episode_no_breaks,5,fixed_high,authored,equal,free_choice,3,-0.058974974494461326,-0.05623094940307852,50,-0.10052339465066502,-0.030475686119480015,-0.1036206862857977,-0.029258658133115838
spec_brief_per_episode_no_breaks_epw5_fixed_high,brief,per_episode_no_breaks,5,fixed_high,authored,equal,scaffolding_nofade,3,0.0076115227117533844,0.006632901760958093,50,0.0022971494192259444,0.016703487270377876,0.001979370735680669,0.01759037060753673
spec_brief_per_episode_no_breaks_epw5_fixed_high,brief,per_episode_no_breaks,5,fixed_high,authored,equal,scaffolding_rapid,3,0.2356542449825481,0.23716398123794896,50,0.2154519833204004,0.251599437131881,0.21258194908605316,0.2540313732407417
spec_brief_per_episode_no_breaks_epw5_fixed_high,brief,per_episode_no_breaks,5,fixed_high,authored,equal,substitution,3,-0.11664273463857247,-0.11883441695924085,50,-0.17448490836226255,-0.06639000516518728,-0.18642221910502113,-0.0651813291612496
spec_brief_per_episode_no_breaks_epw5_fixed_high,brief,per_episode_no_breaks,5,fixed_high,authored,learning_first,free_choice,3,-0.06624864856787485,-0.06271690012113348,50,-0.1147169339157964,-0.031159194970960313,-0.11881029031125202,-0.028998383119850972
spec_brief_per_episode_no_breaks_epw5_fixed_high,brief,per_episode_no_breaks,5,fixed_high,authored,learning_first,scaffolding_nofade,3,0.010391451496940832,0.009379502199795171,50,0.003286807781141977,0.022340091614791394,0.0028690662100584697,0.023795712702506064
spec_brief_per_episode_no_breaks_epw5_fixed_high,brief,per_episode_no_breaks,5,fixed_high,authored,learning_first,scaffolding_rapid,3,0.10656011393633577,0.10546909845236976,50,0.09140398536636057,0.12317181648134165,0.09061442723864131,0.13090519255860134
spec_brief_per_episode_no_breaks_epw5_fixed_high,brief,per_episode_no_breaks,5,fixed_high,authored,learning_first,substitution,3,-0.13458005159666098,-0.13595952350935678,50,-0.20355428346461046,-0.07465800150953573,-0.21805544263964974,-0.07260697663724296
spec_brief_per_episode_no_breaks_epw5_fixed_high,brief,per_episode_no_breaks,5,fixed_high,authored,autonomy_first,free_choice,3,-0.054808763492397466,-0.054070544398549844,50,-0.08767708295435146,-0.028337801402951494,-0.09168179071766472,-0.027466201117181493
spec_brief_per_episode_no_breaks_epw5_fixed_high,brief,per_episode_no_breaks,5,fixed_high,authored,autonomy_first,scaffolding_nofade,3,0.007887143222970518,0.006947768694887243,50,0.0024506263862735236,0.017324396603507524,0.002001973125677244,0.018457324325580268
spec_brief_per_episode_no_breaks_epw5_fixed_high,brief,per_episode_no_breaks,5,fixed_high,authored,autonomy_first,scaffolding_rapid,3,0.379416788991054,0.3844485426437488,50,0.35024874725187927,0.400571122366008,0.34325325119519556,0.402817297672229
spec_brief_per_episode_no_breaks_epw5_fixed_high,brief,per_episode_no_breaks,5,fixed_high,authored,autonomy_first,substitution,3,-0.10751254671450468,-0.11064410061502225,50,-0.14961972563259235,-0.0629373746909697,-0.15474907791688608,-0.058395942706339965
