level,key,metric,contrast,estimate,se,ci_low,ci_high,n_units,p,q_fdr
parcel,1,auc,S-T,-0.2079807077809517,0.27826027773291423,-0.7723441876254702,0.3190734659868882,30,0.45480267940901153,0.5314150100202666
parcel,1,auc,U-T,1.0434007025091958,0.25239597320646734,0.5391402622762368,1.5410322154329341,30,3.565296124061346e-05,7.952333362218616e-05
parcel,1,auc,S-U,-1.2513814102901475,0.19882500956819849,-1.6570837288523306,-0.8625559355511345,30,3.096206058948329e-10,1.0645980718446977e-09
parcel,10,auc,S-T,-0.042780599270945845,0.2645913408116067,-0.5787090800001906,0.4619125149832012,30,0.8715534758842668,0.90083046603025
parcel,10,auc,U-T,1.5732400595324987,0.26976676107714587,1.0417398466819956,2.065160066499168,30,5.481524386560826e-09,1.712976370800258e-08
parcel,10,auc,S-U,-1.6160206588034445,0.22061718275148376,-2.051395637157036,-1.2133470296356788,30,2.3890036839021095e-13,1.1242370277186397e-12
parcel,100,auc,S-T,-1.7747772209107275,0.27650831742063825,-2.334126511432731,-1.223651423829452,30,1.3759554608452038e-10,4.914126645875728e-10
parcel,100,auc,U-T,0.46048820056084194,0.1936365935311661,0.08326778344231572,0.8398218258682865,30,0.0174018578872005,0.027190402948750785
parcel,100,auc,S-U,-2.2352654214715697,0.20734251751390215,-2.6584215869748236,-1.8518350815504345,30,4.253562475550746e-27,1.2449451147953404e-25
parcel,101,auc,S-T,-2.9232566709953156,0.30171791890213945,-3.500108112217157,-2.3464939756857186,30,3.3676320512100256e-22,4.08197824389094e-21
parcel,101,auc,U-T,0.25713052758228827,0.2126903477908066,-0.1568624668708419,0.6594696424230136,30,0.22668470771321658,0.2876175630167478
parcel,101,auc,S-U,-3.1803871985776038,0.26480788152153223,-3.724878504170855,-2.6812630779399598,30,3.142053254001612e-33,3.4276944589108488e-31
parcel,102,auc,S-T,-1.3201121459529843,0.1964565041985501,-1.7242495146229926,-0.9447592922672918,30,1.82204867595518e-11,7.00787952290454e-11
parcel,102,auc,U-T,0.6537859244955484,0.1746376049145286,0.2959238310931596,0.9794070160199768,30,0.00018135030627749768,0.00037456173413596766
parcel,102,auc,S-U,-1.9738980704485327,0.14825813202136007,-2.2679222085634594,-1.6911199332071283,30,1.9211049645796243e-40,7.684419858318497e-38
parcel,103,auc,S-T,-1.8580342627336421,0.26416035022827805,-2.3952289927261945,-1.336559445517888,30,2.010748848087389e-12,8.496121893326997e-12
parcel,103,auc,U-T,0.13410463325000335,0.21678670035831107,-0.26660122867356406,0.5588393533491771,30,0.5361787455886452,0.607567983669853
parcel,103,auc,S-U,-1.9921388959836455,0.21793413108846996,-2.4342346005683435,-1.5816794014941082,30,6.186958236071874e-20,5.582217957358082e-19
parcel,104,auc,S-T,-1.5687486918669076,0.19918226308712506,-1.9777778360360634,-1.1906716440758995,30,3.3817504687629502e-15,1.989264981625265e-14
parcel,104,auc,U-T,0.8785514509794403,0.16620706904396768,0.5415535605619849,1.1949115826796128,30,1.2509847746124622e-07,3.507433947511576e-07
parcel,104,auc,S-U,-2.447300142846348,0.14888999155997915,-2.7492125866440307,-2.1742233752177325,30,1.0399183780756523e-60,1.2479020536907827e-57
parcel,105,auc,S-T,-4.656464707714044,0.4431224265334213,-5.559321760232307,-3.815015702712878,30,7.910414868347193e-26,1.8254803542339678e-24
parcel,105,auc,U-T,-0.7794016433010575,0.4106187821265199,-1.5707179349632796,0.04805379817440293,30,0.05768094306358574,0.08309379552977537
parcel,105,auc,S-U,-3.8770630644129866,0.3912490797759389,-4.6513042199829036,-3.108965222614474,30,3.787264950089166e-23,5.223813724260918e-22
parcel,106,auc,S-T,-2.95003378159194,0.4967441889519995,-3.922844822750799,-1.949794555400555,30,2.872237826667901e-09,9.118215322755242e-09
parcel,106,auc,U-T,0.05801633597369138,0.3949118394220853,-0.7165205103265329,0.8489348790203939,30,0.8832033832149966,0.9097373904360481
parcel,106,auc,S-U,-3.0080501175656313,0.3913074425854621,-3.7758461804666856,-2.2728843743294362,30,1.504153400925775e-14,8.167348783307376e-14
parcel,107,auc,S-T,-2.141559655834829,0.3911676935129131,-2.9122594139780866,-1.339887259630437,30,4.380391043026924e-08,1.2696785631962098e-07
parcel,107,auc,U-T,0.3773374945323237,0.2875802823640794,-0.17230794122897242,0.9603984777522327,30,0.18948240036543684,0.24712844229998754
parcel,107,auc,S-U,-2.518897150367153,0.29300353158167114,-3.102803758835883,-1.9785531706754118,30,8.195896164168627e-18,6.033788587118008e-17
parcel,108,auc,S-T,-1.5719518936391415,0.3135607772403447,-2.184070166235039,-0.9500517416026569,30,5.352421047424506e-07,1.4178598801124518e-06
parcel,108,auc,U-T,0.4574345336532022,0.22171156049630078,0.010848886188418748,0.8847422379978948,30,0.0390939548263139,0.057845555846580375
parcel,108,auc,S-U,-2.0293864272923434,0.2166919761816666,-2.461816832891476,-1.6232886925390497,30,7.583102622358369e-21,7.711629785449189e-20
parcel,109,auc,S-T,-2.6906497609535713,0.4618101646031758,-3.596307149954595,-1.8045692090325847,30,5.66658864816816e-09,1.766209448779686e-08
parcel,109,auc,U-T,0.35080867096484813,0.3533079574050221,-0.34487212379301435,1.0293307621751482,30,0.3207459987627428,0.3919503039870584
parcel,109,auc,S-U,-3.0414584319184197,0.32481207168969256,-3.6854829993298774,-2.438841370336711,30,7.695713227726386e-21,7.76038308678291e-20
parcel,11,auc,S-T,-1.15638899496263,0.4053132391346957,-1.9723735701094434,-0.41087482695770156,30,0.0043298426459126545,0.0074332062590775185
parcel,11,auc,U-T,1.5088161591175322,0.35269451757060327,0.816272350604552,2.151774300783535,30,1.8860640748198303e-05,4.319230705694268e-05
parcel,11,auc,S-U,-2.6652051540801622,0.30832348764328654,-3.272682720521735,-2.091304394527574,30,5.4190867357820454e-18,4.0898767817222987e-17
parcel,110,auc,S-T,-2.928097843082502,0.3794149996523322,-3.6759212599783844,-2.1776113868759506,30,1.1872532188172759e-14,6.565455587929636e-14
parcel,110,auc,U-T,-0.1707696799627266,0.31096490159062184,-0.7735083758450296,0.4730615532304133,30,0.5828952228613732,0.6482616009579684
parcel,110,auc,S-U,-2.7573281631197757,0.2954313329237455,-3.3380952545443265,-2.197106585258728,30,1.0269403930919839e-20,1.0269403930919839e-19
parcel,111,auc,S-T,-2.056601393219838,0.3743566689735368,-2.804141919224321,-1.3299328800391415,30,3.936098472329342e-08,1.1436605730739007e-07
parcel,111,auc,U-T,0.37324074544368246,0.28577191880051117,-0.21173252264665723,0.9274309866387689,30,0.19152564180694243,0.24819737599171804
parcel,111,auc,S-U,-2.4298421386635205,0.2681297246442366,-2.955006387808001,-1.9143496354565095,30,1.2785886268358757e-19,1.1199316439438328e-18
parcel,112,auc,S-T,-1.621643745868169,0.40512561425006793,-2.4209518329266215,-0.8363425342820044,30,6.25926846133087e-05,0.00013582499373593208
parcel,112,auc,U-T,0.5029917360295001,0.3373034386932659,-0.16798950263902954,1.1589208186180182,30,0.13590522114470371,0.18221929092027314
parcel,112,auc,S-U,-2.124635481897669,0.2827046805475369,-2.6604691626436296,-1.5848783590970241,30,5.6742214270262924e-14,2.9098571420647654e-13
parcel,113,auc,S-T,-3.0757669842146225,0.40963293946141593,-3.899317470812011,-2.2780353069377193,30,5.976626314004254e-14,3.038962532544536e-13
parcel,113,auc,U-T,-0.020926012597649788,0.3203435380409531,-0.6649868635698215,0.5808469117772962,30,0.9479163040324587,0.9607259838166811
parcel,113,auc,S-U,-3.0548409716169727,0.30316944834292414,-3.645168846868948,-2.4863537741353436,30,7.028999185935908e-24,1.1246398697497453e-22
parcel,114,auc,S-T,-0.1315266008986231,0.06982236193849078,-0.26192061726229127,0.013887958173307282,30,0.05960126782198805,0.08575721988775259
parcel,114,auc,U-T,0.15329643629524564,0.07616776052393265,0.013856166071005626,0.30855774148611365,30,0.0441550662236776,0.06485444243379819
parcel,114,auc,S-U,-0.28482303719386876,0.062228465863525796,-0.4071558730554943,-0.16111230647378788,30,4.715701763853425e-06,1.1295094045157903e-05
parcel,115,auc,S-T,-1.4154183733390606,0.19511075987500967,-1.7944452207974446,-1.0243202651460874,30,4.0334117605089545e-13,1.868762205641214e-12
parcel,115,auc,U-T,-0.1465368594055795,0.19874998789291282,-0.5214678918744944,0.24442072985281,30,0.4609445412364278,0.537022766489042
parcel,115,auc,S-U,-1.268881513933481,0.1888548952427938,-1.6471524063324328,-0.9009838261541024,30,1.8320559642828444e-11,7.023856732074802e-11
parcel,116,auc,S-T,-0.11204847134505364,0.09222604640972829,-0.2898350236582648,0.07200063452063482,30,0.22439162932519585,0.28524359659982523
parcel,116,auc,U-T,-0.009177541118661559,0.0994772561039388,-0.1967820009479045,0.1918869602022856,30,0.926493309325696,0.9429957346826421
parcel,116,auc,S-U,-0.10287093022639207,0.08309480161909782,-0.2579375400661037,0.0739956488821763,30,0.21571799825679505,0.27567795304382753
parcel,117,auc,S-T,0.028791750056611037,0.05567640962368035,-0.0778933433805806,0.14088482680323455,30,0.6050678155414626,0.6704352526775209
parcel,117,auc,U-T,0.321598803635774,0.06713707029918764,0.19377575359104715,0.4560443598622597,30,1.6662988329740502e-06,4.209597051723916e-06
parcel,117,auc,S-U,-0.2928070535791629,0.05067342266514154,-0.39134374734526084,-0.19562729414013577,30,7.545195718617597e-09,2.333565686170391e-08
parcel,118,auc,S-T,0.3593695365403875,0.2241712171622375,-0.06525284742997274,0.8163274853375279,30,0.10891192978527613,0.1493649322769501
parcel,118,auc,U-T,0.5353670788382418,0.21695978320328826,0.1427905426920945,1.0074516889895833,30,0.013602726972803961,0.021557046973586666
parcel,118,auc,S-U,-0.17599754229785425,0.15602240933292347,-0.4769007101288205,0.1312050346909757,30,0.2593083759202146,0.32549168525549954
parcel,119,auc,S-T,0.20818108844691552,0.19970375276258492,-0.18836685632538464,0.605372632444157,30,0.2972033010244879,0.3691966472353887
parcel,119,auc,U-T,-0.1488322070193109,0.1998485971318777,-0.5187840627376141,0.24626090990398194,30,0.4564381021327044,0.5328071231121063
parcel,119,auc,S-U,0.3570132954662264,0.1771977263217549,0.000578746396811148,0.7037606692621088,30,0.043928379664102186,0.06460055832956205
parcel,12,auc,S-T,-0.7302456803918238,0.3518081503322257,-1.4316423465482555,-0.033554402704625924,30,0.03792236287554094,0.05627865490236083
parcel,12,auc,U-T,0.09024433106792627,0.36103967141496107,-0.6133221792258055,0.8101850721890452,30,0.8026207352457486,0.8448639318376302
parcel,12,auc,S-U,-0.8204900114597501,0.23670214779080753,-1.293301156591142,-0.36265336922742275,30,0.0005275965687136761,0.0010395991501747311
parcel,120,auc,S-T,-0.8376265307943964,0.16608169260643674,-1.1649484865283266,-0.5211826340232479,30,4.571861099230776e-07,1.2191629597948736e-06
parcel,120,auc,U-T,-0.211672878542784,0.14965467539763094,-0.4902476770681577,0.08218670968877398,30,0.15724192993190064,0.20780871797167486
parcel,120,auc,S-U,-0.6259536522516125,0.12275664786300063,-0.8787257287755581,-0.3980625951847301,30,3.4119544766652e-07,9.159609333329397e-07
parcel,121,auc,S-T,0.01772941619399366,0.15596190714241473,-0.29167934357736597,0.31371047649114403,30,0.9094931621204148,0.9312216677000834
parcel,121,auc,U-T,0.3423394950497302,0.1446836207844797,0.07401099879889406,0.6254581042651574,30,0.017975386661143417,0.02801358960178195
parcel,121,auc,S-U,-0.32461007885573656,0.12837726784705109,-0.5811315113921444,-0.08817813520300646,30,0.01145303534071175,0.018431510697868105
parcel,122,auc,S-T,0.036540037296305075,0.1117339337927484,-0.17899212801423559,0.27020142376167955,30,0.7436473006140416,0.7939295024349199
parcel,122,auc,U-T,0.03152929239025803,0.11640090187161499,-0.18828074449886,0.27154418016920545,30,0.7864924722979671,0.8329401971010281
parcel,122,auc,S-U,0.005010744906047047,0.10716756095726401,-0.20819524322173785,0.22327547022593372,30,0.9627075605315967,0.9732511142695165
parcel,123,auc,S-T,-0.05850298665762284,0.17085286237480615,-0.39805227545551874,0.26554412150260576,30,0.7320368233332406,0.7843251678570435
parcel,123,auc,U-T,0.40535309612703874,0.1525363923833325,0.11025105086442559,0.7129764114268666,30,0.007874152715811874,0.012961568256480451
parcel,123,auc,S-U,-0.46385608278466156,0.105989900278276,-0.6806849037176583,-0.26218403320399974,30,1.2064567722524468e-05,2.7894954271732876e-05
parcel,124,auc,S-T,2.401941770347218,0.31104802143682647,1.7823822340489133,3.0146434023724784,30,1.1443478493391092e-14,6.387057763753167e-14
parcel,124,auc,U-T,0.15185121235753138,0.3419650956390023,-0.4974771713442612,0.8577915720679894,30,0.6570030275089893,0.7165812457883323
parcel,124,auc,S-U,2.2500905579896866,0.3008384765763214,1.6335962642185557,2.8520657145666775,30,7.46641036146707e-14,3.748825286092253e-13
parcel,125,auc,S-T,0.8154920832312209,0.24684267973363924,0.31625493477203354,1.301367769319649,30,0.0009542074559801102,0.0018003914263775664
parcel,125,auc,U-T,0.31427731859358665,0.23962232177106477,-0.13243467327445602,0.7922009410245406,30,0.18967107946524042,0.24712844229998754
parcel,125,auc,S-U,0.5012147646376343,0.1701232605334499,0.16863750616681367,0.8326845177840518,30,0.0032171890107170887,0.005635951551621177
parcel,126,auc,S-T,0.8617974630386991,0.127911657486597,0.6172947318795317,1.1195892301869654,30,1.6119847625024903e-11,6.239941016138672e-11
parcel,126,auc,U-T,0.8973204679738298,0.11545397815135557,0.6616900715245403,1.1210156113081133,30,7.71922747847278e-15,4.3488605512522714e-14
parcel,126,auc,S-U,-0.03552300493513072,0.10431021312901066,-0.23693760507181957,0.1763802882444428,30,0.7334412074984729,0.7851288572686596
parcel,127,auc,S-T,-5.493019912164079,0.5266911944319813,-6.484938566918909,-4.3976976343799,30,1.8222781028092961e-25,3.904881648877063e-24
parcel,127,auc,U-T,-0.09251469048349319,0.47170375427316863,-1.0047582704212132,0.8888520842184156,30,0.8445093561831526,0.8774735007787715
parcel,127,auc,S-U,-5.400505221680586,0.44405748945821455,-6.289590740709775,-4.550819398519366,30,4.969782620275655e-34,5.963739144330786e-32
parcel,128,auc,S-T,-5.635404518593687,0.6979389423453994,-7.055921194346422,-4.275312846387224,30,6.783606410159361e-16,4.238355963552486e-15
parcel,128,auc,U-T,-1.0324956354974653,0.6158213996930846,-2.190088506873595,0.2103664662845661,30,0.0936177155646645,0.1298742874885519
parcel,128,auc,S-U,-4.602908883096222,0.5545671889212519,-5.741731426046854,-3.5647468939113764,30,1.0410947489173397e-16,6.979406137993339e-16
parcel,129,auc,S-T,-2.327635501552788,0.6499809921313017,-3.5607412484824685,-0.9943258328007912,30,0.0003421736885368714,0.0006900981953684801
parcel,129,auc,U-T,-0.4181866377327848,0.6630466084050873,-1.6565700855832841,1.0142750510978127,30,0.5282336002392827,0.5996975594012669
parcel,129,auc,S-U,-1.9094488638200033,0.4748039138484555,-2.84130930218295,-0.9218395512413124,30,5.781581969413844e-05,0.0001259146708402289
parcel,13,auc,S-T,0.3996871575494519,0.24583245030474138,-0.06755197357341418,0.8764474637451587,30,0.10398116354898872,0.1427658996095955
parcel,13,auc,U-T,1.6496658734832492,0.25165396945409296,1.1569203934630794,2.1273324372000393,30,5.5532186171906565e-11,2.0631152757364667e-10
parcel,13,auc,S-U,-1.2499787159337974,0.23264164240388222,-1.703468836147973,-0.777878627114732,30,7.74462467009071e-08,2.2074939677218173e-07
parcel,130,auc,S-T,-3.4993824586280855,0.49853047982584137,-4.445710300874381,-2.4485353898408726,30,2.228306754024843e-12,9.316962037734536e-12
parcel,130,auc,U-T,-0.4837818504539129,0.4804862875429597,-1.3989288738367847,0.5134034268604403,30,0.3140026296622127,0.3856736495339358
parcel,130,auc,S-U,-3.0156006081741724,0.3510228375391191,-3.7225146258243385,-2.331498670881564,30,8.62938933946529e-18,6.275919519611121e-17
parcel,131,auc,S-T,-4.822186093812343,0.574790424176958,-5.923337128479023,-3.643601832951945,30,4.883453662200366e-17,3.3108160421697396e-16
parcel,131,auc,U-T,-1.0155759229812165,0.5416479034439713,-2.0649898810924205,0.09159900509224643,30,0.060796253039038274,0.08726734885986355
parcel,131,auc,S-U,-3.8066101708311266,0.47147934699091,-4.766911005616717,-2.909534160374548,30,6.81668917471358e-16,4.238355963552486e-15
parcel,132,auc,S-T,-5.517161976493001,0.5449465689347911,-6.57374209375068,-4.4029556699003685,30,4.3138009172281295e-24,7.290931127709515e-23
parcel,132,auc,U-T,-1.176748650162467,0.5268710836469812,-2.216658828163336,-0.11512172548184602,30,0.025518230227262316,0.03890962677600353
parcel,132,auc,S-U,-4.340413326330534,0.4959801951926785,-5.338906465163372,-3.369752315332921,30,2.111281556531265e-18,1.689025245225012e-17
parcel,133,auc,S-T,-2.921969947146701,0.4277793298365428,-3.7123558016063343,-2.033869072200798,30,8.45871452540411e-12,3.383485810161644e-11
parcel,133,auc,U-T,-0.6478317847581715,0.47796202002539967,-1.5535529215317798,0.3042535008909534,30,0.17528877534408782,0.22938552934886083
parcel,133,auc,S-U,-2.2741381623885295,0.31824309411254087,-2.8898139593574768,-1.6221100022740422,30,8.939824090080541e-13,3.988025616392807e-12
parcel,134,auc,S-T,-2.2074552199580677,0.3033125451310932,-2.7580626375496102,-1.5769645991075936,30,3.392483452748718e-13,1.5778992803482408e-12
parcel,134,auc,U-T,-0.32990430103041063,0.2735910988553796,-0.8436194145620861,0.2268303928457263,30,0.22788312126794574,0.2887642508147148
parcel,134,auc,S-U,-1.8775509189276571,0.26067266233558106,-2.415024107170619,-1.3720979588930926,30,5.902522537027092e-13,2.6829647895577693e-12
parcel,135,auc,S-T,-2.7091031508733856,0.4224913141216195,-3.499091989493738,-1.854134731864022,30,1.434248099146263e-10,5.10711489310242e-10
parcel,135,auc,U-T,-1.1114642955563927,0.47890309648607404,-2.0270882591180577,-0.1314045764388938,30,0.020294710442140557,0.03142406778137893
parcel,135,auc,S-U,-1.597638855316993,0.3098315422513191,-2.190302931408407,-0.9707483648178675,30,2.516409636254901e-07,6.878568481790161e-07
parcel,136,auc,S-T,-3.835129124219001,0.45629087503959054,-4.776740550608287,-2.963462180558444,30,4.2782708574216745e-17,2.933671445089148e-16
parcel,136,auc,U-T,-1.035175964617933,0.4598833354811224,-1.9374397171656108,-0.14982248635488477,30,0.024388488052219805,0.037281765175367854
parcel,136,auc,S-U,-2.799953159601068,0.33270520984041335,-3.4585393484500098,-2.1474709483251924,30,3.9049630769479406e-17,2.7086449088656237e-16
parcel,137,auc,S-T,-3.3419774249448557,0.4250102050285009,-4.144849256206528,-2.458571152089046,30,3.741809169181456e-15,2.1796946616591004e-14
parcel,137,auc,U-T,-0.5227863430881273,0.3449808986320186,-1.182856474737814,0.20399197203484384,30,0.12966945790811585,0.17463900054965098
parcel,137,auc,S-U,-2.8191910818567285,0.32951934092327984,-3.502791954308471,-2.190130148949036,30,1.1739487157525044e-17,8.435559634149732e-17
parcel,138,auc,S-T,-0.9586198636585016,0.35605060254377846,-1.6030302789402464,-0.2232418018150637,30,0.007094624634762634,0.011791619891572245
parcel,138,auc,U-T,0.4602783646853634,0.3194854568424639,-0.11755722036140454,1.1308047011041862,30,0.14967328815632017,0.1989013796097278
parcel,138,auc,S-U,-1.418898228343865,0.29226701543580946,-1.986165939324207,-0.8486379300936998,30,1.2050763594719399e-06,3.07025824069284e-06
parcel,139,auc,S-T,-4.719452636518078,0.48648459188509124,-5.667974956006179,-3.7472039184293027,30,2.9816350377313105e-22,3.650981678854666e-21
parcel,139,auc,U-T,-1.0958854142156076,0.44643205588675544,-1.9570219852162654,-0.21103318287178152,30,0.014097704046870139,0.02225953270558443
parcel,139,auc,S-U,-3.62356722230247,0.38597327286888844,-4.4065406783430445,-2.878030249369839,30,6.107497858552835e-21,6.264100367746498e-20
parcel,14,auc,S-T,-1.732199725294685,0.3039172831928152,-2.3295003455766885,-1.1730884542226143,30,1.2010560482423742e-08,3.6487778680780984e-08
parcel,14,auc,U-T,0.13793157415615562,0.30125768934124947,-0.46595356270102234,0.7027189254299839,30,0.6470584434643301,0.7084581497784636
parcel,14,auc,S-U,-1.8701312994508406,0.2588470407649708,-2.3892289121835852,-1.3763939222434727,30,5.01651580761775e-13,2.297640827916527e-12
parcel,140,auc,S-T,-1.3871597589311429,0.45107064888242066,-2.2742412085562145,-0.5355949907895928,30,0.0021031875310331535,0.0037669030406563943
parcel,140,auc,U-T,-0.17293993941675317,0.5126384430760142,-1.1789743289229226,0.8478968349443562,30,0.7358510712535299,0.7870064933192833
parcel,140,auc,S-U,-1.2142198195143896,0.2718874585038829,-1.7554395082581666,-0.6653350379345555,30,7.97361112671369e-06,1.8615434537074763e-05
parcel,141,auc,S-T,-3.614533158029614,0.46199249062103753,-4.571750358027859,-2.7477863390435906,30,5.125546497223142e-15,2.942897510367354e-14
parcel,141,auc,U-T,-0.4646552837383979,0.46746232553054773,-1.397115648465129,0.45727882843632467,30,0.3202252293286497,0.3919362485418843
parcel,141,auc,S-U,-3.1498778742912164,0.3324125740265553,-3.7879943145634267,-2.4794289022119984,30,2.6470294190363934e-21,2.836102948967564e-20
parcel,142,auc,S-T,-3.0223123403160557,0.5454949053626605,-4.061578882872823,-1.909057016087084,30,3.0161613192478114e-08,8.871062703670034e-08
parcel,142,auc,U-T,-0.15784441232530652,0.5034770296609711,-1.104603229559548,0.9275397643722327,30,0.753894237206862,0.8034396844122863
parcel,142,auc,S-U,-2.864467927990749,0.4218945921959133,-3.7038547133057893,-2.0633339094138003,30,1.124958562265774e-11,4.4406259036806866e-11
parcel,143,auc,S-T,-0.21513963672459152,0.30969242361999055,-0.8110290575630875,0.3959980525123834,30,0.48725079660213655,0.5600583868990074
parcel,143,auc,U-T,0.46323931652534067,0.3157102481466423,-0.11867318622775488,1.1167619603745254,30,0.1422964710001714,0.1903631719065838
parcel,143,auc,S-U,-0.6783789532499322,0.25539734434719896,-1.1559583341876565,-0.16643507627756052,30,0.007903358780663767,0.01299182265314592
parcel,144,auc,S-T,-2.0510990314629662,0.4217603038120056,-2.864256305314675,-1.2203737385892073,30,1.155108929251795e-06,2.961817767312295e-06
parcel,144,auc,U-T,1.442213587269264,0.3317692299041926,0.7910029490985286,2.073971613708545,30,1.3798805915381667e-05,3.1843398266265385e-05
parcel,144,auc,S-U,-3.4933126187322303,0.3712031753845592,-4.2194764696055325,-2.7894448450211247,30,4.92453454356454e-21,5.1610491126112644e-20
parcel,145,auc,S-T,-1.4660671733077477,0.5076145814269493,-2.4840314332335085,-0.46841885920719056,30,0.003875147348535629,0.006681288531957981
parcel,145,auc,U-T,1.1244591375729072,0.454920066872941,0.23480202516764087,2.0013708939926236,30,0.013444485612103122,0.021340453352544638
parcel,145,auc,S-U,-2.590526310880655,0.4255472731177006,-3.4146909636567764,-1.717160796461298,30,1.1467511657636506e-09,3.790912944673225e-09
parcel,146,auc,S-T,-3.013747103673624,0.4016593058304262,-3.7958878306300936,-2.195507736745605,30,6.225830335653832e-14,3.1523191572930797e-13
parcel,146,auc,U-T,-0.36607729720183213,0.3424792917410527,-1.0349257455536214,0.3320326320151987,30,0.2851131763010857,0.35454488244694593
parcel,146,auc,S-U,-2.6476698064717916,0.2891890240319591,-3.224272194240683,-2.1090037681581304,30,5.41071853520584e-20,4.994509417113083e-19
parcel,147,auc,S-T,-0.5996367821629083,0.2990701175455983,-1.1564605018311387,-0.022374221275142263,30,0.044962619340652446,0.0658792957372197
parcel,147,auc,U-T,1.0122257603062097,0.21560493851413284,0.6108890443469953,1.4539375450285117,30,2.6684532316118214e-06,6.6434520289090985e-06
parcel,147,auc,S-U,-1.611862542469118,0.2297361749770752,-2.069744461601009,-1.1897777588976053,30,2.2807175291100765e-12,9.472263562361397e-12
parcel,148,auc,S-T,-1.3920812981033113,0.5182970737649661,-2.4047655863070534,-0.3606835105703084,30,0.007234008605742832,0.011973531485367447
parcel,148,auc,U-T,-0.4878350776513091,0.55933446529704,-1.5724786960534693,0.6827040747429263,30,0.3831153143243977,0.4579067501885231
parcel,148,auc,S-U,-0.9042462204520021,0.35627254415838977,-1.5794029856570868,-0.14651593780822503,30,0.011146428838207613,0.018026569549661906
parcel,149,auc,S-T,3.156783224662182,0.3451906977730774,2.4611023126691043,3.8369198004624523,30,5.960702394014742e-20,5.41882035819522e-19
parcel,149,auc,U-T,0.3016592352390816,0.37106606055500063,-0.38400998626248467,1.0599032178948642,30,0.41624505494648434,0.49211238023229675
parcel,149,auc,S-U,2.8551239894231006,0.3617018504681194,2.130239689071961,3.569337649106837,30,2.936294509859069e-15,1.7443333721935065e-14
parcel,15,auc,S-T,-0.9586052398390175,0.47785270628379756,-1.9159538972074819,-0.03830702945643781,30,0.04484894498320679,0.06579307332499773
parcel,15,auc,U-T,0.46063888557479976,0.41695094879310624,-0.33532212728942795,1.2751062750622033,30,0.2692551196109886,0.33656889951373575
parcel,15,auc,S-U,-1.4192441254138173,0.3048107990298481,-2.0237773440807114,-0.8245354882441741,30,3.2218071669539075e-06,7.890140000703448e-06
parcel,150,auc,S-T,1.1122679435265734,0.19425050150240464,0.7401978402123466,1.4874862989219833,30,1.0285874610501385e-08,3.148737125663689e-08
parcel,150,auc,U-T,0.12186509240355865,0.21551714034086886,-0.28886249205115194,0.5680467585606336,30,0.5717648041213502,0.6380117902435045
parcel,150,auc,S-U,0.9904028511230147,0.19550470734029085,0.5936672051552804,1.3843625847863619,30,4.0652380299755493e-07,1.0864778699266502e-06
parcel,151,auc,S-T,-1.0180381046137779,0.19433692781754675,-1.370065135465732,-0.6140062277695261,30,1.6186843730867985e-07,4.506777836900599e-07
parcel,151,auc,U-T,-0.5624580740387085,0.22012970609197474,-0.9738096753856139,-0.09368800455383676,30,0.010615083596939951,0.017262587354758795
parcel,151,auc,S-U,-0.45558003057506935,0.16855191007937195,-0.7746393918935761,-0.10966830239130859,30,0.00687361065939557,0.01147195103098009
parcel,152,auc,S-T,3.8472331288674386,0.3644300953473535,3.1131554349448076,4.543728676982443,30,4.7225378329837277e-26,1.1334090799160945e-24
parcel,152,auc,U-T,1.7590543823731515,0.3773634488855331,1.0287694254536264,2.4980184118162025,30,3.1401550215029824e-06,7.705901893258852e-06
parcel,152,auc,S-U,2.088178746494287,0.30833624341334503,1.4361049374384718,2.648152789154215,30,1.2665661720447757e-11,4.983211168700757e-11
parcel,153,auc,S-T,1.0107748288669023,0.3414888579237059,0.3185080208431292,1.674726995401856,30,0.0030773318701972983,0.005414660182165335
parcel,153,auc,U-T,1.0821995063683518,0.38539295719711686,0.33297321645446637,1.8503957426477673,30,0.004984376744751555,0.008448096177545009
parcel,153,auc,S-U,-0.07142467750144954,0.2968228945106947,-0.6881559409988858,0.5093686656899754,30,0.8098414150972643,0.8490471864813263
parcel,154,auc,S-T,2.5088129672362616,0.4854377033973196,1.5745405696124497,3.4448891455959965,30,2.3642748107985673e-07,6.477465235064568e-07
parcel,154,auc,U-T,0.34856013032082295,0.5915723765828,-0.8251294324439389,1.493597801328099,30,0.5557206701809707,0.6255767394157269
parcel,154,auc,S-U,2.1602528369154386,0.4433921537542889,1.2191808775241022,3.0171122215989477,30,1.1041582546893033e-06,2.849440657262718e-06
parcel,155,auc,S-T,1.9720056699625015,0.5402823745361006,0.9053678618339264,2.975746107029444,30,0.0002622875479113719,0.0005352807100232079
parcel,155,auc,U-T,0.4616511680411505,0.6507114785737257,-0.8291750920416084,1.699054077275359,30,0.4780415418587721,0.5512300294838922
parcel,155,auc,S-U,1.5103545019213511,0.45817643579093814,0.5522114811935154,2.351657034248164,30,0.000979159621786562,0.0018387974118057504
parcel,156,auc,S-T,1.1961331736954393,0.4434924310031822,0.2776445387318882,2.0279394227290335,30,0.0069951122534425165,0.011642350491166463
parcel,156,auc,U-T,1.6390896995734503,0.5081370786130817,0.6223934027275012,2.6227005427219936,30,0.001256719786594317,0.002320098067558739
parcel,156,auc,S-U,-0.44295652587801104,0.320107194158797,-1.0859281863495027,0.17686986617295655,30,0.1664271753494122,0.21874327537710256
parcel,157,auc,S-T,0.2703974013470268,0.5417840216559086,-0.8476052201768665,1.2814283927086976,30,0.617718044267278,0.6813066664712625
parcel,157,auc,U-T,1.0784571548854531,0.6516775060884222,-0.2511052876209923,2.3387466066611395,30,0.09794601397760215,0.13502669738198508
parcel,157,auc,S-U,-0.8080597535384264,0.41962432865217625,-1.6459611804009078,0.02412129236601529,30,0.05414506430823926,0.07818781849565236
parcel,158,auc,S-T,1.0108183355651028,0.5211501269770284,-0.035337813256822725,1.9618186910312294,30,0.0524293595872089,0.07589292099475355
parcel,158,auc,U-T,0.6418340492352346,0.6321382911305741,-0.5881978400472373,1.880821861948637,30,0.30994472050566535,0.381843678239226
parcel,158,auc,S-U,0.36898428632986824,0.4295740336413781,-0.4987732405305131,1.1684982228184257,30,0.3903659570479372,0.4661086054303728
parcel,159,auc,S-T,0.31237435858587276,0.5579253363405541,-0.7854865360557478,1.3769548352142098,30,0.5755574752717973,0.6406947776680489
parcel,159,auc,U-T,0.7086469296707391,0.6312744929821958,-0.5661886514423102,1.9362779818718825,30,0.2616220996751375,0.32805278956130096
parcel,159,auc,S-U,-0.3962725710848663,0.3861413041382318,-1.165478306889672,0.326452522072692,30,0.3047797902619559,0.3766588551126128
parcel,16,auc,S-T,0.39202527497895256,0.30012127842007863,-0.19134432324812464,0.9723852061124975,30,0.19147678064248996,0.24819737599171804
parcel,16,auc,U-T,1.7072276668042539,0.3054043322285311,1.1162633805258009,2.3017270842489137,30,2.2699490844976554e-08,6.809847253492967e-08
parcel,16,auc,S-U,-1.3152023918253013,0.2592043473350286,-1.8242937400544839,-0.8138771211208341,30,3.895427409844458e-07,1.043418056208337e-06
parcel,160,auc,S-T,3.786038852267489,0.48211646361405525,2.8351715981024235,4.694911499117382,30,4.063477728370656e-15,2.3556392628235685e-14
parcel,160,auc,U-T,1.7518165069490863,0.5284128079764682,0.7218151974258842,2.791388649021933,30,0.0009156371248425387,0.0017358049760048129
parcel,160,auc,S-U,2.034222345318403,0.41828663287201734,1.189764101927337,2.7850847830062704,30,1.15487971890718e-06,2.961817767312295e-06
parcel,161,auc,S-T,-2.1679834205587873,0.5370816951364857,-3.1923270499593723,-1.1364916543241255,30,5.423165231596007e-05,0.00011875544302764979
parcel,161,auc,U-T,1.523801691662261,0.4740701878807883,0.5778440908917349,2.4595961125801877,30,0.0013076500455103455,0.0024030322428980314
parcel,161,auc,S-U,-3.6917851122210483,0.4404009623693856,-4.53873534254335,-2.810051337877704,30,5.169130737930329e-17,3.484807239054154e-16
parcel,162,auc,S-T,3.8763830939096944,0.5434544626711052,2.8445635010688264,4.950914981267945,30,9.830651233497042e-13,4.353055896751458e-12
parcel,162,auc,U-T,1.5708285144438745,0.5748231292550233,0.5000614040796258,2.73575045226399,30,0.006281441856220519,0.01054228003841206
parcel,162,auc,S-U,2.30555457946582,0.4169715244727003,1.4490999675688783,3.0982506589736585,30,3.215377967197439e-08,9.433871786398355e-08
parcel,163,auc,S-T,1.975436033940019,0.5639978730525966,0.8745885604105262,3.123582675428118,30,0.00046081107789212574,0.0009124971839448035
parcel,163,auc,U-T,0.5687845487213944,0.6363629725661061,-0.6564450231608956,1.869810399139451,30,0.37142611407800374,0.4457113368936045
parcel,163,auc,S-U,1.4066514852186245,0.44484271423599514,0.5195449275267373,2.289219282841019,30,0.001566184270360773,0.0028390047196872018
parcel,164,auc,S-T,0.5581909078742778,0.5751120734037221,-0.5031575231724846,1.7919152922070654,30,0.33175865465527576,0.40253830696292303
parcel,164,auc,U-T,1.4051975343857974,0.5499633162737282,0.4112098214857164,2.5710401994381216,30,0.010616491223176658,0.017262587354758795
parcel,164,auc,S-U,-0.8470066265115196,0.3552446996462494,-1.5294947607973821,-0.148126289748585,30,0.017112079837398438,0.02677248475212272
parcel,165,auc,S-T,-1.176846808751245,0.5536490696144725,-2.1802534870024655,0.017876775557199198,30,0.03353502230754752,0.05030253346132128
parcel,165,auc,U-T,-0.01156432557248421,0.5882167155293184,-1.0977894520367284,1.2319819946441146,30,0.9843146204002068,0.9859578835394391
parcel,165,auc,S-U,-1.1652824831787607,0.3836932458412518,-1.9019769301909686,-0.37753214463527907,30,0.0023893286274953413,0.004266658263384539
parcel,166,auc,S-T,0.6254594322060149,0.347841207687046,-0.08112509802744435,1.3082442263430885,30,0.07215835794641362,0.10223143982962969
parcel,166,auc,U-T,0.033956884963034194,0.3797677037915283,-0.7056446083654773,0.7929992862706853,30,0.9287521955866083,0.9439920788852783
parcel,166,auc,S-U,0.5915025472429807,0.2650216945065085,0.07503507762535408,1.1240037308427597,30,0.02562141643161553,0.03901738542885613
parcel,167,auc,S-T,-3.3650569922167968,0.29310430522872694,-3.919548819263015,-2.7769801564394414,30,1.64846024942339e-30,1.0411327891095095e-28
parcel,167,auc,U-T,-0.7098978181538886,0.2988418651064486,-1.2707217954359002,-0.11971320151175877,30,0.01752535645551177,0.027347760398717974
parcel,167,auc,S-U,-2.6551591740629084,0.2729150818804745,-3.2139482674209887,-2.1122914328589446,30,2.2707040565505823e-22,2.8383800706882275e-21
parcel,168,auc,S-T,1.2596585377677432,0.17942984398838852,0.9141047161396909,1.6194458332391166,30,2.2132874921101348e-12,9.28652094591665e-12
parcel,168,auc,U-T,1.1482479273463735,0.2010616657106919,0.7711301374175905,1.5775474682028012,30,1.123643045759932e-08,3.4222630835327874e-08
parcel,168,auc,S-U,0.11141061042136968,0.14213238747931461,-0.17748249588681456,0.3915426172940359,30,0.4331275594213573,0.5090627534824963
parcel,169,auc,S-T,0.2794175314865095,0.20602216865757766,-0.0851380188419079,0.7065488942020159,30,0.17501969188665467,0.2292834391528227
parcel,169,auc,U-T,0.6124913520307963,0.18449385037835614,0.2649286975055868,0.9717817988907099,30,0.0009006680122173661,0.0017101291371215811
parcel,169,auc,S-U,-0.3330738205442868,0.14223478913772997,-0.6079648656085109,-0.04544086704473559,30,0.019195192507189533,0.029837086798740208
parcel,17,auc,S-T,-2.747392251501457,0.40590723095740017,-3.5706739023164653,-1.9959982515427481,30,1.3010410111613582e-11,5.1021216123974825e-11
parcel,17,auc,U-T,0.3350449921482295,0.3783903100155411,-0.4376145485662474,1.0440908666648556,30,0.37591498396384937,0.4501975855854483
parcel,17,auc,S-U,-3.0824372436496867,0.28727016022420315,-3.638960555199991,-2.5314564965434414,30,7.351741321458642e-27,2.0516487408721792e-25
parcel,170,auc,S-T,0.8592943251209952,0.3444809271525961,0.1705208497975961,1.5257633005582087,30,0.012614849845089962,0.02018375975214394
parcel,170,auc,U-T,-0.22395207820998297,0.4421823544053658,-1.0983720366515293,0.6713744587465412,30,0.6125267746574926,0.6768251653673951
parcel,170,auc,S-U,1.0832464033309783,0.2938952429683522,0.4877477234120224,1.6404092652877291,30,0.0002279630554900234,0.00046681854366557694
parcel,171,auc,S-T,-0.6779958039966351,0.33856308450143446,-1.2869751005161103,0.027143949100195797,30,0.04522361243306753,0.06618089624351346
parcel,171,auc,U-T,0.29281446291000846,0.3194910269998742,-0.2726115778444433,0.9768419173841838,30,0.35940317047738723,0.4321481007744135
parcel,171,auc,S-U,-0.9708102669066435,0.2470586800659173,-1.4410710826327922,-0.4891178190445291,30,8.513244356006633e-05,0.0001814545866289158
parcel,172,auc,S-T,-0.49252056719647636,0.3699030419036825,-1.2488799198806406,0.20789582468731743,30,0.18302928585676725,0.23899362679882558
parcel,172,auc,U-T,-0.2835217471086812,0.3982723702423416,-1.0856477815494228,0.4976474242495286,30,0.476539690960453,0.5503827037079342
parcel,172,auc,S-U,-0.20899882008779513,0.2555057522017345,-0.7162182979962765,0.29170705038031963,30,0.41336810489247067,0.4896759386682772
parcel,173,auc,S-T,1.1641649622066466,0.3047591162275234,0.565794493403718,1.7742895568178034,30,0.00013347806138094888,0.00028051431463596967
parcel,173,auc,U-T,1.2694274705549717,0.26051052739812025,0.7829955250452157,1.8165845125499316,30,1.1000242049107063e-06,2.844890185113896e-06
parcel,173,auc,S-U,-0.10526250834832518,0.198785511838712,-0.4846503044511364,0.2904322304004658,30,0.5964391777749765,0.66209714461607
parcel,174,auc,S-T,0.3707562509637737,0.33480960435160906,-0.2669802617547215,1.0393990353640559,30,0.26813639264614786,0.3355289354519488
parcel,174,auc,U-T,1.0907886724100606,0.29087756858382985,0.542977269748849,1.676138479215728,30,0.00017683992777407933,0.0003665076223296981
parcel,174,auc,S-U,-0.720032421446287,0.25184619896987226,-1.2057300734527316,-0.22263484925095048,30,0.004249567700890075,0.007305847050240817
parcel,175,auc,S-T,0.666106467267675,0.4643652516797967,-0.26933738422564196,1.5671437224933669,30,0.15144528074278393,0.200811421979382
parcel,175,auc,U-T,-0.4309858430691652,0.5394348966552344,-1.501601651708578,0.6323487470947609,30,0.4243147477781851,0.5001745553377428
parcel,175,auc,S-U,1.0970923103368402,0.3476067213352456,0.39426948687386526,1.7723471603952115,30,0.0015987709873633614,0.0028937031445490703
parcel,176,auc,S-T,0.16941569985117194,0.2974256169733476,-0.3982541739681374,0.7755734083642543,30,0.5689443105736876,0.6367708237917479
parcel,176,auc,U-T,0.6190032321658039,0.257198149925623,0.17760384900770496,1.1803068360823787,30,0.01609662554102205,0.02528265791783568
parcel,176,auc,S-U,-0.44958753231463194,0.19222274997706512,-0.8300303385773663,-0.08108019405557423,30,0.019341217494069914,0.030025175928698446
parcel,177,auc,S-T,-1.1833828965026678,0.39176632301323555,-1.9299889926802698,-0.3752397498518255,30,0.0025224559494118363,0.004491019494501786
parcel,177,auc,U-T,0.2742532280093093,0.3345334042258585,-0.3371306787990983,0.9734456316156697,30,0.4123254556298146,0.4894070689968126
parcel,177,auc,S-U,-1.457636124511977,0.2839501896403566,-1.9887402366581022,-0.8978798251617474,30,2.845211134464907e-07,7.707118197196135e-07
parcel,178,auc,S-T,1.9525970000276653,0.44968515775547757,1.0514091888139714,2.8252067820163536,30,1.4110001374617587e-05,3.249904347320749e-05
parcel,178,auc,U-T,0.7740196859460741,0.4967229000295133,-0.19572053364333375,1.785293672862386,30,0.11917341119744859,0.16177386135400262
parcel,178,auc,S-U,1.1785773140815912,0.3245885709025003,0.5417141716062609,1.8068495478100022,30,0.0002823379486918733,0.000574246675305505
parcel,179,auc,S-T,1.2760029683573268,0.397929219779616,0.4847710358350007,2.0589681149901162,30,0.0013430993859975368,0.0024568891207272015
parcel,179,auc,U-T,0.30790940065886985,0.42471176877870737,-0.5296480866035613,1.1654017737648386,30,0.4684616097623513,0.5436691796081446
parcel,179,auc,S-U,0.968093567698457,0.26060159798006455,0.46329828726621497,1.4698120283567226,30,0.00020333129895369186,0.0004185206839527105
parcel,18,auc,S-T,-1.742612736587657,0.4115239990383064,-2.5726423234476647,-0.9723487783297899,30,2.2902521513622887e-05,5.185476569122163e-05
parcel,18,auc,U-T,0.992685482514561,0.34349843209606834,0.3352262646092306,1.6703080344888297,30,0.003853309774831553,0.006653196733522106
parcel,18,auc,S-U,-2.735298219102218,0.29737102216516165,-3.3116214835505104,-2.1696278403623763,30,3.637671421649726e-20,3.437169847228088e-19
parcel,180,auc,S-T,0.008405300671603663,0.4039251060561735,-0.7709102637564924,0.7962046063643378,30,0.9833979726340816,0.9858626292070993
parcel,180,auc,U-T,0.37214284474106596,0.36742783970765247,-0.33959670729280045,1.1105628187807137,30,0.3111401907242257,0.3825494148248677
parcel,180,auc,S-U,-0.3637375440694623,0.3009071976503664,-0.9441034007757112,0.21892247685437594,30,0.22673851217820284,0.2876175630167478
parcel,181,auc,S-T,-0.4543857716391895,0.5342084408164277,-1.4882924401847066,0.6057418425143108,30,0.3950039972560403,0.4709671287303925
parcel,181,auc,U-T,0.7563883919559685,0.46002027150299735,-0.11766014404281717,1.7014665708185268,30,0.10012454555775542,0.13778607186847078
parcel,181,auc,S-U,-1.210774163595158,0.376386796183838,-1.9267235129272577,-0.4505541936973339,30,0.0012961318418251236,0.0023891831185716564
parcel,182,auc,S-T,-0.30142898736256124,0.46236402036768526,-1.1611370655504991,0.6324938087232831,30,0.5144463145900418,0.5868232331076737
parcel,182,auc,U-T,-0.05394488114911817,0.5018033763091309,-1.0021693746493867,0.9882200524963548,30,0.9143907156847947,0.9346412766795176
parcel,182,auc,S-U,-0.24748410621344308,0.30961613306645513,-0.8324585770934021,0.4063524585795818,30,0.42410162938979035,0.5001745553377428
parcel,183,auc,S-T,0.8618397988137874,0.5013334850162121,-0.12076729249227676,1.8474924200778151,30,0.08559710727162642,0.11971623394633066
parcel,183,auc,U-T,0.24232299421135275,0.5349042705996921,-0.774417457710531,1.3031493293484049,30,0.6505334494767894,0.711613618388466
parcel,183,auc,S-U,0.6195168046024346,0.3037092521400638,0.02813670113880814,1.2218855691839505,30,0.04136674866243711,0.06098292186108664
parcel,184,auc,S-T,0.5718920284521117,0.39853721857932684,-0.17513942560771015,1.3560113401650145,30,0.1512934471966301,0.200811421979382
parcel,184,auc,U-T,1.0004157050144906,0.36023691791039414,0.3387161428124979,1.776995642841296,30,0.005484547725017342,0.009243619761265183
parcel,184,auc,S-U,-0.4285236765623789,0.25872394479577976,-0.9264709007602441,0.10063001093619127,30,0.09766170106416862,0.13502669738198508
parcel,185,auc,S-T,-0.09738684673914028,0.49992642287610883,-1.0874380349816137,0.8441072042931655,30,0.8455476750851546,0.8777311506074269
parcel,185,auc,U-T,-0.08369671615524135,0.575953478832354,-1.2426052524243594,1.077265049361421,30,0.884459380719552,0.9101647020066366
parcel,185,auc,S-U,-0.013690130583898924,0.3415587314139395,-0.7012485597984778,0.6808038484015329,30,0.9680282808427938,0.9769839672088751
parcel,186,auc,S-T,-1.9838329618462323,0.48423801884192075,-2.8876486821465512,-0.9852542389469211,30,4.188756890940285e-05,9.308348646533967e-05
parcel,186,auc,U-T,-0.08895460357877402,0.46631579578449844,-0.9710941778440553,0.8953251747087256,30,0.8487132884797599,0.8794956357303212
parcel,186,auc,S-U,-1.8948783582674582,0.3353798941460814,-2.536571112405238,-1.2018914058450554,30,1.6049806095932727e-08,4.839137516361626e-08
parcel,187,auc,S-T,-0.15011993528324927,0.43217394293027117,-0.9542091320812729,0.7099948191256187,30,0.7283208896227887,0.7810411684962882
parcel,187,auc,U-T,0.9237321593776991,0.3587272688892075,0.2646288418937937,1.6605914198773188,30,0.010023245877946542,0.01636448306603517
parcel,187,auc,S-U,-1.0738520946609484,0.3012071348374714,-1.6421731210051416,-0.44883294046669425,30,0.0003636321413463486,0.0007272642826926972
parcel,188,auc,S-T,0.809416347285024,0.4508717373512154,-0.0392620768312768,1.7124774950416726,30,0.07261781202255585,0.1027610547488998
parcel,188,auc,U-T,0.0765138603651981,0.48551096918897224,-0.8691179628078954,1.0639297016382219,30,0.8747763346433505,0.9033834781170572
parcel,188,auc,S-U,0.7329024869198258,0.31669201405861375,0.11547373137876402,1.3675930383067683,30,0.0206543600946574,0.031898625628814514
parcel,189,auc,S-T,-0.3401563479594203,0.46442363554777155,-1.269423450066564,0.5630155688932446,30,0.46390806567111653,0.5394787588580956
parcel,189,auc,U-T,-0.26404393400367526,0.5197065956662258,-1.29102542001849,0.766832919782399,30,0.6114088357913079,0.6762125372807092
parcel,189,auc,S-U,-0.07611241395574503,0.34442183979541385,-0.7647487916809814,0.6242930871837007,30,0.8251033129470594,0.8624773306066823
parcel,19,auc,S-T,-0.8918308562570889,0.39781708253928116,-1.689869794716061,-0.14612549728811236,30,0.024973566496170867,0.03812758243690209
parcel,19,auc,U-T,0.5906587813144816,0.36984163607735604,-0.13216202973773022,1.2929560017331219,30,0.11025263591320222,0.15085879486413076
parcel,19,auc,S-U,-1.4824896375715704,0.3203764615348414,-2.1180146961336326,-0.86873311021885,30,3.703987508463914e-06,9.034115874302231e-06
parcel,190,auc,S-T,1.281577728072505,0.35933329623099386,0.6093317523644849,2.0245412217093577,30,0.00036172118846944,0.000724650127150798
parcel,190,auc,U-T,2.3365886210421305,0.28320521423228556,1.7780778415387974,2.872728326050892,30,1.577145305656353e-16,1.0341936430533464e-15
parcel,190,auc,S-U,-1.0550108929696256,0.3164198723899271,-1.651402635371274,-0.3817850117740405,30,0.0008554147476403715,0.0016293614240768981
parcel,191,auc,S-T,0.979015499732925,0.4469866481147256,0.12837131751443637,1.9080691286588845,30,0.028505625390151047,0.04319034150022886
parcel,191,auc,U-T,2.637322050028208,0.3538865884038078,1.9414819372605927,3.3033879441942995,30,9.162269571839156e-14,4.562125927886716e-13
parcel,191,auc,S-U,-1.658306550295283,0.4347728686577583,-2.4564396423355137,-0.7164105862003868,30,0.00013663004073724515,0.0002866364490991157
parcel,192,auc,S-T,3.0292612707515523,0.34974119377200874,2.37196418703416,3.7349514717304935,30,4.658544917883339e-18,3.5381353806708903e-17
parcel,192,auc,U-T,2.5969938495317137,0.3169590608135138,1.9906417841585857,3.216356248865963,30,2.538054420849833e-16,1.6374544650644085e-15
parcel,192,auc,S-U,0.4322674212198385,0.28214159234630215,-0.11497885290572739,1.0046322300171662,30,0.12549925726608993,0.16978478998794577
parcel,193,auc,S-T,-0.10514384140577074,0.2677609129405416,-0.6121165936016356,0.41684845687652894,30,0.6945572618867564,0.7481765837200248
parcel,193,auc,U-T,1.3756413187689187,0.20988766895863728,0.982725643484732,1.8019780590838304,30,5.594888407289457e-11,2.0721808915886876e-10
parcel,193,auc,S-U,-1.4807851601746895,0.20860852727887078,-1.8894115022614064,-1.065136591479235,30,1.2621650369663235e-12,5.4678629760273945e-12
parcel,194,auc,S-T,0.8998399900959487,0.37098259267780087,0.20314302118014754,1.649649065175109,30,0.015284851079290286,0.024070631620929584
parcel,194,auc,U-T,2.4560891195682526,0.29743009323153446,1.8814470845235267,3.049533952849353,30,1.48503564864625e-16,9.791443837228022e-16
parcel,194,auc,S-U,-1.5562491294723038,0.3338397707681471,-2.198167590648644,-0.9213289818049099,30,3.1366166022268867e-06,7.705901893258852e-06
parcel,195,auc,S-T,5.437680600217942,0.4310313954758364,4.613666520051375,6.296640000551413,30,1.734326888459105e-36,3.46865377691821e-34
parcel,195,auc,U-T,3.1713467221577782,0.4113307269795713,2.3857227870074325,3.99307962891739,30,1.2584933839964951e-14,6.9274865174119e-14
parcel,195,auc,S-U,2.266333878060164,0.42724564741223403,1.4245391722775549,3.1080987312444774,30,1.1296870347353039e-07,3.1897045686643875e-07
parcel,196,auc,S-T,3.2857589640681746,0.3625592361596909,2.603519643303966,4.00728969987288,30,1.2728199984263452e-19,1.1199316439438328e-18
parcel,196,auc,U-T,2.1053500054223115,0.3819016799863922,1.3852097084552326,2.8865422829321514,30,3.5315674277300824e-08,1.033629491042951e-07
parcel,196,auc,S-U,1.180408958645863,0.293337376307846,0.5873591861866854,1.743401471414679,30,5.720187828459546e-05,0.00012503142794447093
parcel,197,auc,S-T,-0.3218654396145545,0.3785809636626839,-1.0121319447747168,0.4878963800705421,30,0.39521991552625435,0.4709671287303925
parcel,197,auc,U-T,0.9875448794955995,0.34723727361118617,0.3655871622925928,1.729005738495056,30,0.00445502130374824,0.007604588285203255
parcel,197,auc,S-U,-1.309410319110154,0.2559987908371534,-1.7981134179119425,-0.7895092782757196,30,3.138935462121885e-07,8.445566265798793e-07
parcel,198,auc,S-T,-0.3200758668892575,0.3154383505318667,-0.9241862596598478,0.32118873633291395,30,0.3102479885693711,0.381843678239226
parcel,198,auc,U-T,0.42926732073840207,0.27135722063975704,-0.07661304587188503,0.979489166859663,30,0.11366623068246476,0.15517574154602698
parcel,198,auc,S-U,-0.7493431876276595,0.22473127766117595,-1.1828024034597742,-0.3058575993249617,30,0.0008548470451048557,0.0016293614240768981
parcel,199,auc,S-T,2.6222338764303936,0.4161653081197444,1.8425171287098852,3.4716263494489192,30,2.9584022212199613e-10,1.0201386969724004e-09
parcel,199,auc,U-T,2.4703590013147108,0.3872649615381209,1.759121257940883,3.244977277124454,30,1.782606238099272e-10,6.273101131141133e-10
parcel,199,auc,S-U,0.15187487511568287,0.36305206102496096,-0.5374360868352175,0.8550715891890197,30,0.6757072549716729,0.7324739891291847
parcel,2,auc,S-T,-0.40474574288541293,0.3543422173017561,-1.08683669228554,0.27279386841649667,30,0.2533520586977538,0.3186818348399419
parcel,2,auc,U-T,1.55326481892247,0.31912694548411685,0.9080525568679364,2.14572009305055,30,1.1317225849150131e-06,2.9143070856180596e-06
parcel,2,auc,S-U,-1.958010561807883,0.30248668542577756,-2.517417508635693,-1.3686961292457713,30,9.604599698485667e-11,3.471542059693615e-10
parcel,20,auc,S-T,1.2550210181812878,0.3366768066726741,0.6231382868648082,1.947654770240879,30,0.00019325595301064474,0.00039846588249617474
parcel,20,auc,U-T,2.1426400537577446,0.30220002844391275,1.5501810466036448,2.7186043466182817,30,1.3397785663933844e-12,5.783216833352739e-12
parcel,20,auc,S-U,-0.8876190355764568,0.30290671998621316,-1.4542042156304276,-0.2613477916270084,30,0.0033859362068092394,0.005897131274558907
parcel,200,auc,S-T,1.8147097734490467,0.44821853121550853,0.9180160178406204,2.6478711904993704,30,5.149927629591373e-05,0.00011339290193595683
parcel,200,auc,U-T,1.9096793448612515,0.47076804114646864,0.9928119956290623,2.83087448629959,30,4.9809584121450336e-05,0.00010987408262084632
parcel,200,auc,S-U,-0.09496957141220475,0.38402994395461204,-0.8411051360367213,0.6537868629005806,30,0.8046781418449521,0.8455462085936449
parcel,201,auc,S-T,0.02620600601665171,0.2747680966772377,-0.525081057393298,0.5444471513611591,30,0.9240169761326361,0.9412736598974222
parcel,201,auc,U-T,1.0784716696495462,0.25367373913110497,0.5798226664701526,1.558135533626293,30,2.1242663657256846e-05,4.82787810392201e-05
parcel,201,auc,S-U,-1.0522656636328944,0.17919875070892566,-1.4003519195915906,-0.6953994119415079,30,4.304151085404958e-09,1.3520893462005105e-08
parcel,202,auc,S-T,-0.1501537321236451,0.360238256896206,-0.8485672921448374,0.550538195122208,30,0.6768116524513854,0.7330090098751467
parcel,202,auc,U-T,1.5184110107720281,0.3269710030192791,0.8690671511306555,2.1351176526484905,30,3.4194186108132814e-06,8.3570312280569e-06
parcel,202,auc,S-U,-1.6685647428956731,0.3084102753283331,-2.2419846767061853,-1.0466568044617477,30,6.295044493315406e-08,1.802876704529472e-07
parcel,203,auc,S-T,0.24403037697839922,0.33321309478213,-0.41515109726430843,0.8744882885211844,30,0.4639517326179622,0.5394787588580956
parcel,203,auc,U-T,1.2182168955887511,0.32452738803404096,0.5849031445299698,1.8286349733747274,30,0.00017416102857757085,0.0003615799901264447
parcel,203,auc,S-U,-0.9741865186103519,0.24101122049864163,-1.4395409611524026,-0.49880093601722475,30,5.2979258456843915e-05,0.00011643793067438223
parcel,204,auc,S-T,-1.1471573229171428,0.41835094158534664,-1.9813354487301533,-0.3600919220288219,30,0.006104899437477397,0.01026033518903764
parcel,204,auc,U-T,0.8612957686686921,0.3773961222501954,0.10703765498075644,1.5847958456267792,30,0.022477169449740105,0.03453598378961348
parcel,204,auc,S-U,-2.0084530915858347,0.3082846702466887,-2.6277917389562933,-1.3982943902504408,30,7.272349357321532e-11,2.660615618532268e-10
parcel,205,auc,S-T,-0.382508978985551,0.3714308416009605,-1.0823474670666433,0.32045875406613816,30,0.30309189414165194,0.37534599893703025
parcel,205,auc,U-T,1.376443397285752,0.36173212326903176,0.6830418302343363,2.052562117766424,30,0.00014172079987544422,0.0002962804178580715
parcel,205,auc,S-U,-1.7589523762713029,0.3436739333860346,-2.4108729275022625,-1.072135609569521,30,3.086536322753708e-07,8.323244016414493e-07
parcel,206,auc,S-T,-1.1154833889380422,0.39118518687841186,-1.9022112903582493,-0.39913706419387773,30,0.004350689893572106,0.007458325531837895
parcel,206,auc,U-T,1.091781528623309,0.3630857648908743,0.3879136920328316,1.7684101552976959,30,0.002638812789912315,0.004677363881676186
parcel,206,auc,S-U,-2.2072649175613512,0.32753903456767447,-2.8534185858948415,-1.5711249185681828,30,1.5954956186581636e-11,6.196099489934617e-11
parcel,207,auc,S-T,0.5926021325444502,0.29622249194357336,0.03185384492995394,1.1515600442270844,30,0.04544300890621508,0.0664209630785117
parcel,207,auc,U-T,1.6912697181896643,0.2818138007773125,1.1342869130080393,2.2246940850729073,30,1.956560175031502e-09,6.328496523012945e-09
parcel,207,auc,S-U,-1.0986675856452142,0.25829458368048197,-1.6036329169282284,-0.568132230572355,30,2.104128095343054e-05,4.7911835188077134e-05
parcel,208,auc,S-T,-0.9054773856271909,0.34442337152669406,-1.6003470120582477,-0.2531416183978877,30,0.00856448850824016,0.014040145095475673
parcel,208,auc,U-T,1.0623350790737383,0.3256950273771832,0.4291411723787752,1.670740222127864,30,0.0011072755949143298,0.002053679619624723
parcel,208,auc,S-U,-1.9678124647009292,0.2600306877669525,-2.4844312272031717,-1.4639222587711025,30,3.801348834523332e-14,1.9919731883965061e-13
parcel,209,auc,S-T,-1.9473527066827732,0.31944695174184,-2.5789861640279286,-1.3162673059367564,30,1.087467099359043e-09,3.604863312792408e-09
parcel,209,auc,U-T,0.252113564430058,0.3079482367658426,-0.3468925954893307,0.8379396742325861,30,0.41296437373088113,0.4896759386682772
parcel,209,auc,S-U,-2.199466271112831,0.22341513153399625,-2.6477409372576113,-1.776638667864498,30,7.221804993789615e-23,9.523259332469822e-22
parcel,21,auc,S-T,-0.22118463164650234,0.38374476567766336,-0.9700084405665933,0.5069474336011212,30,0.5643551484422246,0.632921661804364
parcel,21,auc,U-T,1.7907430392279187,0.3686431536954286,1.064010612187931,2.467768538740216,30,1.1878124744895588e-06,3.0327127008244054e-06
parcel,21,auc,S-U,-2.011927670874421,0.29140314295196207,-2.593523699940786,-1.463332539593736,30,5.046017754001605e-12,2.0526173914582797e-11
parcel,210,auc,S-T,-1.1341523074547855,0.3437787560156886,-1.8291144256958813,-0.4803155241380653,30,0.0009700358048487129,0.0018273829918657072
parcel,210,auc,U-T,0.4057784688142318,0.31831925383433174,-0.22664437935538637,1.0066955198644154,30,0.2023966309505555,0.26031721022579485
parcel,210,auc,S-U,-1.5399307762690173,0.24356174748863124,-2.034949873458292,-1.0629662719111441,30,2.57285496669132e-10,8.94906075370894e-10
parcel,211,auc,S-T,-0.8993259160871866,0.40646024273403886,-1.7252652329629778,-0.13020920209650338,30,0.026926596097971253,0.04095299786763689
parcel,211,auc,U-T,1.2907310060982409,0.3737122027170697,0.5662080245620627,1.983097372781244,30,0.000552726292961773,0.0010873304123838157
parcel,211,auc,S-U,-2.1900569221854274,0.3021366603495244,-2.797837096596456,-1.6187739277757682,30,4.212133628737976e-13,1.944061674802143e-12
parcel,212,auc,S-T,-0.11663891672365113,0.2509425380340971,-0.6114781467158485,0.36413636592218074,30,0.6420723331046734,0.7042840948131701
parcel,212,auc,U-T,1.5215887199009406,0.25491132133968214,1.0237105778361826,2.0032934574714543,30,2.3857991006203212e-09,7.63455712198503e-09
parcel,212,auc,S-U,-1.6382276366245918,0.22323709931302813,-2.077334969763168,-1.2151909979323363,30,2.1598513041686616e-13,1.0249510090714997e-12
parcel,213,auc,S-T,-0.8482772516835796,0.3747306170933758,-1.604646178031517,-0.12345707097397855,30,0.023592645788251324,0.03615731155287559
parcel,213,auc,U-T,0.29021217204652905,0.3826340399152494,-0.46877483024467154,1.0677257643664928,30,0.4481763415098263,0.5252066502068278
parcel,213,auc,S-U,-1.1384894237301086,0.24705690362037958,-1.636468582554434,-0.6461961508245514,30,4.061556452999755e-06,9.846197461817587e-06
parcel,214,auc,S-T,-0.029839037380841423,0.28238942156353364,-0.5813335958622878,0.5120603068770667,30,0.9158471416726713,0.9353332510699623
parcel,214,auc,U-T,1.5191278553131797,0.27590315949789174,0.9768879755511829,2.0396371921139105,30,3.670403163578472e-08,1.0690494651199433e-07
parcel,214,auc,S-U,-1.5489668926940212,0.24426370644598666,-2.0253597734778888,-1.0793984603266125,30,2.277287419466638e-10,7.944025881860364e-10
parcel,215,auc,S-T,-1.2046662317356618,0.3686382590328235,-1.9418781684341786,-0.521172879414483,30,0.001083556349198554,0.002012798171885859
parcel,215,auc,U-T,0.6674768082131445,0.3192893372189861,0.05307020324616055,1.291177644651055,30,0.036572220179332954,0.054382483538041565
parcel,215,auc,S-U,-1.8721430399488064,0.25514268593481804,-2.3768225301635177,-1.3785307582900057,30,2.1740656180767779e-13,1.0271176148394227e-12
parcel,216,auc,S-T,-2.555677246361335,0.46919851109126864,-3.509008079515049,-1.6866019069011242,30,5.1255335770652766e-08,1.4749736912418062e-07
parcel,216,auc,U-T,0.4111442002623523,0.4252677356585155,-0.4557521997061155,1.1989739656634484,30,0.3336494876347863,0.4044236213754986
parcel,216,auc,S-U,-2.9668214466236873,0.2989782559341449,-3.5661509477770545,-2.3984520417454434,30,3.2999839699675676e-23,4.604628795303582e-22
parcel,217,auc,S-T,1.2466220145736173,0.3532596093371203,0.5893831437473628,1.9570261762334762,30,0.0004172721288396605,0.0008303922961983294
parcel,217,auc,U-T,2.315985055298204,0.31249977286861447,1.7062459684540434,2.9025932161274004,30,1.2520172321081487e-13,6.082674811861451e-13
parcel,217,auc,S-U,-1.0693630407245869,0.3142199377333085,-1.6641528029031873,-0.4178237522072714,30,0.0006659394606835945,0.001288915085194054
parcel,218,auc,S-T,-1.5872307734213147,0.3398228459656434,-2.2391296426163403,-0.9493090502980931,30,3.000881725891746e-06,7.424862002206382e-06
parcel,218,auc,U-T,0.4975699805533527,0.33110670780610046,-0.15572348980664638,1.1357065798550783,30,0.13290401048710276,0.17879463294229073
parcel,218,auc,S-U,-2.0848007539746676,0.3221295803204279,-2.7118470257906204,-1.4746647583708445,30,9.675763791999836e-11,3.486761726846788e-10
parcel,219,auc,S-T,-0.6502510990781851,0.3687580798189462,-1.3918237926401003,0.037037253129694726,30,0.07784077372475057,0.10976372323114064
parcel,219,auc,U-T,1.2575471376286218,0.35198582618220303,0.5711016629239039,1.9079161689162356,30,0.0003532911659189787,0.0007089454834494555
parcel,219,auc,S-U,-1.907798236706807,0.28804935759522493,-2.4821830420755475,-1.3583090577789179,30,3.5158972751357424e-11,1.3184614781759033e-10
parcel,22,auc,S-T,0.26234548731763524,0.2209516379377684,-0.17374260930119548,0.6844332425162266,30,0.2350921630948789,0.29664626258028887
parcel,22,auc,U-T,1.155011945163221,0.22970746316028703,0.6996311628016854,1.58615968198894,30,4.951404170497379e-07,1.314532080663021e-06
parcel,22,auc,S-U,-0.8926664578455858,0.19412523788200775,-1.2680910136396224,-0.5336714795356121,30,4.257378374196011e-06,1.0258743070351832e-05
parcel,220,auc,S-T,0.09786986055562222,0.29835719727379506,-0.5130760743513757,0.6643248169648718,30,0.7428896155143024,0.7938268375931994
parcel,220,auc,U-T,1.2192240829072694,0.3102102402635345,0.6077958464671818,1.7993978410792522,30,8.483450703877838e-05,0.00018114129616821005
parcel,220,auc,S-U,-1.121354222351647,0.23983454083305095,-1.5969480084013694,-0.6698242138060045,30,2.931916468313711e-06,7.269214384248871e-06
parcel,221,auc,S-T,-0.951321115594901,0.4536094580669248,-1.8742489750980402,-0.08906729170597143,30,0.03597365854300465,0.0536253295051001
parcel,221,auc,U-T,0.4721235711165056,0.39665440251799433,-0.29723584179604207,1.2271299928031238,30,0.2339425312503578,0.29550635526360985
parcel,221,auc,S-U,-1.4234446867114066,0.30496243801014883,-2.0273746661132526,-0.8590509365948779,30,3.0472866385151642e-06,7.524164539543616e-06
parcel,222,auc,S-T,-2.2835060160163985,0.42498794591987993,-3.134804038579055,-1.484371165347624,30,7.739106034119541e-08,2.2074939677218173e-07
parcel,222,auc,U-T,1.1760199194703007,0.40648051534267027,0.37011251895812913,1.933494342117055,30,0.003813667898589809,0.006594238441365664
parcel,222,auc,S-U,-3.459525935486699,0.37278792315733905,-4.184638173635322,-2.7288504902245965,30,1.6924827450270638e-20,1.6647371262561285e-19
parcel,223,auc,S-T,-0.8929675773055092,0.3841576248981876,-1.6714163175342327,-0.16417986406230944,30,0.020099662225164926,0.031162267015759578
parcel,223,auc,U-T,1.3010798164179143,0.33116188286742454,0.669683076682706,1.9528391039662958,30,8.535900092786352e-05,0.00018161489559119897
parcel,223,auc,S-U,-2.1940473937234235,0.26444922447325764,-2.712398963267147,-1.6963210425630864,30,1.0707214859609362e-16,7.138143239739574e-16
parcel,224,auc,S-T,0.1805806562307385,0.30392940455576783,-0.4167932147463979,0.7642772001613852,30,0.5524095897603987,0.6224333405750971
parcel,224,auc,U-T,1.5691852776631086,0.29595626285853277,0.9836228869639657,2.1400164876312515,30,1.1448747587946474e-07,3.2249993205483024e-07
parcel,224,auc,S-U,-1.38860462143237,0.2757076236093125,-1.9303870570211155,-0.8618747372926245,30,4.7409259955592597e-07,1.2614437238738608e-06
parcel,225,auc,S-T,0.37163401888703956,0.3035106410976641,-0.23127099873458878,0.9867357909037379,30,0.22078200246709578,0.2815276268014479
parcel,225,auc,U-T,1.8374919586652063,0.2774242629551236,1.300596283485286,2.3761211178787462,30,3.510286132077823e-11,1.3184614781759033e-10
parcel,225,auc,S-U,-1.4658579397781668,0.2124017239189933,-1.8966663348351964,-1.0688603371943126,30,5.1511835457520135e-12,2.0812862811119245e-11
parcel,226,auc,S-T,-1.18918127716243,0.3472300393563409,-1.8687544838667254,-0.5235183333839221,30,0.000615331474352593,0.0012026022300050678
parcel,226,auc,U-T,0.9541312894294292,0.32069857689867287,0.320185687568523,1.5685757168195418,30,0.0029283067297986116,0.005160011858675968
parcel,226,auc,S-U,-2.143312566591859,0.29882074923859886,-2.7333176337671987,-1.558962340585759,30,7.360307315328218e-13,3.295659991938008e-12
parcel,227,auc,S-T,-2.4710198025756096,0.4524593683507411,-3.374918876924013,-1.6118816639064504,30,4.726402034483793e-08,1.3666704678025427e-07
parcel,227,auc,U-T,1.1666249246862093,0.43112186514303663,0.3167601826760958,1.9690512833414513,30,0.006809469021844235,0.011380728170213206
parcel,227,auc,S-U,-3.6376447272618186,0.428964460106305,-4.477784786032491,-2.808676154487105,30,2.250761818186611e-17,1.5887730481317254e-16
parcel,228,auc,S-T,-0.28459392687576274,0.36077028630529345,-0.9992718032243789,0.4075786460317512,30,0.430199217802678,0.5061167268266801
parcel,228,auc,U-T,1.3255699301774095,0.311139881067544,0.7065235684157495,1.925081249391247,30,2.0409194654120233e-05,4.6649587780846246e-05
parcel,228,auc,S-U,-1.6101638570531722,0.28927882751597833,-2.1870211148403293,-1.0535479160478036,30,2.604574294771043e-08,7.69824914710653e-08
parcel,229,auc,S-T,-0.784724646472202,0.4230923208265792,-1.6293848715957777,0.02768261457707884,30,0.06363390563109007,0.09079748722628786
parcel,229,auc,U-T,1.4315490909771973,0.36510285672505055,0.7122627157382677,2.1279689536777573,30,8.820152166759659e-05,0.00018699969258147687
parcel,229,auc,S-U,-2.2162737374493995,0.27927443375786765,-2.7647026648711455,-1.6697073314660316,30,2.0909642529239717e-15,1.254578551754383e-14
parcel,23,auc,S-T,-1.9359434654863281,0.3359464354275092,-2.6066755761900446,-1.3051549128684485,30,8.280085352280392e-09,2.547718569932428e-08
parcel,23,auc,U-T,0.6603564569056118,0.32333607132282854,0.018074724222864366,1.2525895954004231,30,0.04111957514618176,0.060693099846762744
parcel,23,auc,S-U,-2.59629992239194,0.30801839065224007,-3.204361087029416,-2.016233988299927,30,3.4850677683120726e-17,2.4314426290549345e-16
parcel,230,auc,S-T,-3.6720561938459513,0.4365465102412883,-4.5272110567756245,-2.8579558427387055,30,4.044427518091669e-17,2.7892603573045996e-16
parcel,230,auc,U-T,-0.09148018020988569,0.4054888836469083,-0.8834728656184163,0.6705064753390401,30,0.8215089190482502,0.8594687906346122
parcel,230,auc,S-U,-3.5805760136360654,0.3871449460576236,-4.332680971964121,-2.849478706688451,30,2.273024018355174e-20,2.1647847793858798e-19
parcel,231,auc,S-T,-0.3087132269348772,0.2874309505930399,-0.8713217089844335,0.25654162645899004,30,0.2828033683897965,0.352037388037091
parcel,231,auc,U-T,1.0628218545378858,0.31155281943473456,0.441016355253923,1.6592362547739805,30,0.0006463738158785287,0.0012568403261636483
parcel,231,auc,S-U,-1.371535081472763,0.22615012730212264,-1.819697414425335,-0.9411349877529905,30,1.3219143418705008e-09,4.357959368803849e-09
parcel,232,auc,S-T,0.3510938637559254,0.5163383918723866,-0.7200794577915338,1.331546697708913,30,0.4965243795658303,0.5696264392724631
parcel,232,auc,U-T,1.1399864439480498,0.6230501057938854,-0.13990764670085545,2.31038175287586,30,0.0672968123513643,0.09568267158961749
parcel,232,auc,S-U,-0.7888925801921245,0.42531579345136183,-1.6693850307246778,0.05826231705218127,30,0.06361913391004417,0.09079748722628786
parcel,233,auc,S-T,0.43529842602426233,0.39852109113112566,-0.3450146206896269,1.1987996746248872,30,0.27470805424984446,0.3423153323985601
parcel,233,auc,U-T,1.6303975220812548,0.44585486579579153,0.7490677898058358,2.48408409201703,30,0.00025539364940543765,0.0005220994536397363
parcel,233,auc,S-U,-1.1950990960569925,0.315129721933839,-1.8207480731755314,-0.5540672211021592,30,0.00014919616625490954,0.0003108253463643949
parcel,234,auc,S-T,0.03943927262564233,0.1822598123881957,-0.31974151700755243,0.4016291268029831,30,0.8286834533266434,0.8639618974734771
parcel,234,auc,U-T,0.6036191328017264,0.18033687388215167,0.2265026333292276,0.9426387520977527,30,0.0008163956140234519,0.0015649756179363296
parcel,234,auc,S-U,-0.5641798601760841,0.14049018780034725,-0.846922956803707,-0.2985752464887437,30,5.924561983332507e-05,0.0001287948257246197
parcel,235,auc,S-T,-0.4844169688944072,0.22989291195785122,-0.9404069224464947,-0.03753420139293334,30,0.03510528825616222,0.052461202873467824
parcel,235,auc,U-T,0.47387023529608846,0.1662970381611279,0.1437265113358076,0.7934322139687227,30,0.004378235668711517,0.007494839946439117
parcel,235,auc,S-U,-0.9582872041904957,0.1368055126898259,-1.2367325887484384,-0.6971752312700782,30,2.474428831302157e-12,1.0239015853664097e-11
parcel,236,auc,S-T,-0.06166593539779762,0.21314121814749534,-0.4686405116742086,0.38057852788927643,30,0.7723368024699356,0.8194554933368017
parcel,236,auc,U-T,0.2721764639284377,0.16989054443448928,-0.06428371070587441,0.5964139275902065,30,0.1091402359777838,0.14950717257230656
parcel,236,auc,S-U,-0.33384239932623533,0.1396658051325222,-0.6267987800421,-0.07859080368052343,30,0.016834869591132853,0.026373163850338673
parcel,237,auc,S-T,-0.5420723698383287,0.3933474491538305,-1.310845090262576,0.24498213700095645,30,0.16817221924896608,0.22079503621308455
parcel,237,auc,U-T,1.045858297721509,0.434662006036716,0.17469504578073447,1.8807650324175342,30,0.016122018183595134,0.025289440287992366
parcel,237,auc,S-U,-1.5879306675598377,0.3052113478275355,-2.1936647721962657,-0.9986072908114023,30,1.9638751462115322e-07,5.41758661023871e-07
parcel,238,auc,S-T,-0.9921221702027297,0.5175290224885345,-1.9914680755927072,0.0006574460121270679,30,0.0552332593547588,0.07966335483859442
parcel,238,auc,U-T,0.46076380792017574,0.5591949523430877,-0.6355570014383319,1.512273116850246,30,0.4099525975814001,0.48707239316601997
parcel,238,auc,S-U,-1.4528859781229055,0.3767690511046271,-2.184424359553153,-0.7591279395975775,30,0.00011517682112671183,0.0002429036649420988
parcel,239,auc,S-T,-0.26344492341863035,0.26977683620257215,-0.7896275578895294,0.2634051389459339,30,0.32880234854303414,0.39975969427724517
parcel,239,auc,U-T,0.32600877560136593,0.2292540846224561,-0.1341369221940894,0.7800315486252355,30,0.15501426299169768,0.20531690462476512
parcel,239,auc,S-U,-0.5894536990199963,0.16823318847480617,-0.918670719331095,-0.258019278817027,30,0.00045868757871327223,0.0009097935445552507
parcel,24,auc,S-T,-0.33183218461620606,0.41250316467734227,-1.1501658471363683,0.45716324364693883,30,0.4211455127281608,0.4974159599151506
parcel,24,auc,U-T,1.286982399949085,0.3641535382408826,0.5845918619777989,2.0166523305382804,30,0.00040904985498476455,0.0008153817707337499
parcel,24,auc,S-U,-1.618814584565291,0.27204679148393596,-2.146279932966199,-1.0906447239244466,30,2.673236606018056e-09,8.531606189419328e-09
parcel,240,auc,S-T,-0.6305056510242567,0.2493690717771773,-1.1367817638478355,-0.1367324337133719,30,0.01145825581717467,0.018431510697868105
parcel,240,auc,U-T,0.5651787547152098,0.22202802742496625,0.12663270325762047,0.9811898929356574,30,0.010911233952176035,0.017693892895420598
parcel,240,auc,S-U,-1.1956844057394664,0.1877329897409214,-1.5621453772429361,-0.8467335497276605,30,1.9017877615249126e-10,6.672939514122501e-10
parcel,241,auc,S-T,-0.07048996666939394,0.24075286638162524,-0.5455032033855487,0.4030041089706985,30,0.7696828789455231,0.8173623493226795
parcel,241,auc,U-T,0.42777855503487017,0.20610972008341608,0.01219627881054799,0.8359412346249482,30,0.037941193180008256,0.05627865490236083
parcel,241,auc,S-U,-0.4982685217042641,0.150716664917786,-0.7992740777945226,-0.2076357551149395,30,0.0009463981889628525,0.0017884690185124774
parcel,242,auc,S-T,-0.4225057719196152,0.2662754441022003,-0.9399444477668133,0.10673465680631673,30,0.1125750540653519,0.15386112172941036
parcel,242,auc,U-T,0.7715323560060146,0.2350244867845516,0.31193333412047153,1.2172528399593214,30,0.001027909109236614,0.0019183373733809282
parcel,242,auc,S-U,-1.1940381279256298,0.1394198545770121,-1.464311736013678,-0.9285043811600194,30,1.0870280852729419e-17,7.858034351370664e-17
parcel,243,auc,S-T,-0.62849965252183,0.22590196132817247,-1.0631472368820643,-0.183892349045547,30,0.005399527993680632,0.009113127415494738
parcel,243,auc,U-T,0.1990579851097391,0.18136439560608014,-0.15036145130533382,0.5544010606903468,30,0.27239744050928716,0.340142485547497
parcel,243,auc,S-U,-0.8275576376315692,0.1368097557732119,-1.1073919341077016,-0.5766171779898098,30,1.4577791181014883e-09,4.753627559026592e-09
parcel,244,auc,S-T,-0.6127304344175803,0.21598100281066002,-1.0494444463459018,-0.19986312082161886,30,0.004554467780947619,0.007763297353887987
parcel,244,auc,U-T,0.4926196841466511,0.19763953010236754,0.0876318708613322,0.8639512022732627,30,0.012684162801098403,0.02026763696580304
parcel,244,auc,S-U,-1.1053501185642314,0.14494111289584666,-1.3889856006550076,-0.8378579501706342,30,2.417720104115199e-14,1.3010153026628873e-13
parcel,245,auc,S-T,-1.2053833987288347,0.29280186748630743,-1.7888741155806196,-0.6222509808966515,30,3.843019457537714e-05,8.555887475037582e-05
parcel,245,auc,U-T,0.09830926628463188,0.2316036069800712,-0.34782196249944014,0.5379386408311968,30,0.6712215582900096,0.7295886503152279
parcel,245,auc,S-U,-1.3036926650134666,0.18438105425761805,-1.6691269667144832,-0.9630618419376297,30,1.542170922737552e-12,6.609303954589508e-12
parcel,246,auc,S-T,-0.5275212693774544,0.28303409723336037,-1.102903480136606,0.026736888374426174,30,0.06234864476505895,0.08917565401438704
parcel,246,auc,U-T,0.401325357344047,0.20148342168005262,-0.005257177155125324,0.7894381889272055,30,0.046387189405931034,0.06763624214716554
parcel,246,auc,S-U,-0.9288466267215014,0.17612650208829664,-1.2862085299213453,-0.6086227416839013,30,1.336660853689928e-07,3.730216335878869e-07
parcel,247,auc,S-T,-2.3108869538240793,0.32008445815843695,-2.9400231333816245,-1.6823773562634692,30,5.213448646888757e-13,2.378759838884604e-12
parcel,247,auc,U-T,0.3526309702523211,0.23052365457048346,-0.10911066452134292,0.7951754645849761,30,0.1260921468023651,0.17030099608678317
parcel,247,auc,S-U,-2.6635179240764004,0.2364205669730586,-3.1475742240376414,-2.230953403183784,30,1.9311127494421953e-29,8.912828074348593e-28
parcel,248,auc,S-T,-1.1178863662250749,0.34880761299752877,-1.8190522837753647,-0.43882737233124247,30,0.0013511903818266542,0.0024679276380395513
parcel,248,auc,U-T,0.7822952938155632,0.25253078512558996,0.28341064766049806,1.2754823917425726,30,0.0019494881619339717,0.003496839752347931
parcel,248,auc,S-U,-1.900181660040638,0.22102762837469758,-2.338779331710854,-1.4776547304026963,30,8.180396965286661e-18,6.033788587118008e-17
parcel,249,auc,S-T,-2.3071204811036057,0.36353637947584716,-3.0234917365319243,-1.5950317361190676,30,2.2051728572208931e-10,7.714890462580384e-10
parcel,249,auc,U-T,0.29711298900130106,0.28666224002151364,-0.27699250387882646,0.8744615621069858,30,0.29998914679767263,0.37227195052451617
parcel,249,auc,S-U,-2.604233470104907,0.26552078606129975,-3.1317643944703337,-2.1074914634277024,30,1.0398778242261921e-22,1.3275036053951389e-21
parcel,25,auc,S-T,0.4494677676115045,0.3081425918751351,-0.1831585282778945,1.0442432406346778,30,0.1446654179826539,0.1933168169033237
parcel,25,auc,U-T,1.9486756879007971,0.28643746272562937,1.3693419057016636,2.469373750761933,30,1.0235929100337867e-11,4.053833307064502e-11
parcel,25,auc,S-U,-1.4992079202892927,0.21824344028779988,-1.939616350141218,-1.089266663636081,30,6.4459176826643364e-12,2.5956715500661755e-11
parcel,250,auc,S-T,-1.1934661144385716,0.3633520712770917,-1.9313348620466726,-0.4783784310619022,30,0.0010212734769143312,0.0019089223867557595
parcel,250,auc,U-T,0.15889852480900923,0.2644415983012517,-0.3697063393495391,0.6786205699084874,30,0.5479177558386998,0.61795235620906
parcel,250,auc,S-U,-1.3523646392475808,0.2264331056746846,-1.784985434579359,-0.9101751451611779,30,2.3368997282645626e-09,7.498073994431752e-09
parcel,251,auc,S-T,0.10371566685222983,0.23001392909511167,-0.34330182266650155,0.5466698629749485,30,0.6520541461772262,0.712627482160903
parcel,251,auc,U-T,0.04245281906699218,0.18311465954749573,-0.30914611417485777,0.39314799814734497,30,0.8166643391511866,0.8551459048703525
parcel,251,auc,S-U,0.06126284778523765,0.14630142398136226,-0.2425251270275921,0.3224602882103351,30,0.6754032138512749,0.7324739891291847
parcel,252,auc,S-T,-1.29427015856897,0.3188569461599777,-1.9346624547964895,-0.6808480861445951,30,4.926358585839069e-05,0.00010886980300196836
parcel,252,auc,U-T,0.7350865762042141,0.2346048522003245,0.2643051083439086,1.1808309923702502,30,0.0017285469902898834,0.0031191825388689628
parcel,252,auc,S-U,-2.029356734773184,0.21383032674312813,-2.4424990187321876,-1.618118222035553,30,2.2992852433535753e-21,2.5313232036920097e-20
parcel,253,auc,S-T,-1.5784660274783318,0.26100014262956844,-2.093487352346324,-1.0762145515234711,30,1.4687420713349154e-09,4.7763969799509444e-09
parcel,253,auc,U-T,0.20821535905836996,0.20866888774270445,-0.1909949043474381,0.6133429477373802,30,0.3183634671482588,0.39063002104080835
parcel,253,auc,S-U,-1.7866813865367017,0.17656030135730633,-2.1308918192674704,-1.4605150398953597,30,4.532619110820994e-24,7.450880730116701e-23
parcel,254,auc,S-T,-0.964045795180955,0.30142682145536526,-1.5633494177019207,-0.36380462094640853,30,0.0013825248677227816,0.0025174959655043065
parcel,254,auc,U-T,0.39843113102742106,0.21900600870536513,-0.03861387707508421,0.8217659330927678,30,0.0688701995038716,0.0978038336149656
parcel,254,auc,S-U,-1.362476926208376,0.1770437467072749,-1.7146563233456533,-1.0265790844538831,30,1.407131452072589e-14,7.675262465850485e-14
parcel,255,auc,S-T,0.14406426452494095,0.23768813381410034,-0.3099871571521781,0.6057144205736705,30,0.5444441979993191,0.6146124530566162
parcel,255,auc,U-T,0.13705605972000562,0.1825694799755177,-0.21703816277196067,0.4894383422430836,30,0.45282942768577383,0.5296250616207882
parcel,255,auc,S-U,0.007008204804935331,0.14651792967491503,-0.2958247097573013,0.27103985224213784,30,0.9618503553912849,0.9732044068039983
parcel,256,auc,S-T,-0.9997994544643883,0.3121297276222195,-1.606129189742703,-0.4069981619205649,30,0.0013593146918796358,0.0024789933590510073
parcel,256,auc,U-T,0.4428789646997024,0.23677063645521287,-0.022934643924196682,0.9000653223710111,30,0.0614147163004216,0.08794470114618844
parcel,256,auc,S-U,-1.4426784191640907,0.19820978492626373,-1.8425082433840625,-1.072130704010605,30,3.374449748749286e-13,1.575618559727293e-12
parcel,257,auc,S-T,-1.9802649885385737,0.384499941768114,-2.7478002547439178,-1.2234704986221077,30,2.6016052810287324e-07,7.095287130078361e-07
parcel,257,auc,U-T,0.7302294022237035,0.2824405479348892,0.17798972701803076,1.2756322066920947,30,0.009725848191940332,0.015900569251128607
parcel,257,auc,S-U,-2.7104943907622774,0.25458229153642037,-3.1883498725995625,-2.2251991633312174,30,1.8040400012860743e-26,4.7061913077028025e-25
parcel,258,auc,S-T,-1.986695492242705,0.2262847474479255,-2.434578540448251,-1.5401872750218266,30,1.6401889164077619e-18,1.3209575165700094e-17
parcel,258,auc,U-T,-0.43639808499175287,0.18818230602687985,-0.8200765613988209,-0.07018337986930138,30,0.020394080514056463,0.031537237908334737
parcel,258,auc,S-U,-1.550297407250952,0.19427200017424265,-1.9471644943051958,-1.1779124691257628,30,1.4629151983006465e-15,8.821599185732542e-15
parcel,259,auc,S-T,0.16798272114937962,0.23687648579378529,-0.2935564939724642,0.6365415671922908,30,0.4782267841312041,0.5512300294838922
parcel,259,auc,U-T,0.12114156994093965,0.1764843078654827,-0.22499703101658666,0.4577814517693409,30,0.4924511132735431,0.5654941013667479
parcel,259,auc,S-U,0.04684115120843997,0.15097271498284148,-0.26549233186538174,0.31980338782518225,30,0.7563614502739516,0.8053538068578012
parcel,26,auc,S-T,0.04207500141326524,0.29398294438246564,-0.5401173022019916,0.6074104461059983,30,0.8861949735216582,0.9104742878647174
parcel,26,auc,U-T,1.5174320553426834,0.2628931311152078,1.0076867596244792,2.0346117593236617,30,7.831329704347407e-09,2.415834356096886e-08
parcel,26,auc,S-U,-1.4753570539294183,0.24670604993698583,-1.9580650524836811,-0.9967865425584063,30,2.228331280534025e-09,7.1881654210775e-09
parcel,260,auc,S-T,-0.881070475311536,0.3552796665431083,-1.58866024493686,-0.17884237636937877,30,0.01314063396514602,0.020913475806598438
parcel,260,auc,U-T,0.2363393646258402,0.2375789439599194,-0.2256530988786193,0.7190744646963398,30,0.3198420822652791,0.3919362485418843
parcel,260,auc,S-U,-1.1174098399373762,0.20510215194813736,-1.5241140932081991,-0.7344256837751492,30,5.092077227651246e-08,1.468868431053244e-07
parcel,261,auc,S-T,-1.488510812220586,0.3380053904553203,-2.1643687267923393,-0.824321592022272,30,1.0636713379750628e-05,2.4688696432690046e-05
parcel,261,auc,U-T,0.33100481915968377,0.257910164917055,-0.1976376369424921,0.8405884133305498,30,0.19934801823990023,0.25722324934180674
parcel,261,auc,S-U,-1.8195156313802696,0.22066576873211527,-2.244888453208782,-1.3915816052449237,30,1.643710989228236e-16,1.071985427757545e-15
parcel,262,auc,S-T,-2.061586632727827,0.4011976699375407,-2.8732654307085723,-1.281300436534967,30,2.7682120215408607e-07,7.515507750789666e-07
parcel,262,auc,U-T,0.3725825615547662,0.28478732387256717,-0.19929574194749786,0.937880269504473,30,0.1907771638653163,0.24795840108878434
parcel,262,auc,S-U,-2.4341691942825934,0.25867001824745933,-2.937891013971908,-1.9429096610030054,30,4.9460053995857956e-21,5.1610491126112644e-20
parcel,263,auc,S-T,-1.5457716001694828,0.4269594778634651,-2.4143426213755386,-0.7070717430789097,30,0.00029412793378590297,0.0005972140787531024
parcel,263,auc,U-T,0.7101367359885862,0.31248027393267036,0.08094987408834256,1.3339665008791268,30,0.023051441189526987,0.035373055533801004
parcel,263,auc,S-U,-2.255908336158069,0.2592938956415492,-2.7608408658067227,-1.7646770902420754,30,3.3130443339554093e-18,2.548495641504161e-17
parcel,264,auc,S-T,0.10204108365437972,0.2879364944219477,-0.4559836127319783,0.6635692684275231,30,0.7230485290737647,0.7767755012430776
parcel,264,auc,U-T,0.34767693226274216,0.21005417899575735,-0.05434331257615448,0.7709322745561138,30,0.09788851582290577,0.13502669738198508
parcel,264,auc,S-U,-0.24563584860836243,0.17548850739146418,-0.5993064440000435,0.08498985661341217,30,0.1615953471115832,0.21309276542186795
parcel,265,auc,S-T,-1.7256970820448858,0.42481562851290045,-2.5705465200268964,-0.8901506847864769,30,4.860698900980642e-05,0.00010761694983720979
parcel,265,auc,U-T,0.3764380815962321,0.2999613536631353,-0.21711650727142134,0.9704131142831686,30,0.20949499817599382,0.2685412544553717
parcel,265,auc,S-U,-2.102135163641118,0.24075279523050885,-2.5699360625572445,-1.6435769142215637,30,2.5129734484739764e-18,1.9709595674305695e-17
parcel,266,auc,S-T,-2.1911945266431694,0.510261440972544,-3.219391399663864,-1.1745206109690631,30,1.7527816213887263e-05,4.021678672402431e-05
parcel,266,auc,U-T,0.2259393498268707,0.38937660034304367,-0.564044393521642,0.9835211387019857,30,0.5617398451436454,0.6307817413275405
parcel,266,auc,S-U,-2.4171338764700403,0.31773014670548544,-3.0228544212845034,-1.8125382391715457,30,2.7943637546546842e-14,1.4771966984958684e-13
parcel,267,auc,S-T,-2.4173986231988414,0.3788291326372742,-3.1708950660157886,-1.6662819506978246,30,1.7566276010285177e-10,6.199862121277121e-10
parcel,267,auc,U-T,0.6839771957563786,0.291468577503927,0.09937829915209413,1.2664363364697275,30,0.018942610895244842,0.02948266287197641
parcel,267,auc,S-U,-3.10137581895522,0.2722026593960405,-3.6400107239595827,-2.587202005829338,30,4.498609576862268e-30,2.249304788431134e-28
parcel,268,auc,S-T,-1.510641581708092,0.4327391213674323,-2.3631479508849633,-0.6478053314138342,30,0.0004814272824760866,0.0009517508055540428
parcel,268,auc,U-T,0.49697702408806615,0.31641758318411795,-0.1280358375938787,1.1455331246459568,30,0.11626709293888056,0.15836607437758984
parcel,268,auc,S-U,-2.007618605796158,0.26357477450725997,-2.5225305971709147,-1.4980183074601634,30,2.598717371637939e-14,1.3921700205203244e-13
parcel,269,auc,S-T,-1.2716244700029307,0.3868001904962983,-2.0214995402868268,-0.5019904975382602,30,0.0010106370137056965,0.0018919881691838313
parcel,269,auc,U-T,-0.20464788018989064,0.28885759041505776,-0.7987897901339904,0.3569086062700987,30,0.47865140893517977,0.5512300294838922
parcel,269,auc,S-U,-1.06697658981304,0.21774772892667912,-1.50197702029372,-0.6613995461148077,30,9.580816873778988e-07,2.499343532290171e-06
parcel,27,auc,S-T,-1.478967344499145,0.4301526076877963,-2.331571217394943,-0.673444994187338,30,0.000585511311232312,0.0011480613945731607
parcel,27,auc,U-T,1.064382363034569,0.4164556591432857,0.23424232261396596,1.8306376320880307,30,0.010594034502467056,0.017262587354758795
parcel,27,auc,S-U,-2.543349707533714,0.3978447078180968,-3.334030107196319,-1.7791461854025705,30,1.6285365855743398e-10,5.764731276369345e-10
parcel,270,auc,S-T,-1.0848437527143493,0.33370533743497566,-1.7354618010366902,-0.41348314114363466,30,0.0011503901460257115,0.002130352122269836
parcel,270,auc,U-T,0.2730400859896367,0.24199927434331048,-0.1872020749759516,0.7820493794125304,30,0.25920666850790686,0.32549168525549954
parcel,270,auc,S-U,-1.357883838703986,0.1856251770352441,-1.7254253809443678,-0.9968132375762802,30,2.570133435936166e-13,1.2047500480950779e-12
parcel,271,auc,S-T,-2.793442809062052,0.37716910424058153,-3.5600457162110026,-2.0781617611214918,30,1.2983223300467024e-13,6.282204822806625e-13
parcel,271,auc,U-T,0.2967540389464226,0.3341093966676559,-0.3707803012502721,0.9260280913611323,30,0.37443628096669057,0.44887466249753116
parcel,271,auc,S-U,-3.0901968480084743,0.2675871435763769,-3.617791010789605,-2.5848713120842306,30,7.522881818160611e-31,5.0152545454404075e-29
parcel,272,auc,S-T,-4.079487341017302,0.5414792553826788,-5.178803299403775,-3.032172302005351,30,4.922122308432424e-14,2.5680638130951775e-13
parcel,272,auc,U-T,0.2237725670200888,0.5290859901724839,-0.7652736905021348,1.247634227236059,30,0.6723377437591821,0.7301405362090665
parcel,272,auc,S-U,-4.303259908037391,0.4149492531752463,-5.129638636864025,-3.480993163148259,30,3.375086438134368e-25,6.750172876268737e-24
parcel,273,auc,S-T,-1.4719357093315504,0.5802978683124412,-2.6528543985562982,-0.38815791039275976,30,0.011196114056755522,0.018082552985338663
parcel,273,auc,U-T,0.8591985127799706,0.5446584947349693,-0.2363930867108128,1.865773435011948,30,0.11468063298172496,0.15638268133871586
parcel,273,auc,S-U,-2.3311342221115208,0.3641183712245618,-3.0082936738534163,-1.6214765976966812,30,1.5322115129008378e-10,5.439804187813625e-10
parcel,274,auc,S-T,-1.1300267960871384,0.5369610553845108,-2.139506723757173,-0.009883236501579925,30,0.0353361114985665,0.052740464923233574
parcel,274,auc,U-T,1.9812813071378939,0.4402603054694304,1.1318353882387873,2.8634172227909627,30,6.787368486492575e-06,1.5939025799982564e-05
parcel,274,auc,S-U,-3.1113081032250323,0.4477027926849605,-3.97755386608968,-2.186845986800672,30,3.665973692873116e-12,1.506564531317719e-11
parcel,275,auc,S-T,-4.383073141139391,0.48816597775347964,-5.308293993466608,-3.3954534639986016,30,2.7410064012826757e-19,2.349434058242293e-18
parcel,275,auc,U-T,0.444900395455287,0.40177110944618055,-0.3359463669744756,1.2484879881745186,30,0.2681435409153491,0.3355289354519488
parcel,275,auc,S-U,-4.827973536594678,0.42210535851641007,-5.685891562745223,-4.031056814879606,30,2.7053730560692766e-30,1.5459274606110151e-28
parcel,276,auc,S-T,-2.8477907781814675,0.30712063379394217,-3.442429402043485,-2.25033907331,30,1.817514614739116e-20,1.7515014090034346e-19
parcel,276,auc,U-T,0.24641662414571547,0.25375293342673083,-0.27110257049578096,0.7360713622040991,30,0.3315040752516196,0.40253830696292303
parcel,276,auc,S-U,-3.094207402327183,0.27545665818139187,-3.655079900603344,-2.5891395550398113,30,2.8074835200045115e-29,1.1229934080018046e-27
parcel,277,auc,S-T,-1.6295535394476968,0.41037415561927704,-2.4080499181679555,-0.8239825127819913,30,7.160250613021541e-05,0.0001545377830148534
parcel,277,auc,U-T,1.6212433641766306,0.32823368384505597,0.9710559628353068,2.247309123391686,30,7.840506775056442e-07,2.05877639607609e-06
parcel,277,auc,S-U,-3.2507969036243276,0.35059834315103167,-3.9153190519160983,-2.5582856722531826,30,1.8244806343785778e-20,1.7515014090034346e-19
parcel,278,auc,S-T,-2.9081858591637997,0.2895071795949538,-3.4626488299520486,-2.315441298693401,30,9.635610855964153e-24,1.5016536398905174e-22
parcel,278,auc,U-T,-0.11643589716380431,0.26258711089459597,-0.6363765466431207,0.4176186798296807,30,0.6574632930107949,0.7165812457883323
parcel,278,auc,S-U,-2.7917499619999955,0.2635250686866924,-3.315217679439976,-2.2870957759362747,30,3.181647815424208e-26,7.95411953856052e-25
parcel,279,auc,S-T,-1.4944610303155115,0.2688447286316364,-2.037884325231948,-0.9712373008614757,30,2.7159550210555518e-08,8.007729791809981e-08
parcel,279,auc,U-T,0.3830096995554073,0.22417442230698328,-0.06089109404772004,0.8123430885508073,30,0.08753723943712566,0.12214498526110558
parcel,279,auc,S-U,-1.8774707298709188,0.19614111117746458,-2.2649785025517706,-1.5069033484527923,30,1.0481584934233092e-21,1.1978954210552107e-20
parcel,28,auc,S-T,-2.335103296279574,0.4185505637189108,-3.149474842906663,-1.541959122334092,30,2.4187301306422242e-08,7.202174086279576e-08
parcel,28,auc,U-T,1.0081512123306762,0.37165269983817956,0.2787436328654911,1.7025765452600496,30,0.0066754330115180935,0.011172272822624424
parcel,28,auc,S-U,-3.34325450861025,0.4141464644466303,-4.15098414987546,-2.5310458186678253,30,6.879531652685416e-16,4.2553804037229376e-15
parcel,280,auc,S-T,-3.0677066186699324,0.46104125340381386,-3.916729915955535,-2.1089626845607445,30,2.8549305103545587e-11,1.08073079256324e-10
parcel,280,auc,U-T,0.9314487774672824,0.4038220015787884,0.17167144925343203,1.7873836831305239,30,0.021078103917163474,0.03251121426811847
parcel,280,auc,S-U,-3.9991553961372146,0.37745439844351975,-4.747060391702456,-3.2736072184833156,30,3.141092699687578e-26,7.95411953856052e-25
parcel,281,auc,S-T,-3.6715958452507422,0.4000411274299538,-4.409209335240204,-2.8361618794977446,30,4.389847496077595e-20,4.115482027572745e-19
parcel,281,auc,U-T,0.13849581552722315,0.3603373114887725,-0.5534634392003229,0.8927930890236713,30,0.7007187045735719,0.7541367224110191
parcel,281,auc,S-U,-3.8100916607779656,0.34051049185917126,-4.490625140570447,-3.1657735176090944,30,4.597828456921022e-29,1.779804563969428e-27
parcel,282,auc,S-T,-2.942889161662025,0.45181645559667843,-3.7867775432351323,-2.0537899243022655,30,7.34383557607214e-11,2.67860264172844e-10
parcel,282,auc,U-T,1.230525174688868,0.36023720419074096,0.5366939950552523,1.9232723172172197,30,0.0006357747911468923,0.0012405361778475947
parcel,282,auc,S-U,-4.173414336350893,0.41815726458192587,-5.0107768742459005,-3.392026087813758,30,1.8554846405397896e-23,2.6826283959611415e-22
parcel,283,auc,S-T,-2.389949963473857,0.2670813929115047,-2.9219172300570495,-1.8607395936312616,30,3.606863310893452e-19,3.0480535021634803e-18
parcel,283,auc,U-T,-0.06230816933861113,0.24398413287216933,-0.5576972223517033,0.3966647083727019,30,0.798431194416029,0.84193096071989
parcel,283,auc,S-U,-2.327641794135246,0.2405562884257609,-2.802168188805329,-1.8523082498978631,30,3.8104838655472307e-22,4.549048226127432e-21
parcel,284,auc,S-T,-4.470529082510149,0.4648157478236999,-5.353729128671479,-3.534727153964622,30,6.722016311326419e-22,7.756172666915098e-21
parcel,284,auc,U-T,0.0101501217853794,0.41658560941350326,-0.8048735582827351,0.8687010019520456,30,0.9805614403061086,0.9846642078387702
parcel,284,auc,S-U,-4.480679204295528,0.41150320625007175,-5.297101605562727,-3.6976734417188086,30,1.3068386303163135e-27,4.126858832577832e-26
parcel,285,auc,S-T,-1.6242289032826143,0.4756892790410913,-2.49742689759651,-0.6695171677849938,30,0.000639051800833745,0.0012449061055202824
parcel,285,auc,U-T,1.4171735473488098,0.4039134395927517,0.6437261158739448,2.2228460530996244,30,0.0004504598867757503,0.0008949534174352654
parcel,285,auc,S-U,-3.0414024506314243,0.4044014749642322,-3.817670245598203,-2.2666395156924812,30,5.44628441246373e-14,2.8170436616191706e-13
parcel,286,auc,S-T,-3.9564969692469307,0.4450283102911696,-4.822673584916512,-3.0956916098538394,30,6.086803799049724e-19,5.002852437575115e-18
parcel,286,auc,U-T,0.05776457481136492,0.39985828388484634,-0.7238883562915405,0.8031444364910663,30,0.885135172701454,0.9101647020066366
parcel,286,auc,S-U,-4.014261544058296,0.40340761016001714,-4.805630377827755,-3.2500689850832005,30,2.499578250567687e-23,3.5708260722395526e-22
parcel,287,auc,S-T,-2.4121559681884053,0.5227597387240842,-3.4346578813123165,-1.434140840981004,30,3.944742965094887e-06,9.58237157512928e-06
parcel,287,auc,U-T,1.219571735126811,0.46829353733884305,0.2772950622757979,2.10479830211987,30,0.009206507381965922,0.01507204482722934
parcel,287,auc,S-U,-3.6317277033152164,0.4227340699725357,-4.445778401038098,-2.7962753391211184,30,8.61813635839025e-18,6.275919519611121e-17
parcel,288,auc,S-T,-2.895844038188278,0.39437266130726634,-3.6682682538146127,-2.1253799212513007,30,2.0899479813703689e-13,9.991783177866307e-13
parcel,288,auc,U-T,0.5462084201862446,0.32974295226015726,-0.10725271003478057,1.1758114031623779,30,0.09762722042871115,0.13502669738198508
parcel,288,auc,S-U,-3.4420524583745227,0.33654975409447735,-4.1034089495511585,-2.7943916145892294,30,1.493709015919476e-24,2.6752997300050317e-23
parcel,289,auc,S-T,-2.1670169204764007,0.3304923871201071,-2.8117308790820204,-1.5158450994406476,30,5.492513952626146e-11,2.04689960967434e-10
parcel,289,auc,U-T,0.458950719239955,0.27042790737518707,-0.07955994666009711,0.9792461424405111,30,0.08967250158793388,0.12497909628980332
parcel,289,auc,S-U,-2.6259676397163556,0.25547422589086366,-3.137945015421032,-2.1446026712774864,30,8.781707330370472e-25,1.6996852897491236e-23
parcel,29,auc,S-T,-0.9123687998372522,0.3450921107370908,-1.6109433043344459,-0.26428145479874937,30,0.008197106130507552,0.013456261773747008
parcel,29,auc,U-T,1.3940658045174683,0.3123451107582745,0.7754987044055472,1.9726504133947438,30,8.073604412938238e-06,1.8812282127234727e-05
parcel,29,auc,S-U,-2.3064346043547204,0.2519436480136398,-2.799402749103049,-1.8298259290036574,30,5.457704150230556e-20,4.999423649066159e-19
parcel,290,auc,S-T,-2.7785192846543842,0.4593258961422523,-3.7217557877166834,-1.9029603200998546,30,1.4563557118607215e-09,4.753627559026592e-09
parcel,290,auc,U-T,-0.4064319313642455,0.4318958096646284,-1.2627562953894158,0.41077231855014734,30,0.34668353222397896,0.4185314272321678
parcel,290,auc,S-U,-2.372087353290139,0.3642850414631026,-3.0630450071019197,-1.6909677371685632,30,7.434243807171393e-11,2.703361384425961e-10
parcel,291,auc,S-T,-3.672575441072831,0.45646566488290463,-4.575396195696767,-2.7592866595723353,30,8.576972304494211e-16,5.251207533363802e-15
parcel,291,auc,U-T,0.14944505831996094,0.3717984814099757,-0.5848716439809956,0.8709410179677392,30,0.6877195202234474,0.743480562403727
parcel,291,auc,S-U,-3.8220204993927918,0.38716231583191096,-4.58961144943746,-3.1005023773896427,30,5.512084151181468e-23,7.5164783879747295e-22
parcel,292,auc,S-T,-2.9319292731228526,0.43348138176073586,-3.8166047012238185,-2.074287021330486,30,1.3453021781149939e-11,5.258510142469032e-11
parcel,292,auc,U-T,0.590734635407055,0.35676379290261834,-0.12279262879793064,1.2960472221284172,30,0.09775940518465924,0.13502669738198508
parcel,292,auc,S-U,-3.5226639085299074,0.3474654910411318,-4.2059639150288275,-2.8389422301094376,30,3.740441765110605e-24,6.412185883046751e-23
parcel,293,auc,S-T,-4.278148902106934,0.4510510458404183,-5.162751712884523,-3.367510959257049,30,2.427453970175678e-21,2.6242745623520844e-20
parcel,293,auc,U-T,-0.39759158998123045,0.42892130947439294,-1.1988671636413588,0.49735781128592144,30,0.35394888511293976,0.42687302727188714
parcel,293,auc,S-U,-3.8805573121257035,0.3792154979711315,-4.633052675791023,-3.164192706544171,30,1.4090669035088025e-24,2.5619398245614593e-23
parcel,294,auc,S-T,0.6106653811155364,0.6417850071737083,-0.708355674544971,1.7716940277028868,30,0.3413451264361381,0.4125016633669343
parcel,294,auc,U-T,0.6361728593620546,0.6631809780213058,-0.6765205626671849,1.889873053883738,30,0.3374202818939206,0.4085815724245254
parcel,294,auc,S-U,-0.025507478246518223,0.3792226853001691,-0.753980415937264,0.7255599771951387,30,0.9463727039348069,0.9599723116836586
parcel,295,auc,S-T,-0.3595595020187454,0.5671682746325647,-1.47903049731406,0.7342546620502045,30,0.5261098006873414,0.5978520462356152
parcel,295,auc,U-T,0.35368862297144443,0.6475098071365767,-0.9426097272848836,1.5690453458761546,30,0.5849085462699548,0.6498983847443943
parcel,295,auc,S-U,-0.7132481249901899,0.40579588370679603,-1.5321949744558838,0.062033416417637405,30,0.07880666487601565,0.11086517919251908
parcel,296,auc,S-T,-0.9453681523835775,0.6984415353991466,-2.354287983975763,0.3815617517095195,30,0.1758833646737319,0.22991289499834233
parcel,296,auc,U-T,0.9614144641390138,0.7075262475191227,-0.4569862398477416,2.352384332398841,30,0.17419751992944865,0.22845576384189986
parcel,296,auc,S-U,-1.9067826165225914,0.44795296557818165,-2.7377535822094305,-1.0560142872789844,30,2.0750531990183767e-05,4.733961670764357e-05
parcel,297,auc,S-T,-2.1259261018441813,0.2865640559250338,-2.6739259239687634,-1.56711280025579,30,1.1829622523046343e-13,5.770547572217729e-13
parcel,297,auc,U-T,0.3633439864934157,0.24309601157819388,-0.11155187184557651,0.8491414752142099,30,0.1350052374544189,0.18121508383143475
parcel,297,auc,S-U,-2.489270088337597,0.22147698215601289,-2.935226922157699,-2.0833601725054396,30,2.611285771934259e-29,1.0805320435590038e-27
parcel,298,auc,S-T,-2.089677673501137,0.29128823205838655,-2.6490829921011745,-1.540703563473256,30,7.288167198045688e-13,3.2755807631666014e-12
parcel,298,auc,U-T,0.7223801931517146,0.2249898478893481,0.2654676933680865,1.167383494420899,30,0.0013240126103591595,0.0024256719579099106
parcel,298,auc,S-U,-2.812057866652852,0.21795943412665028,-3.2407694117740435,-2.4173858507481203,30,4.399972822558584e-38,1.0559934774140601e-35
parcel,299,auc,S-T,-4.660090406695248,0.3998604872439932,-5.453118900219966,-3.8721240467936413,30,2.1818935689380117e-31,1.7455148551504094e-29
parcel,299,auc,U-T,0.31005039201269485,0.30313525700601734,-0.28482796088002654,0.8924655039537627,30,0.3063967220616538,0.3778787939095422
parcel,299,auc,S-U,-4.970140798707943,0.3549050433429208,-5.683770348832149,-4.315990286287711,30,1.47043822413596e-44,8.82262934481576e-42
parcel,3,auc,S-T,-0.5153460184280348,0.3708697539105949,-1.2617865814884386,0.18731822159142644,30,0.16466233008552045,0.2166609606388427
parcel,3,auc,U-T,0.9931845289332903,0.33173250069443105,0.3365710351404446,1.6256044284350168,30,0.0027540737287479284,0.004874466776545006
parcel,3,auc,S-U,-1.508530547361325,0.2626223325345632,-2.0377717424997623,-1.0039464093931474,30,9.240782506092862e-09,2.836045781921083e-08
parcel,30,auc,S-T,-1.4521504131056335,0.3709011800475009,-2.1876712949125605,-0.7258344567091498,30,9.033120345377318e-05,0.00019117715016671573
parcel,30,auc,U-T,0.7461371597087539,0.29581838582783077,0.15130055251985278,1.302425115726381,30,0.011659645286987928,0.018730353874679403
parcel,30,auc,S-U,-2.1982875728143876,0.280447637271221,-2.73359749038199,-1.6552771662973487,30,4.55976173997521e-15,2.6306317730626213e-14
parcel,300,auc,S-T,-4.79400091589284,0.5949336739274098,-5.968152970073605,-3.598398696982294,30,7.752577471753613e-16,4.770816905694531e-15
parcel,300,auc,U-T,-0.053841750703182374,0.5435664500322592,-1.0391480484342985,1.0784038873504336,30,0.9210963889854886,0.9390957236895381
parcel,300,auc,S-U,-4.740159165189658,0.5009826679767154,-5.734577305874678,-3.802862805018728,30,3.0291048271127566e-21,3.216748488969299e-20
parcel,301,auc,S-T,-2.654869706056881,0.39393161736170107,-3.4844548396796746,-1.8801522731178852,30,1.590226614491796e-11,6.195688108409595e-11
parcel,301,auc,U-T,-0.49722289430880706,0.41746854523547683,-1.3292181865950854,0.3137199484071323,30,0.233636793249568,0.29543114004160337
parcel,301,auc,S-U,-2.157646811748074,0.30733937940501704,-2.754925618007447,-1.5581478784722365,30,2.21226575207239e-12,9.28652094591665e-12
parcel,302,auc,S-T,-1.4610853719151764,0.3178404407331894,-2.0940173383329572,-0.8226779693273396,30,4.28793204595273e-06,1.0311660230748049e-05
parcel,302,auc,U-T,0.5042825610019513,0.25785563529037664,0.005103883037546166,1.0249452530974454,30,0.050503112620804015,0.07319291684174495
parcel,302,auc,S-U,-1.9653679329171276,0.21875873816660696,-2.4104907087029845,-1.5537298463423435,30,2.606701912625459e-19,2.2503901403960796e-18
parcel,303,auc,S-T,-2.567887335097054,0.3415228906620129,-3.2430042259545346,-1.902234863502377,30,5.522556688101848e-14,2.8442352041726257e-13
parcel,303,auc,U-T,0.1674476076191306,0.24764491003344843,-0.3163081746424506,0.6446359993306342,30,0.49893900096504995,0.5718498578395989
parcel,303,auc,S-U,-2.7353349427161846,0.27814963298696316,-3.296824862979465,-2.2197676306909297,30,8.032912570998903e-23,1.0365048478708262e-21
parcel,304,auc,S-T,-2.002172021177787,0.3415073108051026,-2.6640452481024255,-1.3235512796831597,30,4.5526313513704905e-09,1.4264119116565506e-08
parcel,304,auc,U-T,0.7388353239810601,0.2524269436972733,0.23054164433315238,1.2368214944249305,30,0.0034232884266242043,0.005953545089781224
parcel,304,auc,S-U,-2.741007345158847,0.25125163172599874,-3.247105651272023,-2.270062885263055,30,1.039273741302571e-27,3.4642458043419034e-26
parcel,305,auc,S-T,-2.09774304311735,0.2648606366012752,-2.6134548631168886,-1.5920416383650338,30,2.371732845713444e-15,1.4159599078886235e-14
parcel,305,auc,U-T,0.3722577397000888,0.18083523947537156,0.013968715492589406,0.7086750526418553,30,0.03953770745899973,0.058430109545319804
parcel,305,auc,S-U,-2.470000782817439,0.20034687121424888,-2.8869566350041205,-2.096325457817437,30,6.352399568318474e-35,8.469866091091299e-33
parcel,306,auc,S-T,-3.1519557203920967,0.3322627929715819,-3.7799175513248793,-2.5016336410177575,30,2.3930312560185138e-21,2.6105795520201967e-20
parcel,306,auc,U-T,0.32590238133218946,0.25211425860404557,-0.1593217841446883,0.8215164998292327,30,0.1961226889474229,0.25360692536304685
parcel,306,auc,S-U,-3.477858101724286,0.2992611538073908,-4.095995022954475,-2.9234489287348455,30,3.2052748375188826e-31,2.4039561281391619e-29
parcel,307,auc,S-T,-0.9759755120783774,0.24000670297795934,-1.4769391003295387,-0.519500098955642,30,4.7734503596765316e-05,0.00010588059947526504
parcel,307,auc,U-T,0.6977091031200421,0.220639809965888,0.25420464668167286,1.121815448727806,30,0.0015657736086810707,0.0028390047196872018
parcel,307,auc,S-U,-1.6736846151984195,0.14607470806797326,-1.9591307024623204,-1.3949158009689782,30,2.1507723864133104e-30,1.2904634318479863e-28
parcel,308,auc,S-T,-1.2829085504494784,0.2212541298857136,-1.7071596707590284,-0.8607272403450522,30,6.6971168975700895e-09,2.0820052531305976e-08
parcel,308,auc,U-T,0.5864992768646353,0.18240250527503826,0.21878862808679372,0.9295725962814145,30,0.0013025724462500607,0.002397372600460234
parcel,308,auc,S-U,-1.8694078273141137,0.14897069656865913,-2.16646067925538,-1.5987719004095318,30,4.0343086911635347e-36,6.051463036745302e-34
parcel,309,auc,S-T,-4.272916839346052,0.4475378177623171,-5.158575878931559,-3.388919249104916,30,1.3272188410346666e-21,1.4884697282631774e-20
parcel,309,auc,U-T,-0.43315289736470086,0.4218675094008325,-1.2394281936373164,0.446566663799923,30,0.30453771633132987,0.3766588551126128
parcel,309,auc,S-U,-3.8397639419813507,0.3968506412816121,-4.624627013200573,-3.0551239481455275,30,3.8287822569905887e-22,4.549048226127432e-21
parcel,31,auc,S-T,-3.2637513590500538,0.4892080739806858,-4.195487337139114,-2.3436454273019844,30,2.5320303784219307e-11,9.645830013035925e-11
parcel,31,auc,U-T,0.7775504948344737,0.4152766421712155,-0.041862138346163764,1.565386658903518,30,0.06115577595228297,0.08767853183123007
parcel,31,auc,S-U,-4.041301853884527,0.4296379826038678,-4.877937166781681,-3.2013256106500996,30,5.139310067393473e-21,5.316527655924282e-20
parcel,310,auc,S-T,-3.0611198442913974,0.4600231382055959,-3.931786527849699,-2.132813705005019,30,2.8470254356467376e-11,1.08073079256324e-10
parcel,310,auc,U-T,0.44564868096912136,0.3778115886339392,-0.2666830036569933,1.2277746784861217,30,0.2381781632243476,0.29990954445877976
parcel,310,auc,S-U,-3.5067685252605187,0.4021435814616464,-4.308821684404159,-2.741242744684526,30,2.7773480550021644e-18,2.1502049458081273e-17
parcel,311,auc,S-T,-2.239753887026435,0.37206557269452767,-2.949883377667166,-1.4882700565874634,30,1.7465140666250811e-09,5.664369945811074e-09
parcel,311,auc,U-T,0.571101000442348,0.287366667760487,0.02017340216874764,1.1449830554834781,30,0.04688252488287625,0.06819276346600182
parcel,311,auc,S-U,-2.810854887468783,0.30313574805816157,-3.41309729501971,-2.24882304151905,30,1.816718992270114e-20,1.7515014090034346e-19
parcel,312,auc,S-T,-1.5357162490792158,0.32446852555597905,-2.1781186765553096,-0.8964161367225063,30,2.2120291629943293e-06,5.530072907485823e-06
parcel,312,auc,U-T,0.5748693028162508,0.23300335401390665,0.10645915240360804,1.0193909349177386,30,0.013616868004982245,0.021557046973586666
parcel,312,auc,S-U,-2.1105855518954666,0.2187513556345784,-2.5350478275453834,-1.6994929778922048,30,4.996208246066832e-22,5.877892054196273e-21
parcel,313,auc,S-T,-2.5108949757675614,0.39974136463766086,-3.2927127578314646,-1.7496205106955032,30,3.3575600462497645e-10,1.1511634444284907e-09
parcel,313,auc,U-T,0.864697847822924,0.2923401423127874,0.2777730230122623,1.4254793154802086,30,0.003097943532780431,0.0054429461776522945
parcel,313,auc,S-U,-3.3755928235904853,0.3075817525527831,-3.987899206411432,-2.808150651621613,30,5.061828831971113e-28,1.8406650298076775e-26
parcel,314,auc,S-T,-2.158743291383319,0.46919960841989505,-3.136055494166105,-1.2421059139157942,30,4.206572515142259e-06,1.0156714322275071e-05
parcel,314,auc,U-T,-0.20021287670648516,0.46713523296866066,-1.1269365898101915,0.7154547859632718,30,0.6682163464223103,0.7276403046340947
parcel,314,auc,S-U,-1.9585304146768339,0.35063491740246105,-2.6341622263111364,-1.2761686281228917,30,2.328029336885157e-08,6.96667133232466e-08
parcel,315,auc,S-T,-1.601630191518727,0.3799252382846643,-2.3499822525789362,-0.8636920647139543,30,2.4906454234069038e-05,5.6285772280382006e-05
parcel,315,auc,U-T,0.5001818485721693,0.29565619328277226,-0.10348670701302161,1.0837123135620468,30,0.09069011283666967,0.1262507371276144
parcel,315,auc,S-U,-2.101812040090896,0.2556235452782117,-2.590660667327996,-1.6057715947805136,30,1.9964640208531013e-16,1.2950036892020116e-15
parcel,316,auc,S-T,-2.0285332289312765,0.41128387343603456,-2.851236282227358,-1.2222000603176975,30,8.13097055186058e-07,2.1303852974307195e-06
parcel,316,auc,U-T,0.7372552347850152,0.2768241105329288,0.1751020087677368,1.2893497490636683,30,0.007738705033996047,0.012756107198894584
parcel,316,auc,S-U,-2.7657884637162917,0.26953078173401,-3.3008141069395753,-2.2579440859309523,30,1.0506856978558393e-24,1.9700356834796986e-23
parcel,317,auc,S-T,-2.1008731045732336,0.43352768784882056,-3.000998728983308,-1.2604150457489374,30,1.2597854685299991e-06,3.202844411516947e-06
parcel,317,auc,U-T,0.1373948552892524,0.3609647454370851,-0.5768137098114131,0.8392351437047503,30,0.7034760815567302,0.7564258941470218
parcel,317,auc,S-U,-2.238267959862486,0.2920022520343389,-2.794572160273421,-1.681135596293328,30,1.7849416727235235e-14,9.6483333660731e-14
parcel,318,auc,S-T,-2.878234201313842,0.4690529635202657,-3.811600135093081,-1.9425718884309906,30,8.448314466910228e-10,2.816104822303409e-09
parcel,318,auc,U-T,-0.08100035560019979,0.41315421960054366,-0.8694140557151337,0.7407933032102336,30,0.8445682444995676,0.8774735007787715
parcel,318,auc,S-U,-2.797233845713642,0.37231754329814587,-3.5323257399810797,-2.089027906826149,30,5.777312708888102e-14,2.9501171279428606e-13
parcel,319,auc,S-T,-0.3453252919569729,0.08806108986912806,-0.5045739904552923,-0.16266873092623074,30,8.802546775841285e-05,0.00018695674568158482
parcel,319,auc,U-T,0.09288904163456263,0.09348547506290886,-0.08069672150533223,0.282198737463938,30,0.3204078831829904,0.3919362485418843
parcel,319,auc,S-U,-0.43821433359153555,0.07069664051043306,-0.5767152572271638,-0.2965830460889561,30,5.699762189872031e-10,1.9266801768581515e-09
parcel,32,auc,S-T,-0.006854017859377923,0.2661682181231248,-0.5249629429387715,0.5208779456022866,30,0.9794561847191547,0.9843780750946278
parcel,32,auc,U-T,1.447006731382487,0.2913007212204394,0.8583505225209513,2.00487731797787,30,6.785709539387376e-07,1.7896376807175496e-06
parcel,32,auc,S-U,-1.453860749241865,0.2243803283301575,-1.8928472256916047,-1.003459457157935,30,9.205857006522357e-11,3.337470818074571e-10
parcel,320,auc,S-T,-1.3880190459223034,0.2061542907921179,-1.7839773786387174,-0.982118876011736,30,1.662987243380392e-11,6.416671035551353e-11
parcel,320,auc,U-T,0.1715768065848555,0.18975351531021878,-0.19323071415183588,0.549425014677835,30,0.3658846718875992,0.43950110737249154
parcel,320,auc,S-U,-1.559595852507159,0.19543306088533013,-1.967550958508727,-1.194411142257003,30,1.460906782176079e-15,8.821599185732542e-15
parcel,321,auc,S-T,0.24676186848148884,0.09863657071484049,0.05416103860812352,0.4376865778025786,30,0.012358884348794626,0.019800615779110214
parcel,321,auc,U-T,0.013920807360482238,0.0774841592840984,-0.12804120277516484,0.1734064408509013,30,0.8574194642966981,0.8877509552683674
parcel,321,auc,S-U,0.2328410611210066,0.06513558734432996,0.09864721067077405,0.35245894445562465,30,0.00035061165899171023,0.0007047470532496688
parcel,322,auc,S-T,-0.6471799879252026,0.18044967894682495,-0.9692464172588151,-0.2656868195449868,30,0.0003351658959375865,0.0006771028200759322
parcel,322,auc,U-T,-0.12424131366316038,0.1987103809951781,-0.49776610533626253,0.27648199673379315,30,0.5318147578639114,0.6031925420006556
parcel,322,auc,S-U,-0.5229386742620422,0.16136744657692656,-0.8264030379904794,-0.1811922112065365,30,0.0011924906339079455,0.002204913344668004
parcel,323,auc,S-T,0.0426737365268826,0.05740680872192405,-0.0680333890425536,0.16088423023595128,30,0.45726574534173026,0.5332545135180529
parcel,323,auc,U-T,0.3535775166269653,0.05918526069589917,0.24059399939214512,0.46618322206363083,30,2.3139141457850706e-09,7.444227814858136e-09
parcel,323,auc,S-U,-0.3109037801000827,0.03393039433147594,-0.37719992152216225,-0.2444699050110647,30,5.04800456960718e-20,4.695818204285749e-19
parcel,324,auc,S-T,0.5773824855362539,0.1751273675255974,0.23468228034232913,0.9267990849776316,30,0.0009774823001647696,0.0018385247025042688
parcel,324,auc,U-T,0.6702081487761461,0.1874844597236378,0.31185038966405454,1.0616836468439692,30,0.0003505764519517692,0.0007047470532496688
parcel,324,auc,S-U,-0.09282566323989216,0.12948946909620992,-0.33794067306567926,0.18006205529350006,30,0.4734612362928817,0.5478818549194389
parcel,325,auc,S-T,-0.5134427474548716,0.15155728819270814,-0.8253816798010838,-0.22399155201417403,30,0.0007046076074441858,0.001361560594095045
parcel,325,auc,U-T,0.26499381115455334,0.12795358361909717,0.02283106879876357,0.5188317183963069,30,0.038357379569237085,0.056825747509980866
parcel,325,auc,S-U,-0.778436558609425,0.10607653695238416,-0.9946016379852469,-0.5781925197637431,30,2.1609383774590787e-13,1.0249510090714997e-12
parcel,326,auc,S-T,0.9284010267863992,0.24765351385700404,0.4407063136535279,1.4201416244674583,30,0.00017768976031044476,0.0003676339868491961
parcel,326,auc,U-T,-0.032354731894338316,0.2716532351907729,-0.5594410556536898,0.5079959096013545,30,0.905193705527365,0.9276109706514415
parcel,326,auc,S-U,0.9607557586807376,0.2142852408974813,0.5347152106495348,1.3814584575034146,30,7.341594205994825e-06,1.717331978010485e-05
parcel,327,auc,S-T,0.9571753423639637,0.2891005397917924,0.3882194130733512,1.5187723760313991,30,0.000930052119564174,0.0017603510149479635
parcel,327,auc,U-T,0.17864360442774768,0.2927973911192304,-0.3845158368451689,0.7613144919943231,30,0.5417776583698706,0.6121781450507012
parcel,327,auc,S-U,0.778531737936216,0.21638042125265242,0.35144819763225366,1.1970047652059201,30,0.0003207022044414362,0.0006489757931361272
parcel,328,auc,S-T,-0.22256521576279195,0.18168330536519878,-0.586377021867462,0.12150512431256884,30,0.22056865346916033,0.2815276268014479
parcel,328,auc,U-T,0.09336868715697516,0.15182069423999944,-0.20397741172328754,0.38783550145292794,30,0.5385592434566819,0.6091150727125526
parcel,328,auc,S-U,-0.3159339029197671,0.10463863133749624,-0.5167507131626958,-0.09881718845718793,30,0.0025337163534081444,0.004504384628281146
parcel,329,auc,S-T,0.7381005757410131,0.26759409656046274,0.20983227131544585,1.2664110172022203,30,0.005810565147294353,0.009779352281561324
parcel,329,auc,U-T,0.5148029387734335,0.2621038776606898,0.02587376604427707,1.0343590477801636,30,0.04951641155283428,0.07193667537942026
parcel,329,auc,S-U,0.22329763696757954,0.17124037466148298,-0.10866776094638068,0.5541704690546602,30,0.19223320723173887,0.24884557570451635
parcel,33,auc,S-T,-0.17594040472158554,0.3731441236162926,-0.911684021948055,0.5503655544027464,30,0.6372780745319013,0.6996648576745486
parcel,33,auc,U-T,1.6808663618540658,0.438864088579217,0.7830585825997368,2.5142305616141263,30,0.00012812320409046806,0.00026973306124309065
parcel,33,auc,S-U,-1.8568067665756514,0.3140327658030307,-2.4588223309324255,-1.224411900289018,30,3.3638062776535253e-09,1.0622546139958502e-08
parcel,330,auc,S-T,0.01565216188164876,0.17577659650259533,-0.3433046515818719,0.35780841619633413,30,0.9290455376362614,0.9439920788852783
parcel,330,auc,U-T,0.33546830992617355,0.16041473211433102,0.021330954972638993,0.6426437727762793,30,0.036505100053324704,0.0543500248932874
parcel,330,auc,S-U,-0.3198161480445248,0.10193900905935846,-0.5288056558246321,-0.11955334266137307,30,0.0017049504431412377,0.0030812357406166946
parcel,331,auc,S-T,0.6230144745861618,0.13648130341880493,0.36056408122765077,0.8955715649763942,30,4.998900791431948e-06,1.1925807057094111e-05
parcel,331,auc,U-T,0.8686163483482954,0.12276589946951935,0.6185772214732902,1.0984999315675466,30,1.490313916650549e-12,6.409952329679781e-12
parcel,331,auc,S-U,-0.2456018737621336,0.11146810597909534,-0.45854254652551757,-0.021793854770581083,30,0.02757095977329515,0.04182699333496103
parcel,332,auc,S-T,-1.8708821156933388,0.6365072701050863,-3.0023853351113985,-0.5017526125315814,30,0.0032896067421223827,0.005746037977506345
parcel,332,auc,U-T,0.30641927540501396,0.6183774445288203,-0.8423864627950532,1.6303826039343459,30,0.6202320989552956,0.6834513487110695
parcel,332,auc,S-U,-2.1773013910983527,0.47910714776121727,-3.1164940599687467,-1.2172146513411999,30,5.506637580660811e-06,1.3059219558879393e-05
parcel,333,auc,S-T,-4.95864596812944,0.6676847786689912,-6.191533415812003,-3.540834154332524,30,1.1140172656482546e-13,5.478773437614367e-13
parcel,333,auc,U-T,-0.4652933557049739,0.6460777270434768,-1.705248226143161,0.8978943370260186,30,0.4714131298137123,0.5460383743015973
parcel,333,auc,S-U,-4.4933526124244665,0.5521663526319507,-5.621778756161457,-3.39572751079206,30,4.0292693993456737e-16,2.55826628529884e-15
parcel,334,auc,S-T,-3.10254634311844,0.5487457667743986,-4.085451931869953,-1.9212579842387407,30,1.568597128351364e-08,4.74135152146508e-08
parcel,334,auc,U-T,1.1678049164622397,0.47050500857327604,0.3084719613613406,2.1840096944371155,30,0.013063832575725015,0.020818856694382496
parcel,334,auc,S-U,-4.27035125958068,0.4218553402103238,-5.1241780039296145,-3.4451331630060738,30,4.3777460522436205e-24,7.296243420406034e-23
parcel,335,auc,S-T,-3.538416303620496,0.35376126173380346,-4.192426066991246,-2.8198980465738344,30,1.489403102994486e-23,2.1796142970651015e-22
parcel,335,auc,U-T,-0.19952172642060517,0.31285908793405687,-0.8144536192014916,0.4484244496020321,30,0.5236450826106154,0.5956152598414582
parcel,335,auc,S-U,-3.338894577199891,0.3181517560064051,-3.9900325567708985,-2.7295183595224164,30,9.140598156852055e-26,2.0695693940042387e-24
parcel,336,auc,S-T,-2.9977171168271655,0.45839697874563307,-3.845274598592536,-2.024361875622615,30,6.169777210037462e-11,2.264138425701821e-10
parcel,336,auc,U-T,0.12786369188741617,0.42520001856527295,-0.667536607970877,1.03683482365736,30,0.763632424488776,0.8123749196689106
parcel,336,auc,S-U,-3.1255808087145818,0.3484859092567371,-3.840115566649434,-2.4548484924173355,30,2.991352607758098e-19,2.5458320066026365e-18
parcel,337,auc,S-T,-2.5282924848996617,0.5318098602496953,-3.4679511396641525,-1.3837159930827783,30,1.99304117712875e-06,5.0034506538797065e-06
parcel,337,auc,U-T,0.387010485292165,0.48691371434413006,-0.487773672273684,1.4402893922586004,30,0.4267161519791063,0.5025116608193597
parcel,337,auc,S-U,-2.915302970191827,0.377326268981385,-3.6510310071068273,-2.1590393148745206,30,1.1079354226993793e-14,6.212721996445118e-14
parcel,338,auc,S-T,-0.6606752519804407,0.18998243422586414,-1.003422275382033,-0.2588765970438467,30,0.0005060004047794492,0.0009986850094331234
parcel,338,auc,U-T,0.30153945580504277,0.19563727996436267,-0.05474763218678427,0.7029756064860807,30,0.12323916802566089,0.1671039566449639
parcel,338,auc,S-U,-0.9622147077854835,0.14506279975412145,-1.2508384446167722,-0.6680844940077437,30,3.2872967073788665e-11,1.240489323539195e-10
parcel,339,auc,S-T,-1.5986983067857725,0.32648138574776325,-2.191608697794561,-0.9028743513234645,30,9.743378521820596e-07,2.536237359259157e-06
parcel,339,auc,U-T,0.6059542328553227,0.3293480537795412,0.0059285942759806426,1.3044345575016585,30,0.06578882837217591,0.09364957775398706
parcel,339,auc,S-U,-2.204652539641095,0.2855883961974042,-2.7687576315969307,-1.6303989671018762,30,1.1661728473132837e-14,6.478738040629353e-14
parcel,34,auc,S-T,-0.056942506272292054,0.22980866430958732,-0.5073253928900869,0.41650936689623375,30,0.8043028947174966,0.8455462085936449
parcel,34,auc,U-T,0.8167845922851867,0.2215086980393311,0.3712025631416637,1.2437228885058207,30,0.00022658352437811982,0.00046478671667306634
parcel,34,auc,S-U,-0.8737270985574788,0.19219353720725532,-1.2539444187763809,-0.4978058087028491,30,5.465440073079276e-06,1.2987184332069566e-05
parcel,340,auc,S-T,-0.832536979489659,0.3890080208416031,-1.6015628833075402,-0.07638291420534432,30,0.03234234244669652,0.048757300170899284
parcel,340,auc,U-T,0.41454834403625757,0.4051286508118072,-0.3285558403397609,1.274163268419201,30,0.30618913025549377,0.3778787939095422
parcel,340,auc,S-U,-1.2470853235259165,0.31597816247964045,-1.8445006269579005,-0.622685110839428,30,7.922075735136225e-05,0.00016975876575291913
parcel,341,auc,S-T,-0.8120135303749453,0.2687475221345878,-1.292736664064686,-0.23806287054516262,30,0.002515476142665151,0.0044852472083182484
parcel,341,auc,U-T,0.2854955801872459,0.2757333181372396,-0.20997791028786617,0.861239129587222,30,0.3004799404457198,0.37249579394097493
parcel,341,auc,S-U,-1.0975091105621912,0.2097169683931412,-1.504982591991915,-0.678877296540053,30,1.665217620669844e-07,4.608408319420224e-07
parcel,342,auc,S-T,-2.430380713503479,0.34219298780539065,-3.0723384251998835,-1.7118354382036411,30,1.2263666099497362e-12,5.338601165865488e-12
parcel,342,auc,U-T,-0.21910340651299112,0.37777104573882203,-0.9204419904511716,0.5907716822729286,30,0.5619214012326174,0.6307817413275405
parcel,342,auc,S-U,-2.2112773069904876,0.3113183756508514,-2.835621517403105,-1.5775326803269467,30,1.2212599623327558e-12,5.338601165865488e-12
parcel,343,auc,S-T,-0.7893940095612797,0.34462800500442126,-1.4116347020955373,-0.07368554763111032,30,0.021988389744073057,0.033871717192410354
parcel,343,auc,U-T,0.8818485110735377,0.3163062985354847,0.3079460806753073,1.5423588873872445,30,0.005304150497846303,0.008964761404810652
parcel,343,auc,S-U,-1.6712425206348174,0.2818249439079884,-2.2216465219700274,-1.1195158870654203,30,3.0279983333878267e-09,9.587329815475968e-09
parcel,344,auc,S-T,-3.5450771870544835,0.4709461003008128,-4.510810027616759,-2.654105278097393,30,5.169543972513371e-14,2.685477388318634e-13
parcel,344,auc,U-T,-0.7438596635857484,0.41818666619524436,-1.5264257072707481,0.07805217000288107,30,0.07527678433450515,0.1063982817448836
parcel,344,auc,S-U,-2.8012175234687353,0.34955566883937417,-3.495952486216684,-2.1225997644858454,30,1.113513955870803e-15,6.7828261271317946e-15
parcel,345,auc,S-T,-4.005477960208639,0.40628476809615055,-4.742474782878899,-3.1705672018912865,30,6.279892574321299e-23,8.373190099095065e-22
parcel,345,auc,U-T,0.04698713198494316,0.34039371082036035,-0.6057153549808078,0.7512378666183924,30,0.8902106989471325,0.9138176550355509
parcel,345,auc,S-U,-4.052465092193582,0.3497912551857548,-4.766782554322807,-3.377295140069838,30,4.887863061752646e-31,3.4502562788842204e-29
parcel,346,auc,S-T,-1.6598862826825098,0.4302961398618024,-2.5148585929645315,-0.8279434102671144,30,0.00011453207716167639,0.00024196917710213322
parcel,346,auc,U-T,0.09827063464132672,0.4534627416041542,-0.7705092772503108,0.9892515497360995,30,0.8284331101412928,0.8639618974734771
parcel,346,auc,S-U,-1.7581569173238365,0.2837204857371335,-2.3140796983772596,-1.1964290319997506,30,5.76254675691948e-10,1.942431491096454e-09
parcel,347,auc,S-T,-1.5515758248693254,0.5290884767008002,-2.606333769543969,-0.5342957190534264,30,0.0033619607867699432,0.0058638850932033896
parcel,347,auc,U-T,0.12335449694657578,0.5668385929106584,-0.9830953642797287,1.2537948146743882,30,0.8277264616437444,0.8639618974734771
parcel,347,auc,S-U,-1.6749303218159013,0.37237493521464093,-2.392671209271406,-0.9459637781953949,30,6.8606211508857736e-06,1.6079580822388533e-05
parcel,348,auc,S-T,-1.0145725266226626,0.47959982606708934,-1.9496091883718503,-0.09226013705765389,30,0.034391066281735404,0.05152219667675716
parcel,348,auc,U-T,0.6266353282995134,0.43382831604032446,-0.20814065711395036,1.5216455726903675,30,0.14861760745517935,0.19793688007349083
parcel,348,auc,S-U,-1.641207854922176,0.3812049069129547,-2.3748244806007435,-0.910246781369755,30,1.6674700510568047e-05,3.833264485188057e-05
parcel,349,auc,S-T,-2.2228425539723595,0.4598950541627222,-3.124810522654406,-1.297957994773792,30,1.3424154531215788e-06,3.405705166481807e-06
parcel,349,auc,U-T,0.19370689607243044,0.4832357815401152,-0.7173628124678605,1.2014781013857836,30,0.6885277710935769,0.7436843612171847
parcel,349,auc,S-U,-2.41654945004479,0.3251039384748575,-3.0337921948859736,-1.7495312762635362,30,1.060338607111955e-13,5.257877390637793e-13
parcel,35,auc,S-T,-0.9664977066581698,0.21146255016145915,-1.3939963484607372,-0.5659172937705872,30,4.864727568484545e-06,1.1628830840998911e-05
parcel,35,auc,U-T,0.5479541910377028,0.16361980382357183,0.2110860638443059,0.86894105169609,30,0.0008111906120697637,0.0015574859751739463
parcel,35,auc,S-U,-1.5144518976958725,0.1455318341071827,-1.8063493455783015,-1.238704623155894,30,2.320001429406078e-25,4.884213535591743e-24
parcel,350,auc,S-T,-2.8497447850557007,0.49244284901038443,-3.8686919742376396,-1.909651833298482,30,7.1673615234830554e-09,2.2224376817001723e-08
parcel,350,auc,U-T,-0.22082361636721948,0.4934934212445908,-1.183897675797481,0.7460162538575045,30,0.654535575457808,0.7146885264325474
parcel,350,auc,S-U,-2.628921168688481,0.3637896065235265,-3.3262937564557364,-1.9360756392395346,30,4.956449765548439e-13,2.2788274784130753e-12
parcel,351,auc,S-T,-2.2338288002119757,0.48390063823777546,-3.132015775490287,-1.2366160746935642,30,3.9064880310530676e-06,9.508692976194078e-06
parcel,351,auc,U-T,0.6849373864238172,0.4189916001356947,-0.10244035171290142,1.5565426881448836,30,0.1021060370763696,0.1403519409984462
parcel,351,auc,S-U,-2.918766186635793,0.4059241307351649,-3.7080709389463173,-2.129390188673918,30,6.459091838115422e-13,2.92487177575038e-12
parcel,352,auc,S-T,-0.5049984686779678,0.5151091624914585,-1.5187416692193914,0.5108889071380667,30,0.3269026515198069,0.3978531255819151
parcel,352,auc,U-T,0.6595882599549399,0.5389341035156111,-0.3678058720055111,1.7776500796196781,30,0.22099918703913657,0.2815276268014479
parcel,352,auc,S-U,-1.1645867286329077,0.39419573675317854,-1.9188152135259648,-0.37918551888247515,30,0.003133424595766245,0.005497236132923237
parcel,353,auc,S-T,-2.546165064611197,0.5369792788938937,-3.6743466347898854,-1.5328481903039815,30,2.1198994441730458e-06,5.31081280377381e-06
parcel,353,auc,U-T,-0.13656309158654578,0.5658495320879767,-1.22209112472305,0.9947433926480694,30,0.809290289051541,0.8490471864813263
parcel,353,auc,S-U,-2.4096019730246514,0.4210059166507321,-3.221329880916453,-1.5774571293394324,30,1.0438863550783048e-08,3.187439252147495e-08
parcel,354,auc,S-T,-1.4522903265593707,0.5906446845777727,-2.5305685588450753,-0.20971077815017664,30,0.013939359135870605,0.022038512467779613
parcel,354,auc,U-T,0.7797804466701924,0.5370069464610145,-0.2155340576071967,1.9360570867966747,30,0.1464776021150232,0.19530480438453704
parcel,354,auc,S-U,-2.2320707732295633,0.40086735891571246,-2.992470893999889,-1.4116879788098187,30,2.5752747973778578e-08,7.630443844082541e-08
parcel,355,auc,S-T,-3.2862602554507023,0.5325345164004697,-4.305896362046639,-2.2010920421258393,30,6.786768084717029e-10,2.274894330072747e-09
parcel,355,auc,U-T,0.4423017722790607,0.44821193276123816,-0.3897583290664772,1.3959124618585559,30,0.32373387168268275,0.3951990295210776
parcel,355,auc,S-U,-3.728562027729763,0.42649284667099363,-4.575074882300798,-2.9209054184369996,30,2.2825265708997268e-18,1.8139284007150148e-17
parcel,356,auc,S-T,0.14198208584591007,0.4030111315651599,-0.6477514799907695,0.9045829089543724,30,0.7246109358827946,0.777757712933232
parcel,356,auc,U-T,2.6761013819372512,0.34253162663937176,2.006550454881684,3.333171533682799,30,5.5969829520768175e-15,3.183118266583972e-14
parcel,356,auc,S-U,-2.5341192960913412,0.37167269808983866,-3.2495311469520165,-1.8173504632239892,30,9.222190011930364e-12,3.664446362356436e-11
parcel,357,auc,S-T,2.634848875768337,0.47266546737545967,1.7132898049839926,3.5593869676565357,30,2.4831654568058463e-08,7.375738980611424e-08
parcel,357,auc,U-T,2.621374277709931,0.462191655093051,1.7278046236633693,3.533471836539153,30,1.4145553268097333e-08,4.2865312933628276e-08
parcel,357,auc,S-U,0.013474598058405896,0.4377254873523979,-0.8249899472980636,0.8890627443215902,30,0.9754424260737954,0.9811658937875561
parcel,358,auc,S-T,-0.13298869958730938,0.2720639482314962,-0.6567159307974306,0.3863826518174912,30,0.6249733001353099,0.6874133457033657
parcel,358,auc,U-T,1.4712926768565164,0.19943728570974414,1.1080605663422072,1.860476079426695,30,1.616291530965797e-13,7.758199348635825e-13
parcel,358,auc,S-U,-1.6042813764438257,0.21737384315504973,-2.0338482088920413,-1.1984075736107513,30,1.5794852782857334e-13,7.611977244750522e-13
parcel,359,auc,S-T,-2.3117694206248665,0.413409688782022,-3.1064442841779156,-1.4687665264935896,30,2.2452375128037955e-08,6.752594023470063e-08
parcel,359,auc,U-T,0.07339973481122691,0.3443648808654206,-0.5921200689610806,0.7889072214517155,30,0.8312136797114937,0.8658475830328061
parcel,359,auc,S-U,-2.385169155436093,0.2751506981812856,-2.9425352763532016,-1.8611972289580343,30,4.374964027936242e-18,3.3439215500149616e-17
parcel,36,auc,S-T,-0.12001664353936077,0.21122840084350478,-0.5375255196609402,0.30108336430071747,30,0.5699098872936144,0.6367708237917479
parcel,36,auc,U-T,0.8213419713030476,0.1784498969358473,0.48183817155136677,1.1510390694919812,30,4.171539378448776e-06,1.0092433980118007e-05
parcel,36,auc,S-U,-0.9413586148424085,0.1461111868834075,-1.2395973598405534,-0.6641573353489564,30,1.1732382240390817e-10,4.202644384617606e-10
parcel,360,auc,S-T,-0.9546674475799715,0.4177695838565078,-1.7503948347213767,-0.09966205377512537,30,0.022303853826906004,0.034313621272163086
parcel,360,auc,U-T,0.7895082464967708,0.37461824298671714,0.10566062153068154,1.5759486856921503,30,0.035074192486628464,0.052461202873467824
parcel,360,auc,S-U,-1.7441756940767421,0.3359909871200156,-2.388649402797469,-1.0740726321735379,30,2.0901225571614247e-07,5.752630891269976e-07
parcel,361,auc,S-T,-1.6961072047646628,0.5471440138159106,-2.7719170775042796,-0.6167898734406703,30,0.0019356750339828283,0.0034772605400889126
parcel,361,auc,U-T,0.025200744219668513,0.578894766020359,-1.079952396839885,1.2513911780943956,30,0.9652770470551525,0.9750273202577298
parcel,361,auc,S-U,-1.7213079489843313,0.38005578200006435,-2.4303858526910895,-0.9737723066829732,30,5.923744722746564e-06,1.3993097770267473e-05
parcel,362,auc,S-T,2.0231806704355724,0.6180368798536109,0.7358771362108193,3.1556696503045347,30,0.0010620192478748057,0.0019758497634880107
parcel,362,auc,U-T,1.9938993865906154,0.6676831513382975,0.6629776746067721,3.2394483408437083,30,0.0028237936159433282,0.004983165204605873
parcel,362,auc,S-U,0.029281283844956985,0.4665105618130929,-0.8427664458232996,0.9285597416091866,30,0.9499523593033683,0.9619770727122717
parcel,363,auc,S-T,1.0493922290765312,0.5249803666354457,0.010147112795423891,2.050564221127834,30,0.045617324836833444,0.066594634798297
parcel,363,auc,U-T,2.307871487377524,0.48504862926917763,1.3729646120676817,3.230967419188021,30,1.95500317372922e-06,4.918246977935145e-06
parcel,363,auc,S-U,-1.258479258300993,0.4358142234355223,-2.075610567810702,-0.3320938573741711,30,0.0038813059778791984,0.0066823058442683474
parcel,364,auc,S-T,2.5288721246325325,0.472686043799356,1.6020645149410253,3.47002097581548,30,8.795239113677166e-08,2.5010158617091466e-07
parcel,364,auc,U-T,1.6722277239275178,0.5015161977811964,0.7324529519048544,2.7090616358032116,30,0.000855007232738193,0.0016293614240768981
parcel,364,auc,S-U,0.8566444007050147,0.3883395153812519,0.09821374275689145,1.607843838224131,30,0.027389872657720252,0.04160486985982823
parcel,365,auc,S-T,0.8722414710821343,0.5584877901298657,-0.24289636594432373,1.963618428804003,30,0.11833712009454887,0.16082054825986258
parcel,365,auc,U-T,1.0709561336836053,0.5912962250419443,-0.06079642537099605,2.2762901024407904,30,0.07010979069327891,0.09944651162167223
parcel,365,auc,S-U,-0.19871466260147097,0.43135886412692626,-1.0168474482208014,0.6575640724896987,30,0.6450344257025982,0.706887041865861
parcel,366,auc,S-T,0.29850193196122116,0.5851689597709894,-0.7583344704019277,1.5405199073458893,30,0.6099727310237272,0.6752465657089232
parcel,366,auc,U-T,1.8566841621785237,0.5443240026459305,0.861339967560699,3.0160706427061545,30,0.000647272767974279,0.0012568403261636483
parcel,366,auc,S-U,-1.5581822302173025,0.3896279859916346,-2.2814574962448964,-0.7625076584479307,30,6.356936893529884e-05,0.00013769538397537658
parcel,367,auc,S-T,3.4670541245754842,0.3970677628922649,2.6615775469997303,4.229378695337752,30,2.5099845163620714e-18,1.9709595674305695e-17
parcel,367,auc,U-T,0.6467041202636403,0.43560065464956865,-0.19502502592590065,1.4971880453310775,30,0.13764288594194152,0.18434315081510025
parcel,367,auc,S-U,2.8203500043118437,0.32331864332998544,2.1752592320954154,3.434745743074614,30,2.7061937479720272e-18,2.108722401017164e-17
parcel,368,auc,S-T,1.8322664044183374,0.25957487263587026,1.335648798766268,2.351025235338069,30,1.6804301105053141e-12,7.150766427682188e-12
parcel,368,auc,U-T,0.6754001110231389,0.27311944393933585,0.16877344378455136,1.2161830198638222,30,0.013401746720181152,0.021300789489029644
parcel,368,auc,S-U,1.1568662933951985,0.24456945013984124,0.6660229518958054,1.6416863564140505,30,2.2428122681494733e-06,5.595373641952948e-06
parcel,369,auc,S-T,1.4908878476465146,0.2975413807466004,0.8846373015179658,2.0908297480143316,30,5.423500637862563e-07,1.4335243976729243e-06
parcel,369,auc,U-T,0.43842334720273685,0.3419503824526515,-0.22672088241789531,1.1254995304469708,30,0.19979858179128507,0.2574320562355376
parcel,369,auc,S-U,1.0524645004437778,0.2644923097552984,0.5053592158511239,1.553591429922005,30,6.915118086084732e-05,0.00014951606672615638
parcel,37,auc,S-T,-1.2474316876892193,0.40029645435192884,-2.0476877552019963,-0.4482897308914891,30,0.0018315471631884241,0.0033000849787178815
parcel,37,auc,U-T,0.6181465498926471,0.4350125524382397,-0.24084535562978207,1.448006848214366,30,0.1553209611154703,0.20549631018584827
parcel,37,auc,S-U,-1.8655782375818664,0.305472157387511,-2.4621170490135853,-1.2636504932765353,30,1.0139690042871184e-09,3.370534086272969e-09
parcel,370,auc,S-T,3.1339818688567944,0.4007831456493735,2.321166367294735,3.89572551980731,30,5.297256678434742e-15,3.0270038162484236e-14
parcel,370,auc,U-T,1.838941400876925,0.43812777398423647,0.9711406192921492,2.6919923813865685,30,2.7014950556767182e-05,6.048123258977728e-05
parcel,370,auc,S-U,1.2950404679798695,0.3219920899289211,0.6431300904163029,1.896430467253504,30,5.771497640220286e-05,0.0001259146708402289
parcel,371,auc,S-T,3.5905097302258757,0.5055490641988355,2.564742019743947,4.580235735149221,30,1.2278782681490622e-12,5.338601165865488e-12
parcel,371,auc,U-T,1.2443424643935854,0.5738177493391233,0.11632778532126764,2.375311378956378,30,0.03011819119619339,0.045576077472171586
parcel,371,auc,S-U,2.3461672658322903,0.44000328497140084,1.4681646943479991,3.1909314859037314,30,9.705215706182483e-08,2.746759162127118e-07
parcel,372,auc,S-T,2.48465040577811,0.5518706581940942,1.380801678517919,3.536493404071977,30,6.72431367651082e-06,1.5821914532966636e-05
parcel,372,auc,U-T,0.4181188960142536,0.6503961901601097,-0.8926862428828863,1.635194821104969,30,0.5203097569181759,0.5923830249542801
parcel,372,auc,S-U,2.0665315097638564,0.5217220178813708,0.957889525271076,3.0081666121102004,30,7.464216719724446e-05,0.00016080897780375826
parcel,373,auc,S-T,1.8144920291779423,0.6406614596637936,0.5095881910521645,3.04748207274154,30,0.00462265214914375,0.007868344083648936
parcel,373,auc,U-T,0.487815696450832,0.727487013073426,-0.942815362381075,1.8953130431323628,30,0.5025078747744055,0.5748421827733905
parcel,373,auc,S-U,1.3266763327271103,0.4858546578836295,0.3373397574787194,2.276099218983211,30,0.006321851717234524,0.010595282207655626
parcel,374,auc,S-T,0.6995135599400316,0.5423186211624844,-0.38700242912092003,1.7319400787071613,30,0.19710025516095997,0.2545966697450505
parcel,374,auc,U-T,0.165559684726066,0.6312688312733635,-1.1172317906611346,1.3560585537010479,30,0.7931171868915488,0.837799845307974
parcel,374,auc,S-U,0.5339538752139656,0.4504809704661077,-0.36711862485987606,1.3608474292530643,30,0.2358999230968729,0.2973528442397558
parcel,375,auc,S-T,0.8971403384344923,0.3524275905061018,0.16609524116791816,1.5865564655613063,30,0.010908952409090707,0.017693892895420598
parcel,375,auc,U-T,0.4622091347238279,0.3782790396939753,-0.27993567550299386,1.2307169924973709,30,0.22175546762502252,0.28219147523862886
parcel,375,auc,S-U,0.43493120371066435,0.2575162130794459,-0.05254275161872571,0.947668131847525,30,0.09122961085764382,0.12685461532928458
parcel,376,auc,S-T,-1.3862911990344093,0.26490711147424995,-1.8610450342075588,-0.8311461489710683,30,1.6667076755236477e-07,4.608408319420224e-07
parcel,376,auc,U-T,0.33272827708974034,0.26357735715542907,-0.17254926921622676,0.8624227127706482,30,0.20682096159531516,0.265438667288105
parcel,376,auc,S-U,-1.7190194761241497,0.19389234530122335,-2.098267465756594,-1.3319156699121033,30,7.592604987706984e-19,6.198044887924068e-18
parcel,377,auc,S-T,0.1008239396632304,0.3543254351786686,-0.616250301905891,0.7790620148123946,30,0.7759875446793196,0.8226016374692434
parcel,377,auc,U-T,-0.13440727683079207,0.42124666134999933,-0.9623510799850538,0.7247111430404526,30,0.7496732438648459,0.7996514601225023
parcel,377,auc,S-U,0.23523121649402245,0.28905013247507005,-0.32474059356249524,0.8144740291907683,30,0.4157551371471081,0.49201791378355986
parcel,378,auc,S-T,-0.33784852264072496,0.4477223206749405,-1.2453671421537742,0.5105120954002699,30,0.45049269752372756,0.5274060849058274
parcel,378,auc,U-T,-0.29372252058854625,0.49973743229173867,-1.2782284883722566,0.7266679373226447,30,0.5566976311851282,0.6260891822138274
parcel,378,auc,S-U,-0.0441260020521787,0.3332959845066399,-0.6778927203037437,0.6066284432606488,30,0.894673577435484,0.9176139255748554
parcel,379,auc,S-T,0.9573344194612248,0.17943135543073127,0.6297162747690744,1.3196261869822556,30,9.534480169105517e-08,2.704817069249792e-07
parcel,379,auc,U-T,0.9074051071030138,0.1463045036824634,0.6247402223779706,1.1911066366408487,30,5.569059005103617e-10,1.887816611899531e-09
parcel,379,auc,S-U,0.049929312358210964,0.12700114863780051,-0.19935677957224615,0.29532463686472804,30,0.6942156122228789,0.7481765837200248
parcel,38,auc,S-T,-0.7120113510518696,0.3321210129266047,-1.376578489575057,-0.04373722656911723,30,0.03204642376524211,0.048371960400365455
parcel,38,auc,U-T,1.072544155023559,0.37045529591021914,0.31726820860086624,1.7701193948918021,30,0.003789105670895604,0.006561221940944768
parcel,38,auc,S-U,-1.7845555060754288,0.2714174050938386,-2.3179963081116917,-1.2357609932504483,30,4.866995571998494e-11,1.8194375970087827e-10
parcel,380,auc,S-T,0.4759639332130102,0.3094031257219738,-0.11086037870661264,1.0822130642634133,30,0.12396808805433285,0.16790260233092485
parcel,380,auc,U-T,0.6982619826714148,0.25982436864731695,0.19381986545090277,1.2403522571666272,30,0.0072002384034686,0.011950603159283982
parcel,380,auc,S-U,-0.2222980494584046,0.18580099507679823,-0.5655572592583474,0.16964344871873557,30,0.23152845382491638,0.2930739921834385
parcel,381,auc,S-T,0.4542410655817441,0.347321889345082,-0.207633478759863,1.1521464873694602,30,0.19092796883836394,0.24795840108878434
parcel,381,auc,U-T,1.0576493426154332,0.30649091889908125,0.4956602723881065,1.684230630886873,30,0.0005588567912675417,0.0010975910794125204
parcel,381,auc,S-U,-0.603408277033689,0.28262242813958477,-1.1385469548398042,-0.05278274062615946,30,0.0327582954686088,0.04932240221120522
parcel,382,auc,S-T,2.0540106380196446,0.40079301497901487,1.2451361612470382,2.8248071316823324,30,2.977488674613096e-07,8.047266688143503e-07
parcel,382,auc,U-T,1.4879406239366513,0.4094684493195051,0.6993712755259593,2.3255041569845014,30,0.00027923989480860257,0.0005689098026660833
parcel,382,auc,S-U,0.5660700140829933,0.3015267254561102,-0.012218115238853128,1.1719995948862805,30,0.06047067735366431,0.08690396745436786
parcel,383,auc,S-T,1.5498428481618811,0.4597747336036473,0.6484259628525886,2.4435849861089163,30,0.00074930029954641,0.0014432750553060867
parcel,383,auc,U-T,0.907125055594531,0.45588054718276305,0.03354061485556012,1.8356376859067554,30,0.046609601102671254,0.06787805985825911
parcel,383,auc,S-U,0.6427177925673501,0.3185808750031723,0.036567981842396374,1.2842762672975399,30,0.04364961911108246,0.06426937783226866
parcel,384,auc,S-T,-1.4148682527918612,0.35879404899109246,-2.0929545915860426,-0.7013198028720847,30,8.033468457338117e-05,0.00017183889748316827
parcel,384,auc,U-T,0.3591973856544185,0.28634323975716264,-0.19059838041878321,0.9341758870718064,30,0.20968596285390273,0.2685412544553717
parcel,384,auc,S-U,-1.7740656384462796,0.2564728570221803,-2.2621628805539453,-1.2962196946840117,30,4.6076410932243804e-12,1.880669833969135e-11
parcel,385,auc,S-T,2.540357039638557,0.5200224151415075,1.4825091903353416,3.5236247852354454,30,1.0338087362324194e-06,2.685217496707583e-06
parcel,385,auc,U-T,1.0163309960340303,0.5520875716336097,-0.08350057678190201,2.117719877224057,30,0.06563807670372772,0.09354595254688036
parcel,385,auc,S-U,1.5240260436045268,0.3771277778259622,0.7881281710269693,2.2479173104276313,30,5.319205252645413e-05,0.0001166918885406672
parcel,386,auc,S-T,0.12654965577892668,0.526730427275268,-0.9134292613012508,1.171379156263333,30,0.8101325237675988,0.8490471864813263
parcel,386,auc,U-T,0.3441413971186404,0.5202828175776741,-0.6802682111649845,1.4068450818151228,30,0.5083233662677675,0.5809409900203057
parcel,386,auc,S-U,-0.2175917413397137,0.3798916256158352,-0.9609912644398452,0.5491593404231985,30,0.5667982685128481,0.6350680879695777
parcel,387,auc,S-T,1.8680198880330925,0.4908769269853551,0.8762184829790403,2.854298816499396,30,0.00014153229354146594,0.0002962804178580715
parcel,387,auc,U-T,0.8488994981267092,0.55505297783371,-0.25408882188947396,1.9580132605647118,30,0.12616465460095852,0.17030099608678317
parcel,387,auc,S-U,1.0191203899063832,0.34949327383770024,0.36871904853435106,1.7139271123436586,30,0.003545569929009396,0.006148387160131901
parcel,388,auc,S-T,0.0028444443084426952,0.47050772656757084,-0.919137555091338,0.9421548420912323,30,0.9951764354860636,0.9951764354860635
parcel,388,auc,U-T,1.0461855405822775,0.38938390617917806,0.2956923822329483,1.8438722023359422,30,0.007214631146409972,0.01195795217637012
parcel,388,auc,S-U,-1.0433410962738348,0.35481173911374353,-1.711967097043876,-0.3378705338920859,30,0.0032763179843004107,0.005731168485656695
parcel,389,auc,S-T,1.0142071453247652,0.5178081847502409,-0.010855678375270865,2.0177850618901365,30,0.05015330444685903,0.07277383958431782
parcel,389,auc,U-T,0.5147011781269177,0.5229707094373226,-0.5024186961046674,1.6195446577649066,30,0.32502338423405475,0.396158611377779
parcel,389,auc,S-U,0.49950596719784746,0.355041235103382,-0.1950182719724428,1.2180497875787324,30,0.1594583353786817,0.21050605330519037
parcel,39,auc,S-T,-0.12749322818391615,0.25506104582333533,-0.6317939200398839,0.36989783850344,30,0.617178038375739,0.6813066664712625
parcel,39,auc,U-T,0.9078624265779226,0.19414041161734236,0.5237152095218,1.2844436461009325,30,2.920706591556125e-06,7.256413892064907e-06
parcel,39,auc,S-U,-1.0353556547618388,0.16387489874859715,-1.3619423552437342,-0.7354632111335628,30,2.6503231721023744e-10,9.191872273187425e-10
parcel,390,auc,S-T,-0.07596465267803443,0.49594559495560525,-1.0046722241153505,0.9282345008756456,30,0.8782631561931402,0.9062044603884507
parcel,390,auc,U-T,1.123006159145062,0.41560313702360974,0.3747075670401272,1.9714749389394857,30,0.006890058099357159,0.011483430165595264
parcel,390,auc,S-U,-1.1989708118230964,0.356567188014946,-1.8729802505124127,-0.47999090063787686,30,0.0007722942329659013,0.0014851812172421179
parcel,391,auc,S-T,0.719905656464495,0.5757143691019232,-0.4367238168088566,1.872467940583027,30,0.21113291145489888,0.2701060700915551
parcel,391,auc,U-T,-0.012646215615855163,0.606942579554023,-1.1941693575941486,1.188831746455509,30,0.9833765326545344,0.9858626292070993
parcel,391,auc,S-U,0.7325518720803502,0.4283491270726983,-0.11764666520717108,1.6056195649538465,30,0.08723355875812772,0.12186294587864174
parcel,392,auc,S-T,0.6872394036970942,0.41535228364273297,-0.106186717166706,1.532761336234074,30,0.0980068778497575,0.13502669738198508
parcel,392,auc,U-T,2.519436742170076,0.3393775371784247,1.8501869487291647,3.1743082300435668,30,1.1389368459239925e-13,5.578466184117514e-13
parcel,392,auc,S-U,-1.8321973384729815,0.4026073516254004,-2.5873313458109313,-0.9845372173531604,30,5.343488277680884e-06,1.2722591137335438e-05
parcel,393,auc,S-T,1.6431592757308295,0.3113272722082803,1.0310499436758531,2.2543775056925095,30,1.306611382653627e-07,3.65485701441574e-07
parcel,393,auc,U-T,2.0545616887934037,0.2609903446926002,1.5320301199573443,2.5689311567922446,30,3.4852793206483327e-15,2.0401635047697556e-14
parcel,393,auc,S-U,-0.4114024130625742,0.26325847054297463,-0.9165592978133397,0.09492788366171365,30,0.11811566502047788,0.16070158506187465
parcel,394,auc,S-T,-0.31305108657088293,0.40380409913929494,-1.1227452151342108,0.47636680908756274,30,0.43818908251187894,0.5145077289767659
parcel,394,auc,U-T,2.474283632152901,0.34789617995923994,1.7872559519834017,3.1352630852886345,30,1.1426370971400588e-12,5.022580646769489e-12
parcel,394,auc,S-U,-2.787334718723784,0.3902126322370927,-3.536649502553805,-2.022192335727631,30,9.123750680322516e-13,4.055000302365562e-12
parcel,395,auc,S-T,5.717407103416811,0.45494421783747113,4.8474372292896275,6.6192947044669275,30,3.195668343836299e-36,5.4782885894336554e-34
parcel,395,auc,U-T,3.3744947116092225,0.45229768777212065,2.508050674502425,4.239907645166822,30,8.601007629898737e-14,4.300503814949369e-13
parcel,395,auc,S-U,2.3429123918075883,0.4251674905332932,1.5270282663156391,3.181808800808456,30,3.576870402379954e-08,1.0443417233226144e-07
parcel,396,auc,S-T,4.897881049591484,0.47856928314235625,3.9868655521471803,5.866681944836097,30,1.390196785990854e-24,2.5619398245614593e-23
parcel,396,auc,U-T,3.533232422461424,0.44801816255015287,2.678115164037444,4.4049853593609525,30,3.111287574535251e-15,1.8391847731242864e-14
parcel,396,auc,S-U,1.3646486271300597,0.46725365777092387,0.4544362046070072,2.306868880913122,30,0.003493878279835324,0.006067516549641662
parcel,397,auc,S-T,-0.30451652361674253,0.4257028733606157,-1.066672187510276,0.6081342202730375,30,0.47440735060029304,0.5484478041621884
parcel,397,auc,U-T,1.7133300841804502,0.3495074242438674,1.072739633012709,2.426881383657262,30,9.480409157562445e-07,2.478538341846391e-06
parcel,397,auc,S-U,-2.0178466077971926,0.32694007521807383,-2.6312791708009162,-1.3602403083265955,30,6.746744047864447e-10,2.2678131253325874e-09
parcel,398,auc,S-T,-0.19054841348628482,0.39400030793310353,-0.9303178598605236,0.5874269254412455,30,0.6286520028250688,0.6908263767308448
parcel,398,auc,U-T,1.0845258938327724,0.331276225070683,0.45879722063022177,1.7400242708953406,30,0.0010611872737387184,0.0019758497634880107
parcel,398,auc,S-U,-1.2750743073190574,0.30360340763751026,-1.864992850858072,-0.6685955050041951,30,2.671480694606055e-05,5.992106230892085e-05
parcel,399,auc,S-T,4.826389508145348,0.5045454957873944,3.828357699214613,5.759913166430813,30,1.113195300505088e-21,1.2602210949114204e-20
parcel,399,auc,U-T,2.684232135031713,0.5212957378811099,1.6726915288805198,3.7066904239024954,30,2.616637106452533e-07,7.120100969938864e-07
parcel,399,auc,S-U,2.1421573731136347,0.4593064210825439,1.2574910166659377,3.0328477805282685,30,3.102782571446146e-06,7.645460134980237e-06
parcel,4,auc,S-T,-0.642512825186684,0.37214180470561126,-1.3663807014745615,0.06166385743259975,30,0.0842526696097894,0.11797339968698632
parcel,4,auc,U-T,1.4550296831526361,0.343455399563354,0.7905431668897265,2.0955579453939666,30,2.2708718071990134e-05,5.151316008769029e-05
parcel,4,auc,S-U,-2.09754250833932,0.334221816414029,-2.7462402019592287,-1.4383186672981045,30,3.476188258002226e-10,1.1884404300862312e-09
parcel,40,auc,S-T,-0.6283973235675401,0.2086536993914901,-1.041284566880816,-0.2210449238609161,30,0.0025980980417205455,0.004612008358083808
parcel,40,auc,U-T,0.9500208473641246,0.17942011894785936,0.5974791346958273,1.287096610425417,30,1.1904793192765278e-07,3.345609328177596e-07
parcel,40,auc,S-U,-1.5784181709316647,0.14020750309635663,-1.8654884957745868,-1.320598421106506,30,2.121539392454908e-29,9.092311681949606e-28
parcel,400,auc,S-T,0.07739395218854656,0.5266979450446463,-1.0084402598190492,1.0589462651314063,30,0.88317794625193,0.9097373904360481
parcel,400,auc,U-T,1.990545972884471,0.5030682423939566,0.9855001461354197,2.954716227691495,30,7.595696863641771e-05,0.00016334831964821014
parcel,400,auc,S-U,-1.9131520206959245,0.4549733530851252,-2.764443920904707,-0.9887927963342952,30,2.6110988727439994e-05,5.8786466178101305e-05
parcel,41,auc,S-T,-0.8205019406097354,0.24676382664728783,-1.3189608681889284,-0.3520730986032344,30,0.0008840283540907254,0.0016811949681598583
parcel,41,auc,U-T,1.035439076031069,0.19961552116656822,0.6515630693885791,1.4267747846614989,30,2.1351706517404575e-07,5.863168837731233e-07
parcel,41,auc,S-U,-1.8559410166408044,0.16462075254549974,-2.178602963429366,-1.5527843030611213,30,1.762902257916123e-29,8.46193083799739e-28
parcel,42,auc,S-T,-1.488427752189009,0.23740543544070616,-1.9577911114438575,-1.0291991942323004,30,3.6206848339828256e-10,1.234324375221418e-09
parcel,42,auc,U-T,0.8715221542752374,0.1980244969532071,0.5031601521837549,1.2546060012228115,30,1.077121422850636e-05,2.4952619834377666e-05
parcel,42,auc,S-U,-2.359949906464246,0.17832028741444028,-2.725094132686813,-2.0266576575906257,30,5.55886832934013e-40,1.667660498802039e-37
parcel,43,auc,S-T,-1.2323776392174244,0.31155498588816055,-1.8393192199005286,-0.6248782783164716,30,7.635230113767525e-05,0.00016390476093955332
parcel,43,auc,U-T,0.553436926100711,0.24457122288606564,0.0743113332384791,1.0400676874498371,30,0.02364268490258128,0.03618778301415502
parcel,43,auc,S-U,-1.7858145653181354,0.20893241508780253,-2.2056231684666776,-1.3908562485137022,30,1.2596724754204752e-17,8.997660538717681e-17
parcel,44,auc,S-T,-1.2457191485605539,0.2711860792402234,-1.7737113415956798,-0.6950424514565614,30,4.35673534904246e-06,1.0456164837701903e-05
parcel,44,auc,U-T,0.1793102682129871,0.21543322125293737,-0.2359536739704429,0.610584091508877,30,0.40522601460437957,0.48241192214807094
parcel,44,auc,S-U,-1.425029416773541,0.18712926569424213,-1.807907991805739,-1.0681048044673767,30,2.6325479602274235e-14,1.4040255787879592e-13
parcel,45,auc,S-T,-0.7734569538364658,0.2883770462483107,-1.3577816775166638,-0.2107071718810373,30,0.007316092051433768,0.012092714134601267
parcel,45,auc,U-T,0.6738040984552255,0.1978453480802631,0.2857686943388465,1.0798144917307344,30,0.000659919716693592,0.0012793273990828924
parcel,45,auc,S-U,-1.4472610522916913,0.18558262563517197,-1.8205075489353093,-1.101769116103913,30,6.26608710519371e-15,3.5468417576568174e-14
parcel,46,auc,S-T,-2.0778404546097415,0.3295578536700674,-2.746954438748001,-1.4298404666607332,30,2.883170800949031e-10,9.970619484549963e-10
parcel,46,auc,U-T,0.3583819722579024,0.2391163822599908,-0.12987088783762676,0.816001505614669,30,0.13393166885655083,0.1799753668845028
parcel,46,auc,S-U,-2.436222426867644,0.23451761148940006,-2.9143007234845886,-1.9992857617616953,30,2.8051605682651835e-25,5.803780486065897e-24
parcel,47,auc,S-T,-1.0699313096904786,0.31222895646034143,-1.6783565701554126,-0.45569678937687574,30,0.0006108458932957022,0.0011957831516392213
parcel,47,auc,U-T,0.6150467610684102,0.25481745050416976,0.11227430794394452,1.1084341107283895,30,0.01579249924996969,0.02483748243769807
parcel,47,auc,S-U,-1.6849780707588886,0.2035725149198209,-2.0928124417801026,-1.304337849747195,30,1.2627366140234027e-16,8.37173445761372e-16
parcel,48,auc,S-T,-0.44347237628700564,0.30751651516857,-1.0758383559952784,0.14364098630252214,30,0.14927158787621436,0.1985874783275579
parcel,48,auc,U-T,0.8161110668111466,0.2154933183251306,0.4043071775171715,1.2505420444937674,30,0.00015236933661342712,0.00031688596869343594
parcel,48,auc,S-U,-1.2595834430981523,0.2078222137482743,-1.6719885500483895,-0.8706808619850622,30,1.3538713568659633e-09,4.451083912983989e-09
parcel,49,auc,S-T,-1.1865260762127756,0.31197058816461914,-1.8387759166390567,-0.5711783495539093,30,0.00014276586183515993,0.00029794614643859465
parcel,49,auc,U-T,0.38203633952470434,0.21709796900810027,-0.056890312294208885,0.8046288965211631,30,0.07845161944083814,0.11049523864906781
parcel,49,auc,S-U,-1.56856241573748,0.19329163361682092,-1.9487279084214122,-1.2076326319100075,30,4.857680737936429e-16,3.068008887117745e-15
parcel,5,auc,S-T,-1.3170825978686078,0.400267079453511,-2.122815327697005,-0.5650411798567835,30,0.0010000615119747092,0.0018751153349525797
parcel,5,auc,U-T,1.079485278248667,0.351584687781339,0.39138300164207807,1.737941889170443,30,0.0021381369038950817,0.0038237917804382986
parcel,5,auc,S-U,-2.396567876117275,0.34721418086297107,-3.0819238138229035,-1.7296436050168376,30,5.117612095327982e-12,2.0747076062140465e-11
parcel,50,auc,S-T,-1.3540689700459603,0.2777201187897122,-1.9237932256565222,-0.8087327245795293,30,1.0844506606879592e-06,2.810671258802486e-06
parcel,50,auc,U-T,0.6565237907912723,0.19412627720029935,0.2668888208265763,1.042574486650369,30,0.0007197536564080763,0.0013885922631667067
parcel,50,auc,S-U,-2.0105927608372327,0.18509777772695493,-2.3742591272816806,-1.658484518769342,30,1.7424962017640304e-27,5.361526774658555e-26
parcel,51,auc,S-T,-0.060368443203797625,0.2235526374502716,-0.5173405795348345,0.37649093794212224,30,0.7871284862604715,0.8329401971010281
parcel,51,auc,U-T,0.5003505446902292,0.17670690103793515,0.1436068523460752,0.8399978212189376,30,0.004632617189897339,0.00787413686668103
parcel,51,auc,S-U,-0.5607189878940269,0.15176404959510825,-0.8491790037689965,-0.27252395315245004,30,0.00022016737072949393,0.00045239870697841213
parcel,52,auc,S-T,-2.012998330782713,0.32414461547779694,-2.6752424652808253,-1.3640452496259199,30,5.292194658034916e-10,1.799046342674759e-09
parcel,52,auc,U-T,0.3186093125143573,0.2433834317574954,-0.16200760307268133,0.7893300843605912,30,0.19050595945048676,0.24794701880757497
parcel,52,auc,S-U,-2.3316076432970703,0.22300678562630244,-2.760126469774191,-1.9153447212542687,30,1.3852813784433094e-25,3.0224320984217656e-24
parcel,53,auc,S-T,0.14383284450464098,0.25312292291665783,-0.3752781236360374,0.639781456708549,30,0.5698766414179166,0.6367708237917479
parcel,53,auc,U-T,0.5559941727346693,0.1967396375135607,0.17295604986209212,0.9425151830896186,30,0.004712731316334025,0.007998978188968643
parcel,53,auc,S-U,-0.4121613282300284,0.1638824140578072,-0.740851366608062,-0.11573002127171172,30,0.01190384472588964,0.019097077100357712
parcel,54,auc,S-T,-1.7743812874716707,0.3922510224819882,-2.5546597952671726,-1.0007690780511131,30,6.080055865444079e-06,1.4334119918532209e-05
parcel,54,auc,U-T,0.6944005460307505,0.27969974526176644,0.1547049134859729,1.2562689262355735,30,0.013040394984523794,0.020809140932750735
parcel,54,auc,S-U,-2.468781833502421,0.25095209179967026,-2.9555722649585623,-1.987484382771178,30,7.749073645346094e-23,1.0107487363494904e-21
parcel,55,auc,S-T,-1.6329448854985977,0.35945260525480455,-2.3432215515009345,-0.9282273778228747,30,5.549462767228663e-06,1.3134823117700977e-05
parcel,55,auc,U-T,0.020723868298342378,0.261166975629674,-0.4973362750529858,0.5555463363035114,30,0.9367534188258897,0.9510186993156241
parcel,55,auc,S-U,-1.6536687537969401,0.2207758803070895,-2.0964428014251024,-1.2497887209806342,30,6.873728960329119e-14,3.465745694283589e-13
parcel,56,auc,S-T,-1.7170391024283487,0.3460693309004208,-2.410975624704498,-1.0273100628884528,30,6.99340972387948e-07,1.8403709799682843e-06
parcel,56,auc,U-T,0.20411052930530904,0.29119006625417265,-0.37133417223548415,0.7507848583260956,30,0.48333239245842263,0.5560871245926243
parcel,56,auc,S-U,-1.9211496317336576,0.22659919548981375,-2.3570232061753384,-1.4857801377246862,30,2.287363894437049e-17,1.6051676452189816e-16
parcel,57,auc,S-T,-1.1126756271537588,0.3331661241729201,-1.7728070832647995,-0.44353759192847747,30,0.0008386828165364151,0.0016051345771031867
parcel,57,auc,U-T,0.3021483132324269,0.2357355559691108,-0.14830485083464465,0.7592553063368512,30,0.19993889700960088,0.2574320562355376
parcel,57,auc,S-U,-1.4148239403861858,0.20093681508111952,-1.8184824734335887,-1.0352519158511453,30,1.9067538544644645e-12,8.085175354619639e-12
parcel,58,auc,S-T,-1.65124918788772,0.3154852804421493,-2.2832321854419724,-1.0214655073268317,30,1.6588264312797628e-07,4.607851197999341e-07
parcel,58,auc,U-T,0.163499721805335,0.24339281828582815,-0.32284799210608695,0.642383411950184,30,0.5017413050484953,0.5745129447120176
parcel,58,auc,S-U,-1.814748909693055,0.22446354996904816,-2.2548298119303043,-1.3914717446564493,30,6.22526362271448e-16,3.911160391234228e-15
parcel,59,auc,S-T,-0.35633984466545127,0.27972395908094366,-0.9028831053345732,0.19787285110829939,30,0.2026995006080573,0.2604276239075683
parcel,59,auc,U-T,0.1295638847169828,0.2010418307638363,-0.24510912017008962,0.5209145093246884,30,0.5192756837715529,0.5917671609932227
parcel,59,auc,S-U,-0.4859037293824341,0.1560526137754863,-0.7971188526735666,-0.1888837936470648,30,0.001847463868111107,0.0033237730760619618
parcel,6,auc,S-T,-0.7237228346802181,0.3737323466089584,-1.46724340772633,-0.006109578061290022,30,0.05280971894097352,0.07635140087851593
parcel,6,auc,U-T,0.511597891646415,0.3375701971797481,-0.1437561991372681,1.1566788009188136,30,0.12963814096284482,0.17463900054965098
parcel,6,auc,S-U,-1.2353207263266333,0.25680257657921,-1.7492850780150522,-0.7445469961332409,30,1.5063555785667757e-06,3.813558426751331e-06
parcel,60,auc,S-T,-2.691584804706466,0.4010773738165563,-3.506051093784268,-1.9134345070772192,30,1.9344530106132293e-11,7.392814053298965e-11
parcel,60,auc,U-T,0.29462383232589706,0.2994544946830401,-0.29573159223958245,0.889619956450533,30,0.325180193505927,0.396158611377779
parcel,60,auc,S-U,-2.9862086370323633,0.2731544801000973,-3.5074006062059717,-2.469838572464936,30,8.076848143882252e-28,2.850652286076089e-26
parcel,61,auc,S-T,-1.8068977690174037,0.32380256890065157,-2.448839638120089,-1.159219511409252,30,2.401795932268977e-08,7.169540096325304e-08
parcel,61,auc,U-T,0.18416021919145115,0.2420698793480029,-0.2973326750718982,0.6691816986702777,30,0.44679268641078596,0.524096992857227
parcel,61,auc,S-U,-1.9910579882088548,0.2342308108710968,-2.449664638310003,-1.5378618503346322,30,1.8892180556238097e-17,1.3414566075435336e-16
parcel,62,auc,S-T,-1.2180166939920467,0.38338427997386615,-1.9901707527893866,-0.47161094177876267,30,0.0014880056319546127,0.0027054647853720234
parcel,62,auc,U-T,0.7164486556045576,0.26883567348157683,0.189589641526944,1.2508022571474893,30,0.007698697237323526,0.012707615797507885
parcel,62,auc,S-U,-1.9344653495966044,0.2238974665203272,-2.388416452869539,-1.5219994637099887,30,5.62322774871176e-18,4.1912256512137345e-17
parcel,63,auc,S-T,-1.5835462391543453,0.3316437008164516,-2.2324855211137065,-0.923752911762318,30,1.7984848784188398e-06,4.5339954918122e-06
parcel,63,auc,U-T,0.4244474810922219,0.2429453375261356,-0.03603923660367202,0.9403957615033206,30,0.08062164824998798,0.11328568840747726
parcel,63,auc,S-U,-2.007993720246567,0.20661098611562964,-2.4157672500732543,-1.618769979459414,30,2.50922910834442e-22,3.104200958776602e-21
parcel,64,auc,S-T,-1.4268441604084279,0.4020898241224747,-2.2163279110283183,-0.6152984398219137,30,0.000387328031961637,0.0007733671187253983
parcel,64,auc,U-T,0.2857530936437136,0.31041427630365814,-0.3015330061133269,0.9343220941305016,30,0.3572833447217487,0.43003010397803254
parcel,64,auc,S-U,-1.7125972540521415,0.2616621421535834,-2.234586201962823,-1.2114752614887574,30,5.946719421866471e-11,2.1889764743066764e-10
parcel,65,auc,S-T,-1.8402883020438519,0.3786010939033999,-2.606367724804684,-1.076541885508185,30,1.1693712354140235e-06,2.991994632189399e-06
parcel,65,auc,U-T,0.15646039968264092,0.2793594453904567,-0.41084872472852296,0.7014670690142618,30,0.5754327784544198,0.6406947776680489
parcel,65,auc,S-U,-1.9967487017264927,0.22592127749043753,-2.4358232078114934,-1.5708567727118146,30,9.722962969442269e-19,7.883483488736975e-18
parcel,66,auc,S-T,-0.3609610781520542,0.3298480704621663,-1.010832291305515,0.2997589301061254,30,0.27381234696725487,0.3415538631608169
parcel,66,auc,U-T,0.15643969173643826,0.21550635608224838,-0.2667583013662269,0.5898592219175213,30,0.4678897558959554,0.5435311781947206
parcel,66,auc,S-U,-0.5174007698884925,0.18508883376269372,-0.8884645964595623,-0.16271721363174402,30,0.005183255174010959,0.008772787318495276
parcel,67,auc,S-T,-1.0910005061963497,0.36481373128972283,-1.8341904546163446,-0.36261583842510425,30,0.002784585343429993,0.0049212112107746555
parcel,67,auc,U-T,0.5231789015866535,0.24560625001081357,0.03702872108998969,1.0018359686306135,30,0.03315898008930574,0.04980072103525268
parcel,67,auc,S-U,-1.6141794077830032,0.20939440061353606,-2.0197139153254313,-1.222392745767249,30,1.2700696811638096e-14,6.959285924185259e-14
parcel,68,auc,S-T,-1.2324311959840195,0.4328662953044034,-2.0770677107445836,-0.3818784316455036,30,0.004411387667841588,0.007540833620242031
parcel,68,auc,U-T,0.42812801320985394,0.30684764554876426,-0.175824896899494,1.0538991550359242,30,0.16294160779661704,0.21463219468270084
parcel,68,auc,S-U,-1.6605592091938735,0.24318686221961308,-2.1381817635406817,-1.1950453955133549,30,8.591109960784836e-12,3.4250272268909645e-11
parcel,69,auc,S-T,-1.963888961244816,0.27813875706226104,-2.524666395558373,-1.4409335377696493,30,1.6551748730374305e-12,7.068362447134934e-12
parcel,69,auc,U-T,-0.07316040803101731,0.28100476982373207,-0.6085597724474064,0.44984969658429874,30,0.7945915672176131,0.8386190683035495
parcel,69,auc,S-U,-1.8907285532137987,0.19284542796639048,-2.2762534501245075,-1.5049115115826146,30,1.0781422587763687e-22,1.3618639058227815e-21
parcel,7,auc,S-T,0.9428622330946703,0.29362750857169867,0.38108629838992875,1.506825001014698,30,0.0013223584175717138,0.0024256719579099106
parcel,7,auc,U-T,1.9079582645539286,0.2746305201171187,1.3598298467185819,2.4407549899042187,30,3.721738251587959e-12,1.5242613999677646e-11
parcel,7,auc,S-U,-0.9650960314592583,0.2671891054422141,-1.4827486191429746,-0.4020250531612802,30,0.0003038051680905296,0.0006158212866699924
parcel,70,auc,S-T,-4.318069656019046,0.42768955609187986,-5.20067775793613,-3.4900474097637457,30,5.73828467540082e-24,9.305326500649978e-23
parcel,70,auc,U-T,-0.37941441410888144,0.4119869390127516,-1.1592434154547737,0.43653855132344666,30,0.3570828147874958,0.43003010397803254
parcel,70,auc,S-U,-3.938655241910164,0.36403195654052495,-4.656627880907783,-3.2078008131255524,30,2.781956151529299e-27,8.345868454587897e-26
parcel,71,auc,S-T,-4.780953178265072,0.46041995730560564,-5.7376959740113405,-3.9142967921446723,30,2.935442367399623e-25,5.970391255728046e-24
parcel,71,auc,U-T,-0.4054273813269196,0.4647786521336727,-1.288017052291955,0.5005934886953141,30,0.3830436075310779,0.4579067501885231
parcel,71,auc,S-U,-4.3755257969381525,0.39348910635859513,-5.139104573936759,-3.6067717141964835,30,1.0048090227349409e-28,3.768033835256028e-27
parcel,72,auc,S-T,-2.074409110089358,0.4672839053853683,-3.036972202667934,-1.2079787228466194,30,9.025582614112203e-06,2.0989727009563263e-05
parcel,72,auc,U-T,0.9822544770469802,0.4533425694920137,0.05851791307663221,1.8267900442096217,30,0.03025821935126882,0.045730306324335744
parcel,72,auc,S-U,-3.056663587136338,0.340051956076754,-3.696129322137439,-2.4060710590022674,30,2.4991387808146026e-19,2.173164157230089e-18
parcel,73,auc,S-T,-4.885590458006256,0.48737620024278605,-5.843966464376404,-3.938793829179057,30,1.1923785931795043e-23,1.7664868047103767e-22
parcel,73,auc,U-T,-0.18881165945688974,0.46198588652592587,-1.087151650799601,0.658861129379783,30,0.6827629672738706,0.7387877012882279
parcel,73,auc,S-U,-4.696778798549366,0.4545997672840067,-5.595380498897316,-3.838247085422955,30,5.066594803535509e-25,9.96707174466002e-24
parcel,74,auc,S-T,-4.270959119507581,0.442915720370666,-5.171302073083696,-3.4273560080847636,30,5.271645225198119e-22,6.141722592463828e-21
parcel,74,auc,U-T,-0.09753069883728564,0.36964428910353797,-0.8300498203539325,0.5918516333138744,30,0.7918953940388737,0.8372462315829501
parcel,74,auc,S-U,-4.173428420670295,0.41605584475309865,-5.0064795424084405,-3.386608424525592,30,1.1145804661501545e-23,1.6718706992252317e-22
parcel,75,auc,S-T,-4.86924401907771,0.5126128105944353,-5.857991996274379,-3.835928312220885,30,2.1217394001599673e-21,2.357488222399964e-20
parcel,75,auc,U-T,0.0757251209675768,0.4417279399582898,-0.7851744701294995,0.9719909435933344,30,0.8638862009234827,0.8936753802656718
parcel,75,auc,S-U,-4.944969140045287,0.4329503807614106,-5.836036896449608,-4.138231314030638,30,3.2631985387780825e-30,1.7799264756971358e-28
parcel,76,auc,S-T,-4.128915114212951,0.38516010964820785,-4.923884754379359,-3.384918326990454,30,8.200623810249767e-27,2.1868330160666043e-25
parcel,76,auc,U-T,-0.033407544140819125,0.33525019754507274,-0.7138298908640772,0.5981202758216762,30,0.9206225240005795,0.9390957236895381
parcel,76,auc,S-U,-4.095507570072132,0.3636377827323537,-4.8207663609184985,-3.4151092576908098,30,2.007428154890643e-29,8.92190291062508e-28
parcel,77,auc,S-T,-5.217336607974073,0.5288079881926405,-6.232200293443259,-4.13238286579165,30,5.832037156826851e-23,7.8634208856092375e-22
parcel,77,auc,U-T,-0.8001034799015734,0.47718379191943217,-1.7106133684468328,0.16799466167085417,30,0.09359730013923014,0.1298742874885519
parcel,77,auc,S-U,-4.4172331280725,0.44006116279730634,-5.313990708826047,-3.5727225952142745,30,1.0399770444063406e-23,1.5999646837020625e-22
parcel,78,auc,S-T,-3.5800897999744854,0.47177439343750993,-4.516625839156158,-2.6278214904967956,30,3.2347219170441815e-14,1.7024852194969375e-13
parcel,78,auc,U-T,-0.42067925838076337,0.440097630197636,-1.2513415852693401,0.5093554581101083,30,0.3391343161199045,0.41024312433859417
parcel,78,auc,S-U,-3.159410541593722,0.34836802076776197,-3.846842991573047,-2.4901153057015017,30,1.199215580385049e-19,1.0659694047867101e-18
parcel,79,auc,S-T,-3.6380937777569216,0.3558336689761791,-4.365284813166733,-2.9337645729092725,30,1.5459164105693709e-24,2.728087783357713e-23
parcel,79,auc,U-T,-0.26320301568969173,0.31874961704817584,-0.9043830665970292,0.3506536794085016,30,0.4089538982061809,0.4863673715038821
parcel,79,auc,S-U,-3.37489076206723,0.3306359887603717,-4.026606020009084,-2.751618484865037,30,1.8396839498875797e-24,3.199450347630573e-23
parcel,8,auc,S-T,-2.7302234220930837,0.37991724793329074,-3.4837426582312903,-2.0215710275020524,30,6.653977554575226e-13,3.0017943855226583e-12
parcel,8,auc,U-T,0.07048424607014703,0.36757150985360376,-0.667700447885291,0.7435366145326459,30,0.8479329042306177,0.8794464002391886
parcel,8,auc,S-U,-2.8007076681632306,0.3134661557149934,-3.4220342556359333,-2.190866590186533,30,4.0850120690548343e-19,3.4279821558502105e-18
parcel,80,auc,S-T,-4.365073178603346,0.41533649214265067,-5.163887702745081,-3.5256381123817295,30,7.791870937049979e-26,1.8254803542339678e-24
parcel,80,auc,U-T,0.013324345282743578,0.3926874852518011,-0.7802906574851173,0.7961890754070045,30,0.9729320385160284,0.9802841697894492
parcel,80,auc,S-U,-4.37839752388609,0.37367073082491603,-5.114662529306958,-3.673385428845252,30,1.039795357287558e-31,8.912531633893354e-30
parcel,81,auc,S-T,-4.213900532586341,0.4717707459094381,-5.128596763756939,-3.2918197111098215,30,4.180210044321885e-19,3.483508370268237e-18
parcel,81,auc,U-T,0.28918738831602897,0.40148109111848523,-0.4996503093788223,1.0572415040625045,30,0.47133944861332266,0.5460383743015973
parcel,81,auc,S-U,-4.50308792090237,0.41872482074346407,-5.340574518400663,-3.712133904585955,30,5.656830043111198e-27,1.6162371551746281e-25
parcel,82,auc,S-T,-3.5677267515945363,0.3843522292867172,-4.322682794069593,-2.8095122078713444,30,1.656400721108556e-20,1.6427114589506342e-19
parcel,82,auc,U-T,0.14696864277801885,0.344465791580367,-0.5317638393239895,0.7944245965046365,30,0.6696293826846538,0.7285179140721527
parcel,82,auc,S-U,-3.7146953943725554,0.3517511977932835,-4.416122963195504,-3.038646399275543,30,4.5386629468880915e-26,1.111509293115451e-24
parcel,83,auc,S-T,-3.161021303916189,0.4435569483344795,-4.027440418108941,-2.322968005482313,30,1.029318151520497e-12,4.541109492002193e-12
parcel,83,auc,U-T,0.5313039672092253,0.3658909759244578,-0.19807382174200838,1.2156046071881723,30,0.1464786032884028,0.19530480438453704
parcel,83,auc,S-U,-3.6923252711254144,0.3522072425561065,-4.388431769808337,-3.0008964651916497,30,1.0298658363115831e-25,2.2885907473590734e-24
parcel,84,auc,S-T,-2.007742973929106,0.33133527552281716,-2.6571449724585454,-1.359968495920995,30,1.3650211068711036e-09,4.475479038921651e-09
parcel,84,auc,U-T,0.3920241331281586,0.22542922552430492,-0.06218900364766173,0.842883506922204,30,0.08203264843317008,0.11513354166058959
parcel,84,auc,S-U,-2.3997671070572646,0.2200486972133011,-2.831009291039527,-1.9958953579361403,30,1.0835407027539751e-27,3.514186062985865e-26
parcel,85,auc,S-T,-2.338332915163632,0.3935116094785687,-3.114525303867287,-1.5760770542416813,30,2.8118612385036394e-09,8.95022144881795e-09
parcel,85,auc,U-T,0.7296830612172089,0.2877674213443181,0.15518653108992572,1.2928235143184563,30,0.01122326133814752,0.018102034416366968
parcel,85,auc,S-U,-3.068015976380841,0.2691705913887883,-3.6019920129495198,-2.558575322441299,30,4.2766003778416695e-30,2.2312697623521754e-28
parcel,86,auc,S-T,-2.597468220054846,0.47911543114421534,-3.566868457163412,-1.670568431149461,30,5.913972171637188e-08,1.6977910540585227e-07
parcel,86,auc,U-T,-0.01433506080164955,0.4586973842209037,-0.9173949597513431,0.862294146278755,30,0.9750688306716401,0.9811658937875561
parcel,86,auc,S-U,-2.5831331592531965,0.3715494150314645,-3.3109703292628194,-1.86978095691114,30,3.5930844856768027e-12,1.481684323990434e-11
parcel,87,auc,S-T,-3.9679801073128544,0.4721793907827379,-4.902085171254585,-3.042587725250054,30,4.332037954794552e-17,2.9536622419053764e-16
parcel,87,auc,U-T,-0.19412863025331203,0.39328097734557155,-0.9654499276981586,0.5762310853212009,30,0.6215794691493512,0.6843076724580014
parcel,87,auc,S-U,-3.7738514770595426,0.3796839390866616,-4.5288973193484825,-3.0547627812162896,30,2.8035638855795565e-23,3.9579725443476094e-22
parcel,88,auc,S-T,-3.2252008083659254,0.472069471485754,-4.174699496285664,-2.320061039167036,30,8.371142205088125e-12,3.359655734483528e-11
parcel,88,auc,U-T,0.12322470045168708,0.41448433364792275,-0.692684694442345,0.8975362048242461,30,0.7662402294794611,0.8144271703944671
parcel,88,auc,S-U,-3.3484255088176123,0.38749689888497085,-4.125655915056446,-2.5836229365026373,30,5.564159804644592e-18,4.173119853483444e-17
parcel,89,auc,S-T,-3.1881624996122544,0.45440573304986376,-4.078538036816345,-2.3013432524010793,30,2.28123680793537e-12,9.472263562361397e-12
parcel,89,auc,U-T,0.0021681513009402633,0.35549821067838316,-0.676566908337779,0.6804395308377409,30,0.9951338046944781,0.9951764354860635
parcel,89,auc,S-U,-3.190330650913195,0.34989609993301996,-3.887908890776054,-2.5191844103191547,30,7.656779369413422e-20,6.856817345743363e-19
parcel,9,auc,S-T,-1.8445828403742528,0.4386107408246848,-2.739998194377549,-1.0393521601658893,30,2.6049148639443392e-05,5.8757478134082836e-05
parcel,9,auc,U-T,0.7960167266601914,0.3734162173808502,0.07339864252155404,1.5217204692871702,30,0.03303033254323907,0.049669672997351984
parcel,9,auc,S-U,-2.640599567034444,0.32447344759563185,-3.2830750836157225,-2.0088941311331503,30,4.015066338612775e-16,2.55826628529884e-15
parcel,90,auc,S-T,-5.0181149445853395,0.46801971646570967,-5.968714841615067,-4.125280036295711,30,8.023502643657781e-27,2.1868330160666043e-25
parcel,90,auc,U-T,-0.7309261806863095,0.41289981292545624,-1.5158009037809255,0.07718644984073114,30,0.07668942050788538,0.1082674171876029
parcel,90,auc,S-U,-4.28718876389903,0.4257582012790246,-5.146924365372355,-3.4820619999869304,30,7.533042532312538e-24,1.1894277682598743e-22
parcel,91,auc,S-T,-2.3259967686545395,0.3553167012053888,-3.0883748893270706,-1.622547133881128,30,5.899443507118724e-11,2.1782560641669138e-10
parcel,91,auc,U-T,-0.013055215880063663,0.37217211475323453,-0.7521361165828121,0.7036569631171241,30,0.9720171960393694,0.9801854077707928
parcel,91,auc,S-U,-2.312941552774476,0.28293689715481807,-2.862900344830415,-1.7474360355700207,30,2.9645257538643524e-16,1.90236946772044e-15
parcel,92,auc,S-T,-2.736543305317015,0.36830289025491736,-3.462320041788854,-2.0113161716721155,30,1.0847997339243419e-13,5.35703572308317e-13
parcel,92,auc,U-T,0.8180543659137078,0.3219577745158556,0.18490901372919624,1.4395016657697122,30,0.011057553695668106,0.017906969547640657
parcel,92,auc,S-U,-3.554597671230723,0.29758218645830703,-4.149851833717361,-3.009301264920017,30,6.901042478289017e-33,6.901042478289017e-31
parcel,93,auc,S-T,-2.507227994336075,0.6003932219111892,-3.703338096508174,-1.3351552912915456,30,2.9671043265050648e-05,6.630400729620256e-05
parcel,93,auc,U-T,-0.06288275089177522,0.5824702923590205,-1.1905732282950674,1.0808709268454137,30,0.9140284324043617,0.9346412766795176
parcel,93,auc,S-U,-2.4443452434443,0.4160695253551455,-3.2445723182052677,-1.6268298143547677,30,4.232313524281783e-09,1.3330121336320576e-08
parcel,94,auc,S-T,-4.301833808726818,0.41894287896106985,-5.152412519729062,-3.485096576367412,30,9.790841300348246e-25,1.864922152447285e-23
parcel,94,auc,U-T,0.08146354261447941,0.32125749814208343,-0.5642754377103083,0.702546939687628,30,0.7998222951297298,0.8426573785387848
parcel,94,auc,S-U,-4.383297351341298,0.37357557830841204,-5.134419084138649,-3.7022861667771165,30,8.597502557765809e-32,7.936156207168439e-30
parcel,95,auc,S-T,-5.436839744925822,0.6110283624341468,-6.679701271771567,-4.277148602621368,30,5.693803480854376e-19,4.712113225534657e-18
parcel,95,auc,U-T,-0.2534235101011686,0.48475475459964423,-1.186017243215515,0.6868719123639903,30,0.6011224496046026,0.6666792417056591
parcel,95,auc,S-U,-5.183416234824653,0.47462965347515573,-6.135939889902097,-4.308616287735082,30,9.151312503937377e-28,3.137592858492815e-26
parcel,96,auc,S-T,0.28968297647839636,0.512726762721757,-0.71990249572466,1.2666567842200438,30,0.5720839052516757,0.6380117902435045
parcel,96,auc,U-T,0.36448719970858107,0.5908867310228721,-0.816063492537562,1.4870406679544206,30,0.5373350982209637,0.6083038847784494
parcel,96,auc,S-U,-0.07480422323018471,0.3552224681947045,-0.8042274123934168,0.60247965695079,30,0.833211777693887,0.8671761779988416
parcel,97,auc,S-T,-0.735628973737713,0.30111377073458595,-1.3395113591118657,-0.12337331999822632,30,0.01456466076398144,0.022966613556869554
parcel,97,auc,U-T,0.4463215731527873,0.25846006075013106,-0.053850336472410804,0.9518598785840393,30,0.08419473310862904,0.11797339968698632
parcel,97,auc,S-U,-1.1819505468905003,0.19199181693625894,-1.5655305743475798,-0.8144483561767468,30,7.44853464251999e-10,2.4897608832935897e-09
parcel,98,auc,S-T,-2.2487764041092766,0.29548413912309235,-2.8465240452734952,-1.6757493500383267,30,2.7307787247427166e-14,1.4499710042881682e-13
parcel,98,auc,U-T,0.08224580195810187,0.20617780664242724,-0.32252832722090397,0.486508612742093,30,0.6899616180605717,0.7445628971876673
parcel,98,auc,S-U,-2.3310222060673786,0.23225437555878428,-2.8211277853571737,-1.9046001208333305,30,1.0534052907782024e-23,1.6001093024479023e-22
parcel,99,auc,S-T,-1.3640870107549738,0.32469304792483045,-2.012303953989339,-0.7229130657676509,30,2.6555239697412454e-05,5.967469594924147e-05
parcel,99,auc,U-T,0.20613153850989152,0.3161881442045879,-0.3826091758999014,0.8536606065139933,30,0.5144483676910606,0.5868232331076737
parcel,99,auc,S-U,-1.5702185492648653,0.24370962724659542,-2.0437588800340407,-1.107570067861556,30,1.1714286644408598e-10,4.202644384617606e-10
